system|sub_system|sub_sub_system|root_cause|department
Generator Set|Volvo 100kVa|AMF Board|Relay, Timer, loose connection, Under voltage relay faulty|WS10
Generator Set|Volvo 100kVa|Engine|Engine oil, filter & Coolant leak|WS10
Generator Set|Volvo 100kVa|Alternator|Insulation is cracked or brittle|WS10
Generator Set|Volvo 100kVa|Battery|Charger card failure, power supply failure, Battery faulty|WS10
Generator Set|Volvo 175kVa|AMF Board|Relay, Timer, loose connection, Under voltage relay faulty|WS10
Generator Set|Volvo 175kVa|Engine|Engine oil, filter & Coolant leak|WS10
Generator Set|Volvo 175kVa|Alternator|Insulation is cracked or brittle|WS10
Generator Set|Volvo 175kVa|Battery|Charger card failure, power supply failure, Battery faulty|WS10
Generator Set|Volvo 250kVa|AMF Board|Relay, Timer, loose connection, Under voltage relay faulty|WS10
Generator Set|Volvo 250kVa|Engine|Engine oil, filter & Coolant leak|WS10
Generator Set|Volvo 250kVa|Alternator|Insulation is cracked or brittle|WS10
Generator Set|Volvo 250kVa|Battery|Charger card failure, power supply failure, Battery faulty|WS10
Generator Set|Volvo 300kVa|AMF Board|Relay, Timer, loose connection, Under voltage relay faulty|WS10
Generator Set|Volvo 300kVa|Engine|Engine oil, filter & Coolant leak|WS10
Generator Set|Volvo 300kVa|Alternator|Insulation is cracked or brittle|WS10
Generator Set|Volvo 300kVa|Battery|Charger card failure, power supply failure, Battery faulty|WS10
Generator Set|Mitsubishi 1000kVa|AMF Board|Relay, Timer, loose connection, Under voltage relay faulty|WS10
Generator Set|Mitsubishi 1000kVa|Engine|Engine oil, filter & Coolant leak|WS10
Generator Set|Mitsubishi 1000kVa|Alternator|Insulation is cracked or brittle|WS10
Generator Set|Mitsubishi 1000kVa|Battery|Charger card failure, power supply failure, Battery faulty|WS10
UPS|40 KVA (Station)|Board|Capasitor burn, Power surge|WS10
UPS|40 KVA (Station)|Battery|Charger card failure, power supply failure, Battery faulty|WS10
UPS|40 KVA (Station)|Display Panel|power supply failure, Display panel faulty|WS10
UPS|40 KVA (Station)|MCB|Mechanical fault, Overload tripping|WS10
UPS|40 KVA (Station)|Cable|Insulation is cracked or brittle, Cable fault|WS10
UPS|40 KVA (Station)|Cable Lugs|Cable lugs loose|WS10
UPS|40 KVA (Station)|Module|power supply failure, Fuse blown|WS10
UPS|40 KVA (Station)|Fuse|Blown fuse|WS10
UPS|10 KVA (TPSS SSZ)|Board|Capasitor burn, Power surge|WS10
UPS|10 KVA (TPSS SSZ)|Battery|Charger card failure, power supply failure, Battery faulty|WS10
UPS|10 KVA (TPSS SSZ)|Display Panel|power supply failure, Display panel faulty|WS10
UPS|10 KVA (TPSS SSZ)|MCB|Mechanical fault, Overload tripping|WS10
UPS|10 KVA (TPSS SSZ)|Cable|Insulation is cracked or brittle, Cable fault|WS10
UPS|10 KVA (TPSS SSZ)|Cable Lugs|Cable lugs loose|WS10
UPS|10 KVA (TPSS SSZ)|Fuse|Blown fuse|WS10
UPS|30 KVA (DCC)|Board|Capasitor burn, Power surge|WS10
UPS|30 KVA (DCC)|Battery|Charger card failure, power supply failure, Battery faulty|WS10
UPS|30 KVA (DCC)|Display Panel|power supply failure, Display panel faulty|WS10
UPS|30 KVA (DCC)|MCB|Mechanical fault, Overload tripping|WS10
UPS|30 KVA (DCC)|Cable|Insulation is cracked or brittle, Cable fault|WS10
UPS|30 KVA (DCC)|Female Terminal Lugs|Cable lugs loose|WS10
UPS|30 KVA (DCC)|Module|power supply failure, Fuse blown|WS10
UPS|30 KVA (DCC)|Fuse|Blown fuse|WS10
UPS|40 KVA (OCC)|Board|Capasitor burn, Power surge|WS10
UPS|40 KVA (OCC)|Battery|Charger card failure, power supply failure, Battery faulty|WS10
UPS|40 KVA (OCC)|Display Panel|power supply failure, Display panel faulty|WS10
UPS|40 KVA (OCC)|MCB|Mechanical fault, Overload tripping|WS10
UPS|40 KVA (OCC)|Cable|Insulation is cracked or brittle, Cable fault|WS10
UPS|40 KVA (OCC)|Female Terminal Lugs|Cable lugs loose|WS10
UPS|40 KVA (OCC)|Module|power supply failure, Fuse blown|WS10
UPS|40 KVA (OCC)|Fuse|Blown fuse|WS10
Transformer|1500 kVA Service Transformer|Tank Structure|Oil leak|WS10
Transformer|1500 kVA Service Transformer|Cooling System (kVAW)|Coolant leak|WS10
Transformer|1500 kVA Service Transformer|Core & Winding Assembly|Winding faulty|WS10
Transformer|1500 kVA Service Transformer|High Voltage System (11kV)|Bushing leak|WS10
Transformer|1500 kVA Service Transformer|Low Voltage (415V)|Bushing leak|WS10
Transformer|1500 kVA Service Transformer|Monitoring & Protecting System|Protection relay tripping|WS10
Transformer|2200 kVA Rectifier Transformer|Tank Structure|Oil leak|WS10
Transformer|2200 kVA Rectifier Transformer|Cooling System (kVAW)|Coolant leak|WS10
Transformer|2200 kVA Rectifier Transformer|Core & Winding Assembly|Winding faulty|WS10
Transformer|2200 kVA Rectifier Transformer|High Voltage System (11kV)|Bushing leak|WS10
Transformer|2200 kVA Rectifier Transformer|Low Voltage (415V)|Bushing leak|WS10
Transformer|2200 kVA Rectifier Transformer|Monitoring & Protecting System|Protection relay tripping|WS10
Transformer|1000kVA Generator Transformer|Tank Structure|Oil leak|WS10
Transformer|1000kVA Generator Transformer|Cooling System (kVAW)|Coolant leak|WS10
Transformer|1000kVA Generator Transformer|Core & Winding Assembly|Winding faulty|WS10
Transformer|1000kVA Generator Transformer|High Voltage System (11kV)|Bushing leak|WS10
Transformer|1000kVA Generator Transformer|Low Voltage (415V)|Bushing leak|WS10
Transformer|1000kVA Generator Transformer|Monitoring & Protecting System|Protection relay tripping|WS10
Load Break Switch|Front control panel|Control Switches|Unstable control power supply 110VDC / incoming supply 240VAC|WS10
Load Break Switch|Front control panel|Push button|Faulty auxiliary contacts|WS10
Load Break Switch|Front control panel|Indicators light|Bulb / LED faulty|WS10
Load Break Switch|Front control panel|Measuring Devices|No display / dead meter|WS10
Load Break Switch|Internal Wiring & Control|Protection|Loose termination|WS10
Load Break Switch|Switch - Disconnectors (LMS)|Operate Interface|Control relay malfunction|WS10
Load Break Switch|Switch - Disconnectors (LMS)|Keyed Emergency Mechanism|Control circuit failure, Motorized weak|WS10
Load Break Switch|Power Indicator Light|Power Indicator Light Control Panel|Loose wiring at terminal relay and MCCB,power supply failure|WS10
Load Break Switch|Power Indicator Light|Becon light|power supply failure, Cable melting|WS10
Low Voltage|MSB|MCCB|Short circuits, MCCB trip|WS10
Low Voltage|MSB|Capacitor Bank|Loose cable termination, PFR faulty, Cap bank faulty|WS10
Low Voltage|MSB|Automatic Transfer Switch (ATS)|Burn contacts, loose power cable terminations|WS10
Low Voltage|MSB|Current Transformer|Open circuits, CT faulty|WS10
Low Voltage|MSB|Surge Protection Device (SPD)|Loose earth connection, Mulfuction SPD|WS10
Low Voltage|EMSB|MCCB|Short circuits, MCCB trip|WS10
Low Voltage|EMSB|Capacitor Bank|Loose cable termination, PFR faulty, Cap bank faulty|WS10
Low Voltage|EMSB|Automatic Transfer Switch (ATS)|Burn contacts, loose power cable terminations|WS10
Low Voltage|EMSB|Current Transformer|Open circuits, CT faulty|WS10
Low Voltage|EMSB|Surge Protection Device (SPD)|Loose earth connection, Mulfuction SPD|WS10
Low Voltage|Earthing|MCCB|Short circuits, MCCB trip|WS10
Low Voltage|Earthing|Capacitor Bank|Loose cable termination, PFR faulty, Cap bank faulty|WS10
Low Voltage|Earthing|Automatic Transfer Switch (ATS)|Burn contacts, loose power cable terminations|WS10
Low Voltage|Earthing|Current Transformer|Open circuits, CT faulty|WS10
Low Voltage|Earthing|Surge Protection Device (SPD)|Loose earth connection, Mulfuction SPD|WS10
Blue Light System|Blue Light Station|Relay|Relay coil resistance and relay contacts|WS10
Blue Light System|Blue Light Station|MCB|Short circuits, MCB trip|WS10
Blue Light System|Blue Light Station|Terminal Block|loose termination|WS10
Blue Light System|BLRP|Relay|Relay coil resistance and relay contacts|WS10
Blue Light System|BLRP|MCB|Short circuits, MCB trip|WS10
Blue Light System|BLRP|Terminal Block|loose termination|WS10
Blue Light System|Junction Box|Relay|Relay coil resistance and relay contacts|WS10
Blue Light System|Junction Box|MCB|Short circuits, MCB trip|WS10
Blue Light System|Junction Box|Terminal Block|loose termination|WS10
Stinger|Stinger Panel|MCCB Compartment|Short circuits, MCCB trip|WS10
Stinger|Stinger Panel|Stinger Control Circuit|Power supply failure, Protection tripping|WS10
Stinger|Stinger Plug & Soket|MCCB Compartment|Short circuits, MCCB trip|WS10
Stinger|Stinger Plug & Soket|Stinger Plug|Stinger plug & cable gland damage, loose termination|WS10
TPSS|750 VDC Switchgear|Feeder 1|Protection relay faulty, Protection tripping|WS10
TPSS|750 VDC Switchgear|Feeder 2|Protection relay faulty, Protection tripping|WS10
TPSS|750 VDC Switchgear|Feeder 3|Protection relay faulty, Protection tripping|WS10
TPSS|750 VDC Switchgear|Feeder 4|Protection relay faulty, Protection tripping|WS10
TPSS|750 VDC Switchgear|Feeder AARU|Feeder trip, Control supply failure|WS10
TPSS|AARU|Display Panel|Power supply failure|WS10
TPSS|AARU|Power Supply|Power tripping|WS10
TPSS|AARU|AARU Controller|Power supply failure, IGBT faulty|WS10
TPSS|AARU|Resistor Bank|Loose terminal connections, Increase reading|WS10
TPSS|11 kV VCB Switchgear|Circuit Breaker|Breaker trip, Earth fault relay trip, overcurrent trip|WS10
TPSS|11 kV VCB Switchgear|Instrument|Open circuit in CT secondary|WS10
TPSS|11 kV VCB Switchgear|Cable|Cable fault, loose connection|WS10
TPSS|11 kV VCB Switchgear|CT/VT/PT|Protection relay failure, Open circuit, CT/VT/PT fault|WS10
TPSS|2000 kW Rectifier|Control System|Power supply failure, equipment faulty|WS10
TPSS|2000 kW Rectifier|Main Power Conversion|Overcurrent,DC short circuit|WS10
TPSS|2000 kW Rectifier|Control & Instrument Panel|Power supply failure, equipment faulty|WS10
TPSS|110 VDC Charger (Battery System)|Panel 10A/20A|Power supply failure, equipment faulty|WS10
TPSS|110 VDC Charger (Battery System)|Battery 1.2V|Battery faulty|WS10
TPSS|110 VDC Charger (Battery System)|DC Charager|Charger failure / faulty|WS10
PAGS|Door / Panel|Fixed Screen|Sliding door misalign|WS20
PAGS|Door / Panel|Fixed Screen|Sliding door crack|WS20
PAGS|Door / Panel|Fixed Screen|Fixed screen crack|WS20
PAGS|Door / Panel|Body Frame Right|Sliding door misalign|WS20
PAGS|Door / Panel|Body Frame Right|Sliding door crack|WS20
PAGS|Door / Panel|Body Frame Right|Fixed screen crack|WS20
PAGS|Door / Panel|Motorized Sliding Door Right & Tinted|Sliding door misalign|WS20
PAGS|Door / Panel|Motorized Sliding Door Right & Tinted|Sliding door crack|WS20
PAGS|Door / Panel|Motorized Sliding Door Right & Tinted|Fixed screen crack|WS20
PAGS|Door / Panel|Body Frame Left|Sliding door misalign|WS20
PAGS|Door / Panel|Body Frame Left|Sliding door crack|WS20
PAGS|Door / Panel|Body Frame Left|Fixed screen crack|WS20
PAGS|Door / Panel|Motorized Sliding Door Left & Tinted|Sliding door misalign|WS20
PAGS|Door / Panel|Motorized Sliding Door Left & Tinted|Sliding door crack|WS20
PAGS|Door / Panel|Motorized Sliding Door Left & Tinted|Fixed screen crack|WS20
PAGS|(DCU) Door Control Unit|DCU Right|No power from incoming supply|WS20
PAGS|(DCU) Door Control Unit|DCU Right|Door crack|WS20
PAGS|(DCU) Door Control Unit|DCU Right|Door faulty|WS20
PAGS|(DCU) Door Control Unit|DCU Left|No power from incoming supply|WS20
PAGS|(DCU) Door Control Unit|DCU Left|Door crack|WS20
PAGS|(DCU) Door Control Unit|DCU Left|Door faulty|WS20
PAGS|(LCU) Local Control Unit|LCU Miniature Circuit Breaker, 2 Pole, 6A|Power lost due to RCCB tripped|WS20
PAGS|(LCU) Local Control Unit|LCU Miniature Circuit Breaker, 2 Pole, 6A|HMI hang|WS20
PAGS|(LCU) Local Control Unit|LCU Miniature Circuit Breaker, 2 Pole, 6A|No connection on LCU network|WS20
PAGS|(LCU) Local Control Unit|LCU Miniature Circuit Breaker, 2 Pole, 6A|Power supply burst|WS20
PAGS|(LCU) Local Control Unit|LCU Miniature Circuit Breaker, 2 Pole, 6A|MCB issue|WS20
PAGS|(LCU) Local Control Unit|LCU Miniature Circuit Breaker, 2 Pole, 6A|Relay issue|WS20
PAGS|(LCU) Local Control Unit|LCU Miniature Circuit Breaker, 2 Pole, 6A|Selector switch broken|WS20
PAGS|(LCU) Local Control Unit|LCU Miniature Circuit Breaker, 2 Pole, 6A|PLC hang|WS20
PAGS|(LCU) Local Control Unit|LCU Miniature Circuit Breaker, 2 Pole, 6A|Push button broken|WS20
PAGS|(LCU) Local Control Unit|LCU Miniature Circuit Breaker, 2 Pole, 6A|Diode broken|WS20
PAGS|(LCU) Local Control Unit|G1 - DIN rail power supply 90W, 24VDC, 3.8A|Power lost due to RCCB tripped|WS20
PAGS|(LCU) Local Control Unit|G1 - DIN rail power supply 90W, 24VDC, 3.8A|HMI hang|WS20
PAGS|(LCU) Local Control Unit|G1 - DIN rail power supply 90W, 24VDC, 3.8A|No connection on LCU network|WS20
PAGS|(LCU) Local Control Unit|G1 - DIN rail power supply 90W, 24VDC, 3.8A|Power supply burst|WS20
PAGS|(LCU) Local Control Unit|G1 - DIN rail power supply 90W, 24VDC, 3.8A|MCB issue|WS20
PAGS|(LCU) Local Control Unit|G1 - DIN rail power supply 90W, 24VDC, 3.8A|Relay issue|WS20
PAGS|(LCU) Local Control Unit|G1 - DIN rail power supply 90W, 24VDC, 3.8A|Selector switch broken|WS20
PAGS|(LCU) Local Control Unit|G1 - DIN rail power supply 90W, 24VDC, 3.8A|PLC hang|WS20
PAGS|(LCU) Local Control Unit|G1 - DIN rail power supply 90W, 24VDC, 3.8A|Push button broken|WS20
PAGS|(LCU) Local Control Unit|G1 - DIN rail power supply 90W, 24VDC, 3.8A|Diode broken|WS20
PAGS|(LCU) Local Control Unit|Diode redundancy module|Power lost due to RCCB tripped|WS20
PAGS|(LCU) Local Control Unit|Diode redundancy module|HMI hang|WS20
PAGS|(LCU) Local Control Unit|Diode redundancy module|No connection on LCU network|WS20
PAGS|(LCU) Local Control Unit|Diode redundancy module|Power supply burst|WS20
PAGS|(LCU) Local Control Unit|Diode redundancy module|MCB issue|WS20
PAGS|(LCU) Local Control Unit|Diode redundancy module|Relay issue|WS20
PAGS|(LCU) Local Control Unit|Diode redundancy module|Selector switch broken|WS20
PAGS|(LCU) Local Control Unit|Diode redundancy module|PLC hang|WS20
PAGS|(LCU) Local Control Unit|Diode redundancy module|Push button broken|WS20
PAGS|(LCU) Local Control Unit|Diode redundancy module|Diode broken|WS20
PAGS|(LCU) Local Control Unit|Programmable gateway, 24VDC|Power lost due to RCCB tripped|WS20
PAGS|(LCU) Local Control Unit|Programmable gateway, 24VDC|HMI hang|WS20
PAGS|(LCU) Local Control Unit|Programmable gateway, 24VDC|No connection on LCU network|WS20
PAGS|(LCU) Local Control Unit|Programmable gateway, 24VDC|Power supply burst|WS20
PAGS|(LCU) Local Control Unit|Programmable gateway, 24VDC|MCB issue|WS20
PAGS|(LCU) Local Control Unit|Programmable gateway, 24VDC|Relay issue|WS20
PAGS|(LCU) Local Control Unit|Programmable gateway, 24VDC|Selector switch broken|WS20
PAGS|(LCU) Local Control Unit|Programmable gateway, 24VDC|PLC hang|WS20
PAGS|(LCU) Local Control Unit|Programmable gateway, 24VDC|Push button broken|WS20
PAGS|(LCU) Local Control Unit|Programmable gateway, 24VDC|Diode broken|WS20
PAGS|(LCU) Local Control Unit|"10"" Display HMI/PLC"|Power lost due to RCCB tripped|WS20
PAGS|(LCU) Local Control Unit|"10"" Display HMI/PLC"|HMI hang|WS20
PAGS|(LCU) Local Control Unit|"10"" Display HMI/PLC"|No connection on LCU network|WS20
PAGS|(LCU) Local Control Unit|"10"" Display HMI/PLC"|Power supply burst|WS20
PAGS|(LCU) Local Control Unit|"10"" Display HMI/PLC"|MCB issue|WS20
PAGS|(LCU) Local Control Unit|"10"" Display HMI/PLC"|Relay issue|WS20
PAGS|(LCU) Local Control Unit|"10"" Display HMI/PLC"|Selector switch broken|WS20
PAGS|(LCU) Local Control Unit|"10"" Display HMI/PLC"|PLC hang|WS20
PAGS|(LCU) Local Control Unit|"10"" Display HMI/PLC"|Push button broken|WS20
PAGS|(LCU) Local Control Unit|"10"" Display HMI/PLC"|Diode broken|WS20
PAGS|(LCU) Local Control Unit|Fast Industrial Hotspot RLX2|Power lost due to RCCB tripped|WS20
PAGS|(LCU) Local Control Unit|Fast Industrial Hotspot RLX2|HMI hang|WS20
PAGS|(LCU) Local Control Unit|Fast Industrial Hotspot RLX2|No connection on LCU network|WS20
PAGS|(LCU) Local Control Unit|Fast Industrial Hotspot RLX2|Power supply burst|WS20
PAGS|(LCU) Local Control Unit|Fast Industrial Hotspot RLX2|MCB issue|WS20
PAGS|(LCU) Local Control Unit|Fast Industrial Hotspot RLX2|Relay issue|WS20
PAGS|(LCU) Local Control Unit|Fast Industrial Hotspot RLX2|Selector switch broken|WS20
PAGS|(LCU) Local Control Unit|Fast Industrial Hotspot RLX2|PLC hang|WS20
PAGS|(LCU) Local Control Unit|Fast Industrial Hotspot RLX2|Push button broken|WS20
PAGS|(LCU) Local Control Unit|Fast Industrial Hotspot RLX2|Diode broken|WS20
PAGS|(LCU) Local Control Unit|8 Digital Inputs Module, 24VDC, PNP, pushin terminal|Power lost due to RCCB tripped|WS20
PAGS|(LCU) Local Control Unit|8 Digital Inputs Module, 24VDC, PNP, pushin terminal|HMI hang|WS20
PAGS|(LCU) Local Control Unit|8 Digital Inputs Module, 24VDC, PNP, pushin terminal|No connection on LCU network|WS20
PAGS|(LCU) Local Control Unit|8 Digital Inputs Module, 24VDC, PNP, pushin terminal|Power supply burst|WS20
PAGS|(LCU) Local Control Unit|8 Digital Inputs Module, 24VDC, PNP, pushin terminal|MCB issue|WS20
PAGS|(LCU) Local Control Unit|8 Digital Inputs Module, 24VDC, PNP, pushin terminal|Relay issue|WS20
PAGS|(LCU) Local Control Unit|8 Digital Inputs Module, 24VDC, PNP, pushin terminal|Selector switch broken|WS20
PAGS|(LCU) Local Control Unit|8 Digital Inputs Module, 24VDC, PNP, pushin terminal|PLC hang|WS20
PAGS|(LCU) Local Control Unit|8 Digital Inputs Module, 24VDC, PNP, pushin terminal|Push button broken|WS20
PAGS|(LCU) Local Control Unit|8 Digital Inputs Module, 24VDC, PNP, pushin terminal|Diode broken|WS20
PAGS|(LCU) Local Control Unit|8 Digital Output Module, 24VDC, max. 0.5A, PNP, pushin terminal|Power lost due to RCCB tripped|WS20
PAGS|(LCU) Local Control Unit|8 Digital Output Module, 24VDC, max. 0.5A, PNP, pushin terminal|HMI hang|WS20
PAGS|(LCU) Local Control Unit|8 Digital Output Module, 24VDC, max. 0.5A, PNP, pushin terminal|No connection on LCU network|WS20
PAGS|(LCU) Local Control Unit|8 Digital Output Module, 24VDC, max. 0.5A, PNP, pushin terminal|Power supply burst|WS20
PAGS|(LCU) Local Control Unit|8 Digital Output Module, 24VDC, max. 0.5A, PNP, pushin terminal|MCB issue|WS20
PAGS|(LCU) Local Control Unit|8 Digital Output Module, 24VDC, max. 0.5A, PNP, pushin terminal|Relay issue|WS20
PAGS|(LCU) Local Control Unit|8 Digital Output Module, 24VDC, max. 0.5A, PNP, pushin terminal|Selector switch broken|WS20
PAGS|(LCU) Local Control Unit|8 Digital Output Module, 24VDC, max. 0.5A, PNP, pushin terminal|PLC hang|WS20
PAGS|(LCU) Local Control Unit|8 Digital Output Module, 24VDC, max. 0.5A, PNP, pushin terminal|Push button broken|WS20
PAGS|(LCU) Local Control Unit|8 Digital Output Module, 24VDC, max. 0.5A, PNP, pushin terminal|Diode broken|WS20
PAGS|(LCU) Local Control Unit|Miniature plugin relay, 5A, 2 contact with LED, 24VDC|Power lost due to RCCB tripped|WS20
PAGS|(LCU) Local Control Unit|Miniature plugin relay, 5A, 2 contact with LED, 24VDC|HMI hang|WS20
PAGS|(LCU) Local Control Unit|Miniature plugin relay, 5A, 2 contact with LED, 24VDC|No connection on LCU network|WS20
PAGS|(LCU) Local Control Unit|Miniature plugin relay, 5A, 2 contact with LED, 24VDC|Power supply burst|WS20
PAGS|(LCU) Local Control Unit|Miniature plugin relay, 5A, 2 contact with LED, 24VDC|MCB issue|WS20
PAGS|(LCU) Local Control Unit|Miniature plugin relay, 5A, 2 contact with LED, 24VDC|Relay issue|WS20
PAGS|(LCU) Local Control Unit|Miniature plugin relay, 5A, 2 contact with LED, 24VDC|Selector switch broken|WS20
PAGS|(LCU) Local Control Unit|Miniature plugin relay, 5A, 2 contact with LED, 24VDC|PLC hang|WS20
PAGS|(LCU) Local Control Unit|Miniature plugin relay, 5A, 2 contact with LED, 24VDC|Push button broken|WS20
PAGS|(LCU) Local Control Unit|Miniature plugin relay, 5A, 2 contact with LED, 24VDC|Diode broken|WS20
PAGS|(LCU) Local Control Unit|Socket for RXM2 Relay|Power lost due to RCCB tripped|WS20
PAGS|(LCU) Local Control Unit|Socket for RXM2 Relay|HMI hang|WS20
PAGS|(LCU) Local Control Unit|Socket for RXM2 Relay|No connection on LCU network|WS20
PAGS|(LCU) Local Control Unit|Socket for RXM2 Relay|Power supply burst|WS20
PAGS|(LCU) Local Control Unit|Socket for RXM2 Relay|MCB issue|WS20
PAGS|(LCU) Local Control Unit|Socket for RXM2 Relay|Relay issue|WS20
PAGS|(LCU) Local Control Unit|Socket for RXM2 Relay|Selector switch broken|WS20
PAGS|(LCU) Local Control Unit|Socket for RXM2 Relay|PLC hang|WS20
PAGS|(LCU) Local Control Unit|Socket for RXM2 Relay|Push button broken|WS20
PAGS|(LCU) Local Control Unit|Socket for RXM2 Relay|Diode broken|WS20
PAGS|(LCU) Local Control Unit|Selector Switch, 2 position stay put, Ø22, 1 NO|Power lost due to RCCB tripped|WS20
PAGS|(LCU) Local Control Unit|Selector Switch, 2 position stay put, Ø22, 1 NO|HMI hang|WS20
PAGS|(LCU) Local Control Unit|Selector Switch, 2 position stay put, Ø22, 1 NO|No connection on LCU network|WS20
PAGS|(LCU) Local Control Unit|Selector Switch, 2 position stay put, Ø22, 1 NO|Power supply burst|WS20
PAGS|(LCU) Local Control Unit|Selector Switch, 2 position stay put, Ø22, 1 NO|MCB issue|WS20
PAGS|(LCU) Local Control Unit|Selector Switch, 2 position stay put, Ø22, 1 NO|Relay issue|WS20
PAGS|(LCU) Local Control Unit|Selector Switch, 2 position stay put, Ø22, 1 NO|Selector switch broken|WS20
PAGS|(LCU) Local Control Unit|Selector Switch, 2 position stay put, Ø22, 1 NO|PLC hang|WS20
PAGS|(LCU) Local Control Unit|Selector Switch, 2 position stay put, Ø22, 1 NO|Push button broken|WS20
PAGS|(LCU) Local Control Unit|Selector Switch, 2 position stay put, Ø22, 1 NO|Diode broken|WS20
PAGS|(LCU) Local Control Unit|Push Button, flush green, Ø22, spring return 1NO|Power lost due to RCCB tripped|WS20
PAGS|(LCU) Local Control Unit|Push Button, flush green, Ø22, spring return 1NO|HMI hang|WS20
PAGS|(LCU) Local Control Unit|Push Button, flush green, Ø22, spring return 1NO|No connection on LCU network|WS20
PAGS|(LCU) Local Control Unit|Push Button, flush green, Ø22, spring return 1NO|Power supply burst|WS20
PAGS|(LCU) Local Control Unit|Push Button, flush green, Ø22, spring return 1NO|MCB issue|WS20
PAGS|(LCU) Local Control Unit|Push Button, flush green, Ø22, spring return 1NO|Relay issue|WS20
PAGS|(LCU) Local Control Unit|Push Button, flush green, Ø22, spring return 1NO|Selector switch broken|WS20
PAGS|(LCU) Local Control Unit|Push Button, flush green, Ø22, spring return 1NO|PLC hang|WS20
PAGS|(LCU) Local Control Unit|Push Button, flush green, Ø22, spring return 1NO|Push button broken|WS20
PAGS|(LCU) Local Control Unit|Push Button, flush green, Ø22, spring return 1NO|Diode broken|WS20
PAGS|(LCU) Local Control Unit|Push Button, flush red, Ø22, spring return 1NO|Power lost due to RCCB tripped|WS20
PAGS|(LCU) Local Control Unit|Push Button, flush red, Ø22, spring return 1NO|HMI hang|WS20
PAGS|(LCU) Local Control Unit|Push Button, flush red, Ø22, spring return 1NO|No connection on LCU network|WS20
PAGS|(LCU) Local Control Unit|Push Button, flush red, Ø22, spring return 1NO|Power supply burst|WS20
PAGS|(LCU) Local Control Unit|Push Button, flush red, Ø22, spring return 1NO|MCB issue|WS20
PAGS|(LCU) Local Control Unit|Push Button, flush red, Ø22, spring return 1NO|Relay issue|WS20
PAGS|(LCU) Local Control Unit|Push Button, flush red, Ø22, spring return 1NO|Selector switch broken|WS20
PAGS|(LCU) Local Control Unit|Push Button, flush red, Ø22, spring return 1NO|PLC hang|WS20
PAGS|(LCU) Local Control Unit|Push Button, flush red, Ø22, spring return 1NO|Push button broken|WS20
PAGS|(LCU) Local Control Unit|Push Button, flush red, Ø22, spring return 1NO|Diode broken|WS20
PAGS|(LCU) Local Control Unit|5 port unmanaged Ethernet switches|Power lost due to RCCB tripped|WS20
PAGS|(LCU) Local Control Unit|5 port unmanaged Ethernet switches|HMI hang|WS20
PAGS|(LCU) Local Control Unit|5 port unmanaged Ethernet switches|No connection on LCU network|WS20
PAGS|(LCU) Local Control Unit|5 port unmanaged Ethernet switches|Power supply burst|WS20
PAGS|(LCU) Local Control Unit|5 port unmanaged Ethernet switches|MCB issue|WS20
PAGS|(LCU) Local Control Unit|5 port unmanaged Ethernet switches|Relay issue|WS20
PAGS|(LCU) Local Control Unit|5 port unmanaged Ethernet switches|Selector switch broken|WS20
PAGS|(LCU) Local Control Unit|5 port unmanaged Ethernet switches|PLC hang|WS20
PAGS|(LCU) Local Control Unit|5 port unmanaged Ethernet switches|Push button broken|WS20
PAGS|(LCU) Local Control Unit|5 port unmanaged Ethernet switches|Diode broken|WS20
PAGS|(LCU) Local Control Unit|Terminal Block|Power lost due to RCCB tripped|WS20
PAGS|(LCU) Local Control Unit|Terminal Block|HMI hang|WS20
PAGS|(LCU) Local Control Unit|Terminal Block|No connection on LCU network|WS20
PAGS|(LCU) Local Control Unit|Terminal Block|Power supply burst|WS20
PAGS|(LCU) Local Control Unit|Terminal Block|MCB issue|WS20
PAGS|(LCU) Local Control Unit|Terminal Block|Relay issue|WS20
PAGS|(LCU) Local Control Unit|Terminal Block|Selector switch broken|WS20
PAGS|(LCU) Local Control Unit|Terminal Block|PLC hang|WS20
PAGS|(LCU) Local Control Unit|Terminal Block|Push button broken|WS20
PAGS|(LCU) Local Control Unit|Terminal Block|Diode broken|WS20
PAGS|(PDB) Platform Distribution Box|Moulded case Circuit Breaker 4 Pole 50A|Power lost due to RCCB tripped|WS20
PAGS|(PDB) Platform Distribution Box|Moulded case Circuit Breaker 4 Pole 50A|HMI hang|WS20
PAGS|(PDB) Platform Distribution Box|Moulded case Circuit Breaker 4 Pole 50A|No connection on LCU network|WS20
PAGS|(PDB) Platform Distribution Box|Moulded case Circuit Breaker 4 Pole 50A|Power supply burst|WS20
PAGS|(PDB) Platform Distribution Box|Moulded case Circuit Breaker 4 Pole 50A|MCB issue|WS20
PAGS|(PDB) Platform Distribution Box|Moulded case Circuit Breaker 4 Pole 50A|Relay issue|WS20
PAGS|(PDB) Platform Distribution Box|Moulded case Circuit Breaker 4 Pole 50A|Selector switch broken|WS20
PAGS|(PDB) Platform Distribution Box|Moulded case Circuit Breaker 4 Pole 50A|PLC hang|WS20
PAGS|(PDB) Platform Distribution Box|Moulded case Circuit Breaker 4 Pole 50A|Push button broken|WS20
PAGS|(PDB) Platform Distribution Box|Moulded case Circuit Breaker 4 Pole 50A|Diode broken|WS20
PAGS|(PDB) Platform Distribution Box|Earth Leakage Breaker 3 Pole 30A|Power lost due to RCCB tripped|WS20
PAGS|(PDB) Platform Distribution Box|Earth Leakage Breaker 3 Pole 30A|HMI hang|WS20
PAGS|(PDB) Platform Distribution Box|Earth Leakage Breaker 3 Pole 30A|No connection on LCU network|WS20
PAGS|(PDB) Platform Distribution Box|Earth Leakage Breaker 3 Pole 30A|Power supply burst|WS20
PAGS|(PDB) Platform Distribution Box|Earth Leakage Breaker 3 Pole 30A|MCB issue|WS20
PAGS|(PDB) Platform Distribution Box|Earth Leakage Breaker 3 Pole 30A|Relay issue|WS20
PAGS|(PDB) Platform Distribution Box|Earth Leakage Breaker 3 Pole 30A|Selector switch broken|WS20
PAGS|(PDB) Platform Distribution Box|Earth Leakage Breaker 3 Pole 30A|PLC hang|WS20
PAGS|(PDB) Platform Distribution Box|Earth Leakage Breaker 3 Pole 30A|Push button broken|WS20
PAGS|(PDB) Platform Distribution Box|Earth Leakage Breaker 3 Pole 30A|Diode broken|WS20
PAGS|(PDB) Platform Distribution Box|1 Phase Overvoltage Protection Relay|Power lost due to RCCB tripped|WS20
PAGS|(PDB) Platform Distribution Box|1 Phase Overvoltage Protection Relay|HMI hang|WS20
PAGS|(PDB) Platform Distribution Box|1 Phase Overvoltage Protection Relay|No connection on LCU network|WS20
PAGS|(PDB) Platform Distribution Box|1 Phase Overvoltage Protection Relay|Power supply burst|WS20
PAGS|(PDB) Platform Distribution Box|1 Phase Overvoltage Protection Relay|MCB issue|WS20
PAGS|(PDB) Platform Distribution Box|1 Phase Overvoltage Protection Relay|Relay issue|WS20
PAGS|(PDB) Platform Distribution Box|1 Phase Overvoltage Protection Relay|Selector switch broken|WS20
PAGS|(PDB) Platform Distribution Box|1 Phase Overvoltage Protection Relay|PLC hang|WS20
PAGS|(PDB) Platform Distribution Box|1 Phase Overvoltage Protection Relay|Push button broken|WS20
PAGS|(PDB) Platform Distribution Box|1 Phase Overvoltage Protection Relay|Diode broken|WS20
PAGS|(PDB) Platform Distribution Box|Earthing Busbar|Power lost due to RCCB tripped|WS20
PAGS|(PDB) Platform Distribution Box|Earthing Busbar|HMI hang|WS20
PAGS|(PDB) Platform Distribution Box|Earthing Busbar|No connection on LCU network|WS20
PAGS|(PDB) Platform Distribution Box|Earthing Busbar|Power supply burst|WS20
PAGS|(PDB) Platform Distribution Box|Earthing Busbar|MCB issue|WS20
PAGS|(PDB) Platform Distribution Box|Earthing Busbar|Relay issue|WS20
PAGS|(PDB) Platform Distribution Box|Earthing Busbar|Selector switch broken|WS20
PAGS|(PDB) Platform Distribution Box|Earthing Busbar|PLC hang|WS20
PAGS|(PDB) Platform Distribution Box|Earthing Busbar|Push button broken|WS20
PAGS|(PDB) Platform Distribution Box|Earthing Busbar|Diode broken|WS20
PAGS|Light Curtain|Receiver IP65|Obstacle fault|WS20
PAGS|Light Curtain|Receiver IP65|Light curtain fault|WS20
PAGS|Light Curtain|Emitter IP65|Obstacle fault|WS20
PAGS|Light Curtain|Emitter IP65|Light curtain fault|WS20
PAGS|Sensor|Distance Measurement Sensor|SPS 1 sensor error|WS20
PAGS|Sensor|Distance Measurement Sensor|SPS 2 sensor error|WS20
PAGS|Sensor|Distance Measurement Sensor|DS 1 sensor error|WS20
PAGS|Sensor|Distance Measurement Sensor|DS 2 sensor error|WS20
PAGS|Sensor|Stop Position Sensor|SPS 1 sensor error|WS20
PAGS|Sensor|Stop Position Sensor|SPS 2 sensor error|WS20
PAGS|Sensor|Stop Position Sensor|DS 1 sensor error|WS20
PAGS|Sensor|Stop Position Sensor|DS 2 sensor error|WS20
PAGS|(EED) Emergency Exit Door|Panic Bar / Door Locking Panel|Glass crack / broken|WS20
PAGS|(EED) Emergency Exit Door|Panic Bar / Door Locking Panel|Locking panel broken|WS20
PAGS|(EED) Emergency Exit Door|Tempered Glass Panel|Glass crack / broken|WS20
PAGS|(EED) Emergency Exit Door|Tempered Glass Panel|Locking panel broken|WS20
PAGS|(EED) Emergency Exit Door|Hinge Door|Glass crack / broken|WS20
PAGS|(EED) Emergency Exit Door|Hinge Door|Locking panel broken|WS20
PAGS|(PED) Platform End Door|Panic Bar / Door Locking Panel|Glass crack / broken|WS20
PAGS|(PED) Platform End Door|Panic Bar / Door Locking Panel|Locking panel broken|WS20
PAGS|(PED) Platform End Door|Tempered Glass Panel|Glass crack / broken|WS20
PAGS|(PED) Platform End Door|Tempered Glass Panel|Locking panel broken|WS20
PAGS|(PED) Platform End Door|Hinge Door|Glass crack / broken|WS20
PAGS|(PED) Platform End Door|Hinge Door|Locking panel broken|WS20
PAGS|(MSD) Motorized Screen Door|Motor / Gear Box Assembly|Motor power failure|WS20
PAGS|(MSD) Motorized Screen Door|Motor / Gear Box Assembly|MSD lock failed|WS20
PAGS|(MSD) Motorized Screen Door|Motor / Gear Box Assembly|MSD unlock failed|WS20
PAGS|(MSD) Motorized Screen Door|Motor / Gear Box Assembly|Belting loose / damaged|WS20
PAGS|(MSD) Motorized Screen Door|Motor / Gear Box Assembly|Bolt lock fault|WS20
PAGS|(MSD) Motorized Screen Door|Motor / Gear Box Assembly|Obstruction fault|WS20
PAGS|(MSD) Motorized Screen Door|Motor / Gear Box Assembly|Open sensor error|WS20
PAGS|(MSD) Motorized Screen Door|Motor / Gear Box Assembly|Close sensor error|WS20
PAGS|(MSD) Motorized Screen Door|MC521 Control Box|Motor power failure|WS20
PAGS|(MSD) Motorized Screen Door|MC521 Control Box|MSD lock failed|WS20
PAGS|(MSD) Motorized Screen Door|MC521 Control Box|MSD unlock failed|WS20
PAGS|(MSD) Motorized Screen Door|MC521 Control Box|Belting loose / damaged|WS20
PAGS|(MSD) Motorized Screen Door|MC521 Control Box|Bolt lock fault|WS20
PAGS|(MSD) Motorized Screen Door|MC521 Control Box|Obstruction fault|WS20
PAGS|(MSD) Motorized Screen Door|MC521 Control Box|Open sensor error|WS20
PAGS|(MSD) Motorized Screen Door|MC521 Control Box|Close sensor error|WS20
PAGS|(MSD) Motorized Screen Door|Timing Belt 3/4 - 28' Length|Motor power failure|WS20
PAGS|(MSD) Motorized Screen Door|Timing Belt 3/4 - 28' Length|MSD lock failed|WS20
PAGS|(MSD) Motorized Screen Door|Timing Belt 3/4 - 28' Length|MSD unlock failed|WS20
PAGS|(MSD) Motorized Screen Door|Timing Belt 3/4 - 28' Length|Belting loose / damaged|WS20
PAGS|(MSD) Motorized Screen Door|Timing Belt 3/4 - 28' Length|Bolt lock fault|WS20
PAGS|(MSD) Motorized Screen Door|Timing Belt 3/4 - 28' Length|Obstruction fault|WS20
PAGS|(MSD) Motorized Screen Door|Timing Belt 3/4 - 28' Length|Open sensor error|WS20
PAGS|(MSD) Motorized Screen Door|Timing Belt 3/4 - 28' Length|Close sensor error|WS20
PAGS|(MSD) Motorized Screen Door|Tensioner|Motor power failure|WS20
PAGS|(MSD) Motorized Screen Door|Tensioner|MSD lock failed|WS20
PAGS|(MSD) Motorized Screen Door|Tensioner|MSD unlock failed|WS20
PAGS|(MSD) Motorized Screen Door|Tensioner|Belting loose / damaged|WS20
PAGS|(MSD) Motorized Screen Door|Tensioner|Bolt lock fault|WS20
PAGS|(MSD) Motorized Screen Door|Tensioner|Obstruction fault|WS20
PAGS|(MSD) Motorized Screen Door|Tensioner|Open sensor error|WS20
PAGS|(MSD) Motorized Screen Door|Tensioner|Close sensor error|WS20
PAGS|(MSD) Motorized Screen Door|Bolt Lock|Motor power failure|WS20
PAGS|(MSD) Motorized Screen Door|Bolt Lock|MSD lock failed|WS20
PAGS|(MSD) Motorized Screen Door|Bolt Lock|MSD unlock failed|WS20
PAGS|(MSD) Motorized Screen Door|Bolt Lock|Belting loose / damaged|WS20
PAGS|(MSD) Motorized Screen Door|Bolt Lock|Bolt lock fault|WS20
PAGS|(MSD) Motorized Screen Door|Bolt Lock|Obstruction fault|WS20
PAGS|(MSD) Motorized Screen Door|Bolt Lock|Open sensor error|WS20
PAGS|(MSD) Motorized Screen Door|Bolt Lock|Close sensor error|WS20
PAGS|(MSD) Motorized Screen Door|Door Sensor|Motor power failure|WS20
PAGS|(MSD) Motorized Screen Door|Door Sensor|MSD lock failed|WS20
PAGS|(MSD) Motorized Screen Door|Door Sensor|MSD unlock failed|WS20
PAGS|(MSD) Motorized Screen Door|Door Sensor|Belting loose / damaged|WS20
PAGS|(MSD) Motorized Screen Door|Door Sensor|Bolt lock fault|WS20
PAGS|(MSD) Motorized Screen Door|Door Sensor|Obstruction fault|WS20
PAGS|(MSD) Motorized Screen Door|Door Sensor|Open sensor error|WS20
PAGS|(MSD) Motorized Screen Door|Door Sensor|Close sensor error|WS20
PAGS|(MSD) Motorized Screen Door|Door Sensor|Motor power failure|WS20
PAGS|(MSD) Motorized Screen Door|Door Sensor|MSD lock failed|WS20
PAGS|(MSD) Motorized Screen Door|Door Sensor|MSD unlock failed|WS20
PAGS|(MSD) Motorized Screen Door|Door Sensor|Belting loose / damaged|WS20
PAGS|(MSD) Motorized Screen Door|Door Sensor|Bolt lock fault|WS20
PAGS|(MSD) Motorized Screen Door|Door Sensor|Obstruction fault|WS20
PAGS|(MSD) Motorized Screen Door|Door Sensor|Open sensor error|WS20
PAGS|(MSD) Motorized Screen Door|Door Sensor|Close sensor error|WS20
PAGS|(MSD) Motorized Screen Door|Door Handle|Motor power failure|WS20
PAGS|(MSD) Motorized Screen Door|Door Handle|MSD lock failed|WS20
PAGS|(MSD) Motorized Screen Door|Door Handle|MSD unlock failed|WS20
PAGS|(MSD) Motorized Screen Door|Door Handle|Belting loose / damaged|WS20
PAGS|(MSD) Motorized Screen Door|Door Handle|Bolt lock fault|WS20
PAGS|(MSD) Motorized Screen Door|Door Handle|Obstruction fault|WS20
PAGS|(MSD) Motorized Screen Door|Door Handle|Open sensor error|WS20
PAGS|(MSD) Motorized Screen Door|Door Handle|Close sensor error|WS20
PAGS|RF Transceiver Module|RF Transceiver|Communication lost|WS20
PAGS|RF Transceiver Module|RF Transceiver|VMS issue|WS20
PAGS|RF Transceiver Module|RF Transceiver|Antenna miscaptured|WS20
PAGS|RF Transceiver Module|RF Transceiver|RF connection lost|WS20
PAGS|RF Transceiver Module|RF Transceiver|VMS I/O module fault|WS20
PAGS|RF Transceiver Module|RF Antenna|Communication lost|WS20
PAGS|RF Transceiver Module|RF Antenna|VMS issue|WS20
PAGS|RF Transceiver Module|RF Antenna|Antenna miscaptured|WS20
PAGS|RF Transceiver Module|RF Antenna|RF connection lost|WS20
PAGS|RF Transceiver Module|RF Antenna|VMS I/O module fault|WS20
PAGS|RF Transceiver Module|Mounting Bracket|Communication lost|WS20
PAGS|RF Transceiver Module|Mounting Bracket|VMS issue|WS20
PAGS|RF Transceiver Module|Mounting Bracket|Antenna miscaptured|WS20
PAGS|RF Transceiver Module|Mounting Bracket|RF connection lost|WS20
PAGS|RF Transceiver Module|Mounting Bracket|VMS I/O module fault|WS20
INTERLOCKING SYSTEM|MEI/MESD|FRONTAL PING/ESD|System intermittent|WS20
INTERLOCKING SYSTEM|MEI/MESD|FRONTAL PING/ESD|Fuse blow|WS20
INTERLOCKING SYSTEM|MEI/MESD|FRONTAL PING/ESD|Cable loose|WS20
INTERLOCKING SYSTEM|MEI/MESD|FRONTAL PING/ESD|Over voltage|WS20
INTERLOCKING SYSTEM|MEI/MESD|FRONTAL PING/ESD|Mulfuntioning during operation|WS20
INTERLOCKING SYSTEM|MEI/MESD|FRONTAL PING/ESD|Fan problem|WS20
INTERLOCKING SYSTEM|MEI/MESD|FRONTAL PING/ESD|Network switch issue|WS20
INTERLOCKING SYSTEM|MEI/MESD|FRONTAL PING/ESD|No power|WS20
INTERLOCKING SYSTEM|MEI/MESD|FRONTAL PING/ESD|Track invalid|WS20
INTERLOCKING SYSTEM|MEI/MESD|FRONTAL PING/ESD|Power supply broken / burst|WS20
INTERLOCKING SYSTEM|MEI/MESD|FRONTAL PING/ESD|Fiber cut|WS20
INTERLOCKING SYSTEM|MEI/MESD|FRONTAL PING/ESD|MESD alarm frequently occurs|WS20
INTERLOCKING SYSTEM|MEI/MESD|FRONTAL PING/ESD|Self-refresh due to system bugs|WS20
INTERLOCKING SYSTEM|MEI/MESD|FRONTAL PING/ESD|Converter korenix burnt|WS20
INTERLOCKING SYSTEM|MEI/MESD|FRONTAL PING/ESD|System intermittent|WS20
INTERLOCKING SYSTEM|MEI/MESD|FRONTAL PING/ESD|Fuse blow|WS20
INTERLOCKING SYSTEM|MEI/MESD|FRONTAL PING/ESD|Cable loose|WS20
INTERLOCKING SYSTEM|MEI/MESD|FRONTAL PING/ESD|Over voltage|WS20
INTERLOCKING SYSTEM|MEI/MESD|FRONTAL PING/ESD|Mulfuntioning during operation|WS20
INTERLOCKING SYSTEM|MEI/MESD|FRONTAL PING/ESD|Fan problem|WS20
INTERLOCKING SYSTEM|MEI/MESD|FRONTAL PING/ESD|Network switch issue|WS20
INTERLOCKING SYSTEM|MEI/MESD|FRONTAL PING/ESD|No power|WS20
INTERLOCKING SYSTEM|MEI/MESD|FRONTAL PING/ESD|Track invalid|WS20
INTERLOCKING SYSTEM|MEI/MESD|FRONTAL PING/ESD|Power supply broken / burst|WS20
INTERLOCKING SYSTEM|MEI/MESD|FRONTAL PING/ESD|Fiber cut|WS20
INTERLOCKING SYSTEM|MEI/MESD|FRONTAL PING/ESD|MESD alarm frequently occurs|WS20
INTERLOCKING SYSTEM|MEI/MESD|FRONTAL PING/ESD|Self-refresh due to system bugs|WS20
INTERLOCKING SYSTEM|MEI/MESD|FRONTAL PING/ESD|Converter korenix burnt|WS20
INTERLOCKING SYSTEM|MEI/MESD|FRONTAL PING/ESD|System intermittent|WS20
INTERLOCKING SYSTEM|MEI/MESD|FRONTAL PING/ESD|Fuse blow|WS20
INTERLOCKING SYSTEM|MEI/MESD|FRONTAL PING/ESD|Cable loose|WS20
INTERLOCKING SYSTEM|MEI/MESD|FRONTAL PING/ESD|Over voltage|WS20
INTERLOCKING SYSTEM|MEI/MESD|FRONTAL PING/ESD|Mulfuntioning during operation|WS20
INTERLOCKING SYSTEM|MEI/MESD|FRONTAL PING/ESD|Fan problem|WS20
INTERLOCKING SYSTEM|MEI/MESD|FRONTAL PING/ESD|Network switch issue|WS20
INTERLOCKING SYSTEM|MEI/MESD|FRONTAL PING/ESD|No power|WS20
INTERLOCKING SYSTEM|MEI/MESD|FRONTAL PING/ESD|Track invalid|WS20
INTERLOCKING SYSTEM|MEI/MESD|FRONTAL PING/ESD|Power supply broken / burst|WS20
INTERLOCKING SYSTEM|MEI/MESD|FRONTAL PING/ESD|Fiber cut|WS20
INTERLOCKING SYSTEM|MEI/MESD|FRONTAL PING/ESD|MESD alarm frequently occurs|WS20
INTERLOCKING SYSTEM|MEI/MESD|FRONTAL PING/ESD|Self-refresh due to system bugs|WS20
INTERLOCKING SYSTEM|MEI/MESD|FRONTAL PING/ESD|Converter korenix burnt|WS20
INTERLOCKING SYSTEM|MEI/MESD|FRONTAL ESD/ESD|System intermittent|WS20
INTERLOCKING SYSTEM|MEI/MESD|FRONTAL ESD/ESD|Fuse blow|WS20
INTERLOCKING SYSTEM|MEI/MESD|FRONTAL ESD/ESD|Cable loose|WS20
INTERLOCKING SYSTEM|MEI/MESD|FRONTAL ESD/ESD|Over voltage|WS20
INTERLOCKING SYSTEM|MEI/MESD|FRONTAL ESD/ESD|Mulfuntioning during operation|WS20
INTERLOCKING SYSTEM|MEI/MESD|FRONTAL ESD/ESD|Fan problem|WS20
INTERLOCKING SYSTEM|MEI/MESD|FRONTAL ESD/ESD|Network switch issue|WS20
INTERLOCKING SYSTEM|MEI/MESD|FRONTAL ESD/ESD|No power|WS20
INTERLOCKING SYSTEM|MEI/MESD|FRONTAL ESD/ESD|Track invalid|WS20
INTERLOCKING SYSTEM|MEI/MESD|FRONTAL ESD/ESD|Power supply broken / burst|WS20
INTERLOCKING SYSTEM|MEI/MESD|FRONTAL ESD/ESD|Fiber cut|WS20
INTERLOCKING SYSTEM|MEI/MESD|FRONTAL ESD/ESD|MESD alarm frequently occurs|WS20
INTERLOCKING SYSTEM|MEI/MESD|FRONTAL ESD/ESD|Self-refresh due to system bugs|WS20
INTERLOCKING SYSTEM|MEI/MESD|FRONTAL ESD/ESD|Converter korenix burnt|WS20
INTERLOCKING SYSTEM|MEI/MESD|FRONTAL ESD/ESD|System intermittent|WS20
INTERLOCKING SYSTEM|MEI/MESD|FRONTAL ESD/ESD|Fuse blow|WS20
INTERLOCKING SYSTEM|MEI/MESD|FRONTAL ESD/ESD|Cable loose|WS20
INTERLOCKING SYSTEM|MEI/MESD|FRONTAL ESD/ESD|Over voltage|WS20
INTERLOCKING SYSTEM|MEI/MESD|FRONTAL ESD/ESD|Mulfuntioning during operation|WS20
INTERLOCKING SYSTEM|MEI/MESD|FRONTAL ESD/ESD|Fan problem|WS20
INTERLOCKING SYSTEM|MEI/MESD|FRONTAL ESD/ESD|Network switch issue|WS20
INTERLOCKING SYSTEM|MEI/MESD|FRONTAL ESD/ESD|No power|WS20
INTERLOCKING SYSTEM|MEI/MESD|FRONTAL ESD/ESD|Track invalid|WS20
INTERLOCKING SYSTEM|MEI/MESD|FRONTAL ESD/ESD|Power supply broken / burst|WS20
INTERLOCKING SYSTEM|MEI/MESD|FRONTAL ESD/ESD|Fiber cut|WS20
INTERLOCKING SYSTEM|MEI/MESD|FRONTAL ESD/ESD|MESD alarm frequently occurs|WS20
INTERLOCKING SYSTEM|MEI/MESD|FRONTAL ESD/ESD|Self-refresh due to system bugs|WS20
INTERLOCKING SYSTEM|MEI/MESD|FRONTAL ESD/ESD|Converter korenix burnt|WS20
INTERLOCKING SYSTEM|MEI/MESD|FRONTAL ESD/ESD|System intermittent|WS20
INTERLOCKING SYSTEM|MEI/MESD|FRONTAL ESD/ESD|Fuse blow|WS20
INTERLOCKING SYSTEM|MEI/MESD|FRONTAL ESD/ESD|Cable loose|WS20
INTERLOCKING SYSTEM|MEI/MESD|FRONTAL ESD/ESD|Over voltage|WS20
INTERLOCKING SYSTEM|MEI/MESD|FRONTAL ESD/ESD|Mulfuntioning during operation|WS20
INTERLOCKING SYSTEM|MEI/MESD|FRONTAL ESD/ESD|Fan problem|WS20
INTERLOCKING SYSTEM|MEI/MESD|FRONTAL ESD/ESD|Network switch issue|WS20
INTERLOCKING SYSTEM|MEI/MESD|FRONTAL ESD/ESD|No power|WS20
INTERLOCKING SYSTEM|MEI/MESD|FRONTAL ESD/ESD|Track invalid|WS20
INTERLOCKING SYSTEM|MEI/MESD|FRONTAL ESD/ESD|Power supply broken / burst|WS20
INTERLOCKING SYSTEM|MEI/MESD|FRONTAL ESD/ESD|Fiber cut|WS20
INTERLOCKING SYSTEM|MEI/MESD|FRONTAL ESD/ESD|MESD alarm frequently occurs|WS20
INTERLOCKING SYSTEM|MEI/MESD|FRONTAL ESD/ESD|Self-refresh due to system bugs|WS20
INTERLOCKING SYSTEM|MEI/MESD|FRONTAL ESD/ESD|Converter korenix burnt|WS20
INTERLOCKING SYSTEM|MEI/MESD|MAINTAINANCE SWITCH (Cdg)|System intermittent|WS20
INTERLOCKING SYSTEM|MEI/MESD|MAINTAINANCE SWITCH (Cdg)|Fuse blow|WS20
INTERLOCKING SYSTEM|MEI/MESD|MAINTAINANCE SWITCH (Cdg)|Cable loose|WS20
INTERLOCKING SYSTEM|MEI/MESD|MAINTAINANCE SWITCH (Cdg)|Over voltage|WS20
INTERLOCKING SYSTEM|MEI/MESD|MAINTAINANCE SWITCH (Cdg)|Mulfuntioning during operation|WS20
INTERLOCKING SYSTEM|MEI/MESD|MAINTAINANCE SWITCH (Cdg)|Fan problem|WS20
INTERLOCKING SYSTEM|MEI/MESD|MAINTAINANCE SWITCH (Cdg)|Network switch issue|WS20
INTERLOCKING SYSTEM|MEI/MESD|MAINTAINANCE SWITCH (Cdg)|No power|WS20
INTERLOCKING SYSTEM|MEI/MESD|MAINTAINANCE SWITCH (Cdg)|Track invalid|WS20
INTERLOCKING SYSTEM|MEI/MESD|MAINTAINANCE SWITCH (Cdg)|Power supply broken / burst|WS20
INTERLOCKING SYSTEM|MEI/MESD|MAINTAINANCE SWITCH (Cdg)|Fiber cut|WS20
INTERLOCKING SYSTEM|MEI/MESD|MAINTAINANCE SWITCH (Cdg)|MESD alarm frequently occurs|WS20
INTERLOCKING SYSTEM|MEI/MESD|MAINTAINANCE SWITCH (Cdg)|Self-refresh due to system bugs|WS20
INTERLOCKING SYSTEM|MEI/MESD|MAINTAINANCE SWITCH (Cdg)|Converter korenix burnt|WS20
INTERLOCKING SYSTEM|MEI/MESD|MAINTAINANCE SWITCH (Cdg)|System intermittent|WS20
INTERLOCKING SYSTEM|MEI/MESD|MAINTAINANCE SWITCH (Cdg)|Fuse blow|WS20
INTERLOCKING SYSTEM|MEI/MESD|MAINTAINANCE SWITCH (Cdg)|Cable loose|WS20
INTERLOCKING SYSTEM|MEI/MESD|MAINTAINANCE SWITCH (Cdg)|Over voltage|WS20
INTERLOCKING SYSTEM|MEI/MESD|MAINTAINANCE SWITCH (Cdg)|Mulfuntioning during operation|WS20
INTERLOCKING SYSTEM|MEI/MESD|MAINTAINANCE SWITCH (Cdg)|Fan problem|WS20
INTERLOCKING SYSTEM|MEI/MESD|MAINTAINANCE SWITCH (Cdg)|Network switch issue|WS20
INTERLOCKING SYSTEM|MEI/MESD|MAINTAINANCE SWITCH (Cdg)|No power|WS20
INTERLOCKING SYSTEM|MEI/MESD|MAINTAINANCE SWITCH (Cdg)|Track invalid|WS20
INTERLOCKING SYSTEM|MEI/MESD|MAINTAINANCE SWITCH (Cdg)|Power supply broken / burst|WS20
INTERLOCKING SYSTEM|MEI/MESD|MAINTAINANCE SWITCH (Cdg)|Fiber cut|WS20
INTERLOCKING SYSTEM|MEI/MESD|MAINTAINANCE SWITCH (Cdg)|MESD alarm frequently occurs|WS20
INTERLOCKING SYSTEM|MEI/MESD|MAINTAINANCE SWITCH (Cdg)|Self-refresh due to system bugs|WS20
INTERLOCKING SYSTEM|MEI/MESD|MAINTAINANCE SWITCH (Cdg)|Converter korenix burnt|WS20
INTERLOCKING SYSTEM|MEI/MESD|MAINTAINANCE SWITCH (Cdg)|System intermittent|WS20
INTERLOCKING SYSTEM|MEI/MESD|MAINTAINANCE SWITCH (Cdg)|Fuse blow|WS20
INTERLOCKING SYSTEM|MEI/MESD|MAINTAINANCE SWITCH (Cdg)|Cable loose|WS20
INTERLOCKING SYSTEM|MEI/MESD|MAINTAINANCE SWITCH (Cdg)|Over voltage|WS20
INTERLOCKING SYSTEM|MEI/MESD|MAINTAINANCE SWITCH (Cdg)|Mulfuntioning during operation|WS20
INTERLOCKING SYSTEM|MEI/MESD|MAINTAINANCE SWITCH (Cdg)|Fan problem|WS20
INTERLOCKING SYSTEM|MEI/MESD|MAINTAINANCE SWITCH (Cdg)|Network switch issue|WS20
INTERLOCKING SYSTEM|MEI/MESD|MAINTAINANCE SWITCH (Cdg)|No power|WS20
INTERLOCKING SYSTEM|MEI/MESD|MAINTAINANCE SWITCH (Cdg)|Track invalid|WS20
INTERLOCKING SYSTEM|MEI/MESD|MAINTAINANCE SWITCH (Cdg)|Power supply broken / burst|WS20
INTERLOCKING SYSTEM|MEI/MESD|MAINTAINANCE SWITCH (Cdg)|Fiber cut|WS20
INTERLOCKING SYSTEM|MEI/MESD|MAINTAINANCE SWITCH (Cdg)|MESD alarm frequently occurs|WS20
INTERLOCKING SYSTEM|MEI/MESD|MAINTAINANCE SWITCH (Cdg)|Self-refresh due to system bugs|WS20
INTERLOCKING SYSTEM|MEI/MESD|MAINTAINANCE SWITCH (Cdg)|Converter korenix burnt|WS20
INTERLOCKING SYSTEM|MEI/MESD|MIRET|System intermittent|WS20
INTERLOCKING SYSTEM|MEI/MESD|MIRET|Fuse blow|WS20
INTERLOCKING SYSTEM|MEI/MESD|MIRET|Cable loose|WS20
INTERLOCKING SYSTEM|MEI/MESD|MIRET|Over voltage|WS20
INTERLOCKING SYSTEM|MEI/MESD|MIRET|Mulfuntioning during operation|WS20
INTERLOCKING SYSTEM|MEI/MESD|MIRET|Fan problem|WS20
INTERLOCKING SYSTEM|MEI/MESD|MIRET|Network switch issue|WS20
INTERLOCKING SYSTEM|MEI/MESD|MIRET|No power|WS20
INTERLOCKING SYSTEM|MEI/MESD|MIRET|Track invalid|WS20
INTERLOCKING SYSTEM|MEI/MESD|MIRET|Power supply broken / burst|WS20
INTERLOCKING SYSTEM|MEI/MESD|MIRET|Fiber cut|WS20
INTERLOCKING SYSTEM|MEI/MESD|MIRET|MESD alarm frequently occurs|WS20
INTERLOCKING SYSTEM|MEI/MESD|MIRET|Self-refresh due to system bugs|WS20
INTERLOCKING SYSTEM|MEI/MESD|MIRET|Converter korenix burnt|WS20
INTERLOCKING SYSTEM|MEI/MESD|MIRET|System intermittent|WS20
INTERLOCKING SYSTEM|MEI/MESD|MIRET|Fuse blow|WS20
INTERLOCKING SYSTEM|MEI/MESD|MIRET|Cable loose|WS20
INTERLOCKING SYSTEM|MEI/MESD|MIRET|Over voltage|WS20
INTERLOCKING SYSTEM|MEI/MESD|MIRET|Mulfuntioning during operation|WS20
INTERLOCKING SYSTEM|MEI/MESD|MIRET|Fan problem|WS20
INTERLOCKING SYSTEM|MEI/MESD|MIRET|Network switch issue|WS20
INTERLOCKING SYSTEM|MEI/MESD|MIRET|No power|WS20
INTERLOCKING SYSTEM|MEI/MESD|MIRET|Track invalid|WS20
INTERLOCKING SYSTEM|MEI/MESD|MIRET|Power supply broken / burst|WS20
INTERLOCKING SYSTEM|MEI/MESD|MIRET|Fiber cut|WS20
INTERLOCKING SYSTEM|MEI/MESD|MIRET|MESD alarm frequently occurs|WS20
INTERLOCKING SYSTEM|MEI/MESD|MIRET|Self-refresh due to system bugs|WS20
INTERLOCKING SYSTEM|MEI/MESD|MIRET|Converter korenix burnt|WS20
INTERLOCKING SYSTEM|MEI/MESD|MIRET|System intermittent|WS20
INTERLOCKING SYSTEM|MEI/MESD|MIRET|Fuse blow|WS20
INTERLOCKING SYSTEM|MEI/MESD|MIRET|Cable loose|WS20
INTERLOCKING SYSTEM|MEI/MESD|MIRET|Over voltage|WS20
INTERLOCKING SYSTEM|MEI/MESD|MIRET|Mulfuntioning during operation|WS20
INTERLOCKING SYSTEM|MEI/MESD|MIRET|Fan problem|WS20
INTERLOCKING SYSTEM|MEI/MESD|MIRET|Network switch issue|WS20
INTERLOCKING SYSTEM|MEI/MESD|MIRET|No power|WS20
INTERLOCKING SYSTEM|MEI/MESD|MIRET|Track invalid|WS20
INTERLOCKING SYSTEM|MEI/MESD|MIRET|Power supply broken / burst|WS20
INTERLOCKING SYSTEM|MEI/MESD|MIRET|Fiber cut|WS20
INTERLOCKING SYSTEM|MEI/MESD|MIRET|MESD alarm frequently occurs|WS20
INTERLOCKING SYSTEM|MEI/MESD|MIRET|Self-refresh due to system bugs|WS20
INTERLOCKING SYSTEM|MEI/MESD|MIRET|Converter korenix burnt|WS20
INTERLOCKING SYSTEM|MEI/MESD|MIRET|System intermittent|WS20
INTERLOCKING SYSTEM|MEI/MESD|MIRET|Fuse blow|WS20
INTERLOCKING SYSTEM|MEI/MESD|MIRET|Cable loose|WS20
INTERLOCKING SYSTEM|MEI/MESD|MIRET|Over voltage|WS20
INTERLOCKING SYSTEM|MEI/MESD|MIRET|Mulfuntioning during operation|WS20
INTERLOCKING SYSTEM|MEI/MESD|MIRET|Fan problem|WS20
INTERLOCKING SYSTEM|MEI/MESD|MIRET|Network switch issue|WS20
INTERLOCKING SYSTEM|MEI/MESD|MIRET|No power|WS20
INTERLOCKING SYSTEM|MEI/MESD|MIRET|Track invalid|WS20
INTERLOCKING SYSTEM|MEI/MESD|MIRET|Power supply broken / burst|WS20
INTERLOCKING SYSTEM|MEI/MESD|MIRET|Fiber cut|WS20
INTERLOCKING SYSTEM|MEI/MESD|MIRET|MESD alarm frequently occurs|WS20
INTERLOCKING SYSTEM|MEI/MESD|MIRET|Self-refresh due to system bugs|WS20
INTERLOCKING SYSTEM|MEI/MESD|MIRET|Converter korenix burnt|WS20
INTERLOCKING SYSTEM|MEI/MESD|MIRET|System intermittent|WS20
INTERLOCKING SYSTEM|MEI/MESD|MIRET|Fuse blow|WS20
INTERLOCKING SYSTEM|MEI/MESD|MIRET|Cable loose|WS20
INTERLOCKING SYSTEM|MEI/MESD|MIRET|Over voltage|WS20
INTERLOCKING SYSTEM|MEI/MESD|MIRET|Mulfuntioning during operation|WS20
INTERLOCKING SYSTEM|MEI/MESD|MIRET|Fan problem|WS20
INTERLOCKING SYSTEM|MEI/MESD|MIRET|Network switch issue|WS20
INTERLOCKING SYSTEM|MEI/MESD|MIRET|No power|WS20
INTERLOCKING SYSTEM|MEI/MESD|MIRET|Track invalid|WS20
INTERLOCKING SYSTEM|MEI/MESD|MIRET|Power supply broken / burst|WS20
INTERLOCKING SYSTEM|MEI/MESD|MIRET|Fiber cut|WS20
INTERLOCKING SYSTEM|MEI/MESD|MIRET|MESD alarm frequently occurs|WS20
INTERLOCKING SYSTEM|MEI/MESD|MIRET|Self-refresh due to system bugs|WS20
INTERLOCKING SYSTEM|MEI/MESD|MIRET|Converter korenix burnt|WS20
INTERLOCKING SYSTEM|MEI/MESD|MIRET|System intermittent|WS20
INTERLOCKING SYSTEM|MEI/MESD|MIRET|Fuse blow|WS20
INTERLOCKING SYSTEM|MEI/MESD|MIRET|Cable loose|WS20
INTERLOCKING SYSTEM|MEI/MESD|MIRET|Over voltage|WS20
INTERLOCKING SYSTEM|MEI/MESD|MIRET|Mulfuntioning during operation|WS20
INTERLOCKING SYSTEM|MEI/MESD|MIRET|Fan problem|WS20
INTERLOCKING SYSTEM|MEI/MESD|MIRET|Network switch issue|WS20
INTERLOCKING SYSTEM|MEI/MESD|MIRET|No power|WS20
INTERLOCKING SYSTEM|MEI/MESD|MIRET|Track invalid|WS20
INTERLOCKING SYSTEM|MEI/MESD|MIRET|Power supply broken / burst|WS20
INTERLOCKING SYSTEM|MEI/MESD|MIRET|Fiber cut|WS20
INTERLOCKING SYSTEM|MEI/MESD|MIRET|MESD alarm frequently occurs|WS20
INTERLOCKING SYSTEM|MEI/MESD|MIRET|Self-refresh due to system bugs|WS20
INTERLOCKING SYSTEM|MEI/MESD|MIRET|Converter korenix burnt|WS20
INTERLOCKING SYSTEM|MEI/MESD|MIRET|System intermittent|WS20
INTERLOCKING SYSTEM|MEI/MESD|MIRET|Fuse blow|WS20
INTERLOCKING SYSTEM|MEI/MESD|MIRET|Cable loose|WS20
INTERLOCKING SYSTEM|MEI/MESD|MIRET|Over voltage|WS20
INTERLOCKING SYSTEM|MEI/MESD|MIRET|Mulfuntioning during operation|WS20
INTERLOCKING SYSTEM|MEI/MESD|MIRET|Fan problem|WS20
INTERLOCKING SYSTEM|MEI/MESD|MIRET|Network switch issue|WS20
INTERLOCKING SYSTEM|MEI/MESD|MIRET|No power|WS20
INTERLOCKING SYSTEM|MEI/MESD|MIRET|Track invalid|WS20
INTERLOCKING SYSTEM|MEI/MESD|MIRET|Power supply broken / burst|WS20
INTERLOCKING SYSTEM|MEI/MESD|MIRET|Fiber cut|WS20
INTERLOCKING SYSTEM|MEI/MESD|MIRET|MESD alarm frequently occurs|WS20
INTERLOCKING SYSTEM|MEI/MESD|MIRET|Self-refresh due to system bugs|WS20
INTERLOCKING SYSTEM|MEI/MESD|MIRET|Converter korenix burnt|WS20
INTERLOCKING SYSTEM|MEI/MESD|FIELD INTERFACE RELAY|System intermittent|WS20
INTERLOCKING SYSTEM|MEI/MESD|FIELD INTERFACE RELAY|Fuse blow|WS20
INTERLOCKING SYSTEM|MEI/MESD|FIELD INTERFACE RELAY|Cable loose|WS20
INTERLOCKING SYSTEM|MEI/MESD|FIELD INTERFACE RELAY|Over voltage|WS20
INTERLOCKING SYSTEM|MEI/MESD|FIELD INTERFACE RELAY|Mulfuntioning during operation|WS20
INTERLOCKING SYSTEM|MEI/MESD|FIELD INTERFACE RELAY|Fan problem|WS20
INTERLOCKING SYSTEM|MEI/MESD|FIELD INTERFACE RELAY|Network switch issue|WS20
INTERLOCKING SYSTEM|MEI/MESD|FIELD INTERFACE RELAY|No power|WS20
INTERLOCKING SYSTEM|MEI/MESD|FIELD INTERFACE RELAY|Track invalid|WS20
INTERLOCKING SYSTEM|MEI/MESD|FIELD INTERFACE RELAY|Power supply broken / burst|WS20
INTERLOCKING SYSTEM|MEI/MESD|FIELD INTERFACE RELAY|Fiber cut|WS20
INTERLOCKING SYSTEM|MEI/MESD|FIELD INTERFACE RELAY|MESD alarm frequently occurs|WS20
INTERLOCKING SYSTEM|MEI/MESD|FIELD INTERFACE RELAY|Self-refresh due to system bugs|WS20
INTERLOCKING SYSTEM|MEI/MESD|FIELD INTERFACE RELAY|Converter korenix burnt|WS20
INTERLOCKING SYSTEM|MEI/MESD|NETWORK SWITCH MOXA|System intermittent|WS20
INTERLOCKING SYSTEM|MEI/MESD|NETWORK SWITCH MOXA|Fuse blow|WS20
INTERLOCKING SYSTEM|MEI/MESD|NETWORK SWITCH MOXA|Cable loose|WS20
INTERLOCKING SYSTEM|MEI/MESD|NETWORK SWITCH MOXA|Over voltage|WS20
INTERLOCKING SYSTEM|MEI/MESD|NETWORK SWITCH MOXA|Mulfuntioning during operation|WS20
INTERLOCKING SYSTEM|MEI/MESD|NETWORK SWITCH MOXA|Fan problem|WS20
INTERLOCKING SYSTEM|MEI/MESD|NETWORK SWITCH MOXA|Network switch issue|WS20
INTERLOCKING SYSTEM|MEI/MESD|NETWORK SWITCH MOXA|No power|WS20
INTERLOCKING SYSTEM|MEI/MESD|NETWORK SWITCH MOXA|Track invalid|WS20
INTERLOCKING SYSTEM|MEI/MESD|NETWORK SWITCH MOXA|Power supply broken / burst|WS20
INTERLOCKING SYSTEM|MEI/MESD|NETWORK SWITCH MOXA|Fiber cut|WS20
INTERLOCKING SYSTEM|MEI/MESD|NETWORK SWITCH MOXA|MESD alarm frequently occurs|WS20
INTERLOCKING SYSTEM|MEI/MESD|NETWORK SWITCH MOXA|Self-refresh due to system bugs|WS20
INTERLOCKING SYSTEM|MEI/MESD|NETWORK SWITCH MOXA|Converter korenix burnt|WS20
INTERLOCKING SYSTEM|MEI/MESD|NETWORK SWITCH MOXA|System intermittent|WS20
INTERLOCKING SYSTEM|MEI/MESD|NETWORK SWITCH MOXA|Fuse blow|WS20
INTERLOCKING SYSTEM|MEI/MESD|NETWORK SWITCH MOXA|Cable loose|WS20
INTERLOCKING SYSTEM|MEI/MESD|NETWORK SWITCH MOXA|Over voltage|WS20
INTERLOCKING SYSTEM|MEI/MESD|NETWORK SWITCH MOXA|Mulfuntioning during operation|WS20
INTERLOCKING SYSTEM|MEI/MESD|NETWORK SWITCH MOXA|Fan problem|WS20
INTERLOCKING SYSTEM|MEI/MESD|NETWORK SWITCH MOXA|Network switch issue|WS20
INTERLOCKING SYSTEM|MEI/MESD|NETWORK SWITCH MOXA|No power|WS20
INTERLOCKING SYSTEM|MEI/MESD|NETWORK SWITCH MOXA|Track invalid|WS20
INTERLOCKING SYSTEM|MEI/MESD|NETWORK SWITCH MOXA|Power supply broken / burst|WS20
INTERLOCKING SYSTEM|MEI/MESD|NETWORK SWITCH MOXA|Fiber cut|WS20
INTERLOCKING SYSTEM|MEI/MESD|NETWORK SWITCH MOXA|MESD alarm frequently occurs|WS20
INTERLOCKING SYSTEM|MEI/MESD|NETWORK SWITCH MOXA|Self-refresh due to system bugs|WS20
INTERLOCKING SYSTEM|MEI/MESD|NETWORK SWITCH MOXA|Converter korenix burnt|WS20
INTERLOCKING SYSTEM|MEI/MESD|NETWORK SWITCH MOXA|System intermittent|WS20
INTERLOCKING SYSTEM|MEI/MESD|NETWORK SWITCH MOXA|Fuse blow|WS20
INTERLOCKING SYSTEM|MEI/MESD|NETWORK SWITCH MOXA|Cable loose|WS20
INTERLOCKING SYSTEM|MEI/MESD|NETWORK SWITCH MOXA|Over voltage|WS20
INTERLOCKING SYSTEM|MEI/MESD|NETWORK SWITCH MOXA|Mulfuntioning during operation|WS20
INTERLOCKING SYSTEM|MEI/MESD|NETWORK SWITCH MOXA|Fan problem|WS20
INTERLOCKING SYSTEM|MEI/MESD|NETWORK SWITCH MOXA|Network switch issue|WS20
INTERLOCKING SYSTEM|MEI/MESD|NETWORK SWITCH MOXA|No power|WS20
INTERLOCKING SYSTEM|MEI/MESD|NETWORK SWITCH MOXA|Track invalid|WS20
INTERLOCKING SYSTEM|MEI/MESD|NETWORK SWITCH MOXA|Power supply broken / burst|WS20
INTERLOCKING SYSTEM|MEI/MESD|NETWORK SWITCH MOXA|Fiber cut|WS20
INTERLOCKING SYSTEM|MEI/MESD|NETWORK SWITCH MOXA|MESD alarm frequently occurs|WS20
INTERLOCKING SYSTEM|MEI/MESD|NETWORK SWITCH MOXA|Self-refresh due to system bugs|WS20
INTERLOCKING SYSTEM|MEI/MESD|NETWORK SWITCH MOXA|Converter korenix burnt|WS20
INTERLOCKING SYSTEM|MEI/MESD|FAN PANEL|System intermittent|WS20
INTERLOCKING SYSTEM|MEI/MESD|FAN PANEL|Fuse blow|WS20
INTERLOCKING SYSTEM|MEI/MESD|FAN PANEL|Cable loose|WS20
INTERLOCKING SYSTEM|MEI/MESD|FAN PANEL|Over voltage|WS20
INTERLOCKING SYSTEM|MEI/MESD|FAN PANEL|Mulfuntioning during operation|WS20
INTERLOCKING SYSTEM|MEI/MESD|FAN PANEL|Fan problem|WS20
INTERLOCKING SYSTEM|MEI/MESD|FAN PANEL|Network switch issue|WS20
INTERLOCKING SYSTEM|MEI/MESD|FAN PANEL|No power|WS20
INTERLOCKING SYSTEM|MEI/MESD|FAN PANEL|Track invalid|WS20
INTERLOCKING SYSTEM|MEI/MESD|FAN PANEL|Power supply broken / burst|WS20
INTERLOCKING SYSTEM|MEI/MESD|FAN PANEL|Fiber cut|WS20
INTERLOCKING SYSTEM|MEI/MESD|FAN PANEL|MESD alarm frequently occurs|WS20
INTERLOCKING SYSTEM|MEI/MESD|FAN PANEL|Self-refresh due to system bugs|WS20
INTERLOCKING SYSTEM|MEI/MESD|FAN PANEL|Converter korenix burnt|WS20
INTERLOCKING SYSTEM|MEI/MESD|FAN PANEL|System intermittent|WS20
INTERLOCKING SYSTEM|MEI/MESD|FAN PANEL|Fuse blow|WS20
INTERLOCKING SYSTEM|MEI/MESD|FAN PANEL|Cable loose|WS20
INTERLOCKING SYSTEM|MEI/MESD|FAN PANEL|Over voltage|WS20
INTERLOCKING SYSTEM|MEI/MESD|FAN PANEL|Mulfuntioning during operation|WS20
INTERLOCKING SYSTEM|MEI/MESD|FAN PANEL|Fan problem|WS20
INTERLOCKING SYSTEM|MEI/MESD|FAN PANEL|Network switch issue|WS20
INTERLOCKING SYSTEM|MEI/MESD|FAN PANEL|No power|WS20
INTERLOCKING SYSTEM|MEI/MESD|FAN PANEL|Track invalid|WS20
INTERLOCKING SYSTEM|MEI/MESD|FAN PANEL|Power supply broken / burst|WS20
INTERLOCKING SYSTEM|MEI/MESD|FAN PANEL|Fiber cut|WS20
INTERLOCKING SYSTEM|MEI/MESD|FAN PANEL|MESD alarm frequently occurs|WS20
INTERLOCKING SYSTEM|MEI/MESD|FAN PANEL|Self-refresh due to system bugs|WS20
INTERLOCKING SYSTEM|MEI/MESD|FAN PANEL|Converter korenix burnt|WS20
INTERLOCKING SYSTEM|MEI/MESD|FAN PANEL|System intermittent|WS20
INTERLOCKING SYSTEM|MEI/MESD|FAN PANEL|Fuse blow|WS20
INTERLOCKING SYSTEM|MEI/MESD|FAN PANEL|Cable loose|WS20
INTERLOCKING SYSTEM|MEI/MESD|FAN PANEL|Over voltage|WS20
INTERLOCKING SYSTEM|MEI/MESD|FAN PANEL|Mulfuntioning during operation|WS20
INTERLOCKING SYSTEM|MEI/MESD|FAN PANEL|Fan problem|WS20
INTERLOCKING SYSTEM|MEI/MESD|FAN PANEL|Network switch issue|WS20
INTERLOCKING SYSTEM|MEI/MESD|FAN PANEL|No power|WS20
INTERLOCKING SYSTEM|MEI/MESD|FAN PANEL|Track invalid|WS20
INTERLOCKING SYSTEM|MEI/MESD|FAN PANEL|Power supply broken / burst|WS20
INTERLOCKING SYSTEM|MEI/MESD|FAN PANEL|Fiber cut|WS20
INTERLOCKING SYSTEM|MEI/MESD|FAN PANEL|MESD alarm frequently occurs|WS20
INTERLOCKING SYSTEM|MEI/MESD|FAN PANEL|Self-refresh due to system bugs|WS20
INTERLOCKING SYSTEM|MEI/MESD|FAN PANEL|Converter korenix burnt|WS20
INTERLOCKING SYSTEM|MEI/MESD|POWER INCOMING RACK|System intermittent|WS20
INTERLOCKING SYSTEM|MEI/MESD|POWER INCOMING RACK|Fuse blow|WS20
INTERLOCKING SYSTEM|MEI/MESD|POWER INCOMING RACK|Cable loose|WS20
INTERLOCKING SYSTEM|MEI/MESD|POWER INCOMING RACK|Over voltage|WS20
INTERLOCKING SYSTEM|MEI/MESD|POWER INCOMING RACK|Mulfuntioning during operation|WS20
INTERLOCKING SYSTEM|MEI/MESD|POWER INCOMING RACK|Fan problem|WS20
INTERLOCKING SYSTEM|MEI/MESD|POWER INCOMING RACK|Network switch issue|WS20
INTERLOCKING SYSTEM|MEI/MESD|POWER INCOMING RACK|No power|WS20
INTERLOCKING SYSTEM|MEI/MESD|POWER INCOMING RACK|Track invalid|WS20
INTERLOCKING SYSTEM|MEI/MESD|POWER INCOMING RACK|Power supply broken / burst|WS20
INTERLOCKING SYSTEM|MEI/MESD|POWER INCOMING RACK|Fiber cut|WS20
INTERLOCKING SYSTEM|MEI/MESD|POWER INCOMING RACK|MESD alarm frequently occurs|WS20
INTERLOCKING SYSTEM|MEI/MESD|POWER INCOMING RACK|Self-refresh due to system bugs|WS20
INTERLOCKING SYSTEM|MEI/MESD|POWER INCOMING RACK|Converter korenix burnt|WS20
INTERLOCKING SYSTEM|MEI/MESD|POWER INCOMING RACK|System intermittent|WS20
INTERLOCKING SYSTEM|MEI/MESD|POWER INCOMING RACK|Fuse blow|WS20
INTERLOCKING SYSTEM|MEI/MESD|POWER INCOMING RACK|Cable loose|WS20
INTERLOCKING SYSTEM|MEI/MESD|POWER INCOMING RACK|Over voltage|WS20
INTERLOCKING SYSTEM|MEI/MESD|POWER INCOMING RACK|Mulfuntioning during operation|WS20
INTERLOCKING SYSTEM|MEI/MESD|POWER INCOMING RACK|Fan problem|WS20
INTERLOCKING SYSTEM|MEI/MESD|POWER INCOMING RACK|Network switch issue|WS20
INTERLOCKING SYSTEM|MEI/MESD|POWER INCOMING RACK|No power|WS20
INTERLOCKING SYSTEM|MEI/MESD|POWER INCOMING RACK|Track invalid|WS20
INTERLOCKING SYSTEM|MEI/MESD|POWER INCOMING RACK|Power supply broken / burst|WS20
INTERLOCKING SYSTEM|MEI/MESD|POWER INCOMING RACK|Fiber cut|WS20
INTERLOCKING SYSTEM|MEI/MESD|POWER INCOMING RACK|MESD alarm frequently occurs|WS20
INTERLOCKING SYSTEM|MEI/MESD|POWER INCOMING RACK|Self-refresh due to system bugs|WS20
INTERLOCKING SYSTEM|MEI/MESD|POWER INCOMING RACK|Converter korenix burnt|WS20
INTERLOCKING SYSTEM|MEI/MESD|POWER INCOMING RACK|System intermittent|WS20
INTERLOCKING SYSTEM|MEI/MESD|POWER INCOMING RACK|Fuse blow|WS20
INTERLOCKING SYSTEM|MEI/MESD|POWER INCOMING RACK|Cable loose|WS20
INTERLOCKING SYSTEM|MEI/MESD|POWER INCOMING RACK|Over voltage|WS20
INTERLOCKING SYSTEM|MEI/MESD|POWER INCOMING RACK|Mulfuntioning during operation|WS20
INTERLOCKING SYSTEM|MEI/MESD|POWER INCOMING RACK|Fan problem|WS20
INTERLOCKING SYSTEM|MEI/MESD|POWER INCOMING RACK|Network switch issue|WS20
INTERLOCKING SYSTEM|MEI/MESD|POWER INCOMING RACK|No power|WS20
INTERLOCKING SYSTEM|MEI/MESD|POWER INCOMING RACK|Track invalid|WS20
INTERLOCKING SYSTEM|MEI/MESD|POWER INCOMING RACK|Power supply broken / burst|WS20
INTERLOCKING SYSTEM|MEI/MESD|POWER INCOMING RACK|Fiber cut|WS20
INTERLOCKING SYSTEM|MEI/MESD|POWER INCOMING RACK|MESD alarm frequently occurs|WS20
INTERLOCKING SYSTEM|MEI/MESD|POWER INCOMING RACK|Self-refresh due to system bugs|WS20
INTERLOCKING SYSTEM|MEI/MESD|POWER INCOMING RACK|Converter korenix burnt|WS20
INTERLOCKING SYSTEM|TRAIN DETECTION SYSTEM (TDS)|TRAIN DETECTION UNIT (TDU)|System intermittent|WS20
INTERLOCKING SYSTEM|TRAIN DETECTION SYSTEM (TDS)|TRAIN DETECTION UNIT (TDU)|Fuse blow|WS20
INTERLOCKING SYSTEM|TRAIN DETECTION SYSTEM (TDS)|TRAIN DETECTION UNIT (TDU)|Cable loose|WS20
INTERLOCKING SYSTEM|TRAIN DETECTION SYSTEM (TDS)|TRAIN DETECTION UNIT (TDU)|Over voltage|WS20
INTERLOCKING SYSTEM|TRAIN DETECTION SYSTEM (TDS)|TRAIN DETECTION UNIT (TDU)|Mulfuntioning during operation|WS20
INTERLOCKING SYSTEM|TRAIN DETECTION SYSTEM (TDS)|TRAIN DETECTION UNIT (TDU)|Fan problem|WS20
INTERLOCKING SYSTEM|TRAIN DETECTION SYSTEM (TDS)|TRAIN DETECTION UNIT (TDU)|Network switch issue|WS20
INTERLOCKING SYSTEM|TRAIN DETECTION SYSTEM (TDS)|TRAIN DETECTION UNIT (TDU)|No power|WS20
INTERLOCKING SYSTEM|TRAIN DETECTION SYSTEM (TDS)|TRAIN DETECTION UNIT (TDU)|Track invalid|WS20
INTERLOCKING SYSTEM|TRAIN DETECTION SYSTEM (TDS)|TRAIN DETECTION UNIT (TDU)|Power supply broken / burst|WS20
INTERLOCKING SYSTEM|TRAIN DETECTION SYSTEM (TDS)|TRAIN DETECTION UNIT (TDU)|Fiber cut|WS20
INTERLOCKING SYSTEM|TRAIN DETECTION SYSTEM (TDS)|TRAIN DETECTION UNIT (TDU)|MESD alarm frequently occurs|WS20
INTERLOCKING SYSTEM|TRAIN DETECTION SYSTEM (TDS)|TRAIN DETECTION UNIT (TDU)|Self-refresh due to system bugs|WS20
INTERLOCKING SYSTEM|TRAIN DETECTION SYSTEM (TDS)|TRAIN DETECTION UNIT (TDU)|Converter korenix burnt|WS20
INTERLOCKING SYSTEM|TRAIN DETECTION SYSTEM (TDS)|TRAIN DETECTION UNIT (TDU)|System intermittent|WS20
INTERLOCKING SYSTEM|TRAIN DETECTION SYSTEM (TDS)|TRAIN DETECTION UNIT (TDU)|Fuse blow|WS20
INTERLOCKING SYSTEM|TRAIN DETECTION SYSTEM (TDS)|TRAIN DETECTION UNIT (TDU)|Cable loose|WS20
INTERLOCKING SYSTEM|TRAIN DETECTION SYSTEM (TDS)|TRAIN DETECTION UNIT (TDU)|Over voltage|WS20
INTERLOCKING SYSTEM|TRAIN DETECTION SYSTEM (TDS)|TRAIN DETECTION UNIT (TDU)|Mulfuntioning during operation|WS20
INTERLOCKING SYSTEM|TRAIN DETECTION SYSTEM (TDS)|TRAIN DETECTION UNIT (TDU)|Fan problem|WS20
INTERLOCKING SYSTEM|TRAIN DETECTION SYSTEM (TDS)|TRAIN DETECTION UNIT (TDU)|Network switch issue|WS20
INTERLOCKING SYSTEM|TRAIN DETECTION SYSTEM (TDS)|TRAIN DETECTION UNIT (TDU)|No power|WS20
INTERLOCKING SYSTEM|TRAIN DETECTION SYSTEM (TDS)|TRAIN DETECTION UNIT (TDU)|Track invalid|WS20
INTERLOCKING SYSTEM|TRAIN DETECTION SYSTEM (TDS)|TRAIN DETECTION UNIT (TDU)|Power supply broken / burst|WS20
INTERLOCKING SYSTEM|TRAIN DETECTION SYSTEM (TDS)|TRAIN DETECTION UNIT (TDU)|Fiber cut|WS20
INTERLOCKING SYSTEM|TRAIN DETECTION SYSTEM (TDS)|TRAIN DETECTION UNIT (TDU)|MESD alarm frequently occurs|WS20
INTERLOCKING SYSTEM|TRAIN DETECTION SYSTEM (TDS)|TRAIN DETECTION UNIT (TDU)|Self-refresh due to system bugs|WS20
INTERLOCKING SYSTEM|TRAIN DETECTION SYSTEM (TDS)|TRAIN DETECTION UNIT (TDU)|Converter korenix burnt|WS20
INTERLOCKING SYSTEM|TRAIN DETECTION SYSTEM (TDS)|TRAIN DETECTION UNIT (TDU)|System intermittent|WS20
INTERLOCKING SYSTEM|TRAIN DETECTION SYSTEM (TDS)|TRAIN DETECTION UNIT (TDU)|Fuse blow|WS20
INTERLOCKING SYSTEM|TRAIN DETECTION SYSTEM (TDS)|TRAIN DETECTION UNIT (TDU)|Cable loose|WS20
INTERLOCKING SYSTEM|TRAIN DETECTION SYSTEM (TDS)|TRAIN DETECTION UNIT (TDU)|Over voltage|WS20
INTERLOCKING SYSTEM|TRAIN DETECTION SYSTEM (TDS)|TRAIN DETECTION UNIT (TDU)|Mulfuntioning during operation|WS20
INTERLOCKING SYSTEM|TRAIN DETECTION SYSTEM (TDS)|TRAIN DETECTION UNIT (TDU)|Fan problem|WS20
INTERLOCKING SYSTEM|TRAIN DETECTION SYSTEM (TDS)|TRAIN DETECTION UNIT (TDU)|Network switch issue|WS20
INTERLOCKING SYSTEM|TRAIN DETECTION SYSTEM (TDS)|TRAIN DETECTION UNIT (TDU)|No power|WS20
INTERLOCKING SYSTEM|TRAIN DETECTION SYSTEM (TDS)|TRAIN DETECTION UNIT (TDU)|Track invalid|WS20
INTERLOCKING SYSTEM|TRAIN DETECTION SYSTEM (TDS)|TRAIN DETECTION UNIT (TDU)|Power supply broken / burst|WS20
INTERLOCKING SYSTEM|TRAIN DETECTION SYSTEM (TDS)|TRAIN DETECTION UNIT (TDU)|Fiber cut|WS20
INTERLOCKING SYSTEM|TRAIN DETECTION SYSTEM (TDS)|TRAIN DETECTION UNIT (TDU)|MESD alarm frequently occurs|WS20
INTERLOCKING SYSTEM|TRAIN DETECTION SYSTEM (TDS)|TRAIN DETECTION UNIT (TDU)|Self-refresh due to system bugs|WS20
INTERLOCKING SYSTEM|TRAIN DETECTION SYSTEM (TDS)|TRAIN DETECTION UNIT (TDU)|Converter korenix burnt|WS20
INTERLOCKING SYSTEM|TRAIN DETECTION SYSTEM (TDS)|TRAIN DETECTION UNIT (TDU)|System intermittent|WS20
INTERLOCKING SYSTEM|TRAIN DETECTION SYSTEM (TDS)|TRAIN DETECTION UNIT (TDU)|Fuse blow|WS20
INTERLOCKING SYSTEM|TRAIN DETECTION SYSTEM (TDS)|TRAIN DETECTION UNIT (TDU)|Cable loose|WS20
INTERLOCKING SYSTEM|TRAIN DETECTION SYSTEM (TDS)|TRAIN DETECTION UNIT (TDU)|Over voltage|WS20
INTERLOCKING SYSTEM|TRAIN DETECTION SYSTEM (TDS)|TRAIN DETECTION UNIT (TDU)|Mulfuntioning during operation|WS20
INTERLOCKING SYSTEM|TRAIN DETECTION SYSTEM (TDS)|TRAIN DETECTION UNIT (TDU)|Fan problem|WS20
INTERLOCKING SYSTEM|TRAIN DETECTION SYSTEM (TDS)|TRAIN DETECTION UNIT (TDU)|Network switch issue|WS20
INTERLOCKING SYSTEM|TRAIN DETECTION SYSTEM (TDS)|TRAIN DETECTION UNIT (TDU)|No power|WS20
INTERLOCKING SYSTEM|TRAIN DETECTION SYSTEM (TDS)|TRAIN DETECTION UNIT (TDU)|Track invalid|WS20
INTERLOCKING SYSTEM|TRAIN DETECTION SYSTEM (TDS)|TRAIN DETECTION UNIT (TDU)|Power supply broken / burst|WS20
INTERLOCKING SYSTEM|TRAIN DETECTION SYSTEM (TDS)|TRAIN DETECTION UNIT (TDU)|Fiber cut|WS20
INTERLOCKING SYSTEM|TRAIN DETECTION SYSTEM (TDS)|TRAIN DETECTION UNIT (TDU)|MESD alarm frequently occurs|WS20
INTERLOCKING SYSTEM|TRAIN DETECTION SYSTEM (TDS)|TRAIN DETECTION UNIT (TDU)|Self-refresh due to system bugs|WS20
INTERLOCKING SYSTEM|TRAIN DETECTION SYSTEM (TDS)|TRAIN DETECTION UNIT (TDU)|Converter korenix burnt|WS20
INTERLOCKING SYSTEM|TRAIN DETECTION SYSTEM (TDS)|TRAIN DETECTION UNIT (TDU)|System intermittent|WS20
INTERLOCKING SYSTEM|TRAIN DETECTION SYSTEM (TDS)|TRAIN DETECTION UNIT (TDU)|Fuse blow|WS20
INTERLOCKING SYSTEM|TRAIN DETECTION SYSTEM (TDS)|TRAIN DETECTION UNIT (TDU)|Cable loose|WS20
INTERLOCKING SYSTEM|TRAIN DETECTION SYSTEM (TDS)|TRAIN DETECTION UNIT (TDU)|Over voltage|WS20
INTERLOCKING SYSTEM|TRAIN DETECTION SYSTEM (TDS)|TRAIN DETECTION UNIT (TDU)|Mulfuntioning during operation|WS20
INTERLOCKING SYSTEM|TRAIN DETECTION SYSTEM (TDS)|TRAIN DETECTION UNIT (TDU)|Fan problem|WS20
INTERLOCKING SYSTEM|TRAIN DETECTION SYSTEM (TDS)|TRAIN DETECTION UNIT (TDU)|Network switch issue|WS20
INTERLOCKING SYSTEM|TRAIN DETECTION SYSTEM (TDS)|TRAIN DETECTION UNIT (TDU)|No power|WS20
INTERLOCKING SYSTEM|TRAIN DETECTION SYSTEM (TDS)|TRAIN DETECTION UNIT (TDU)|Track invalid|WS20
INTERLOCKING SYSTEM|TRAIN DETECTION SYSTEM (TDS)|TRAIN DETECTION UNIT (TDU)|Power supply broken / burst|WS20
INTERLOCKING SYSTEM|TRAIN DETECTION SYSTEM (TDS)|TRAIN DETECTION UNIT (TDU)|Fiber cut|WS20
INTERLOCKING SYSTEM|TRAIN DETECTION SYSTEM (TDS)|TRAIN DETECTION UNIT (TDU)|MESD alarm frequently occurs|WS20
INTERLOCKING SYSTEM|TRAIN DETECTION SYSTEM (TDS)|TRAIN DETECTION UNIT (TDU)|Self-refresh due to system bugs|WS20
INTERLOCKING SYSTEM|TRAIN DETECTION SYSTEM (TDS)|TRAIN DETECTION UNIT (TDU)|Converter korenix burnt|WS20
INTERLOCKING SYSTEM|TRAIN DETECTION SYSTEM (TDS)|TRAIN DETECTION UNIT (TDU)|System intermittent|WS20
INTERLOCKING SYSTEM|TRAIN DETECTION SYSTEM (TDS)|TRAIN DETECTION UNIT (TDU)|Fuse blow|WS20
INTERLOCKING SYSTEM|TRAIN DETECTION SYSTEM (TDS)|TRAIN DETECTION UNIT (TDU)|Cable loose|WS20
INTERLOCKING SYSTEM|TRAIN DETECTION SYSTEM (TDS)|TRAIN DETECTION UNIT (TDU)|Over voltage|WS20
INTERLOCKING SYSTEM|TRAIN DETECTION SYSTEM (TDS)|TRAIN DETECTION UNIT (TDU)|Mulfuntioning during operation|WS20
INTERLOCKING SYSTEM|TRAIN DETECTION SYSTEM (TDS)|TRAIN DETECTION UNIT (TDU)|Fan problem|WS20
INTERLOCKING SYSTEM|TRAIN DETECTION SYSTEM (TDS)|TRAIN DETECTION UNIT (TDU)|Network switch issue|WS20
INTERLOCKING SYSTEM|TRAIN DETECTION SYSTEM (TDS)|TRAIN DETECTION UNIT (TDU)|No power|WS20
INTERLOCKING SYSTEM|TRAIN DETECTION SYSTEM (TDS)|TRAIN DETECTION UNIT (TDU)|Track invalid|WS20
INTERLOCKING SYSTEM|TRAIN DETECTION SYSTEM (TDS)|TRAIN DETECTION UNIT (TDU)|Power supply broken / burst|WS20
INTERLOCKING SYSTEM|TRAIN DETECTION SYSTEM (TDS)|TRAIN DETECTION UNIT (TDU)|Fiber cut|WS20
INTERLOCKING SYSTEM|TRAIN DETECTION SYSTEM (TDS)|TRAIN DETECTION UNIT (TDU)|MESD alarm frequently occurs|WS20
INTERLOCKING SYSTEM|TRAIN DETECTION SYSTEM (TDS)|TRAIN DETECTION UNIT (TDU)|Self-refresh due to system bugs|WS20
INTERLOCKING SYSTEM|TRAIN DETECTION SYSTEM (TDS)|TRAIN DETECTION UNIT (TDU)|Converter korenix burnt|WS20
INTERLOCKING SYSTEM|TRAIN DETECTION SYSTEM (TDS)|TRAIN DETECTION UNIT (TDU)|System intermittent|WS20
INTERLOCKING SYSTEM|TRAIN DETECTION SYSTEM (TDS)|TRAIN DETECTION UNIT (TDU)|Fuse blow|WS20
INTERLOCKING SYSTEM|TRAIN DETECTION SYSTEM (TDS)|TRAIN DETECTION UNIT (TDU)|Cable loose|WS20
INTERLOCKING SYSTEM|TRAIN DETECTION SYSTEM (TDS)|TRAIN DETECTION UNIT (TDU)|Over voltage|WS20
INTERLOCKING SYSTEM|TRAIN DETECTION SYSTEM (TDS)|TRAIN DETECTION UNIT (TDU)|Mulfuntioning during operation|WS20
INTERLOCKING SYSTEM|TRAIN DETECTION SYSTEM (TDS)|TRAIN DETECTION UNIT (TDU)|Fan problem|WS20
INTERLOCKING SYSTEM|TRAIN DETECTION SYSTEM (TDS)|TRAIN DETECTION UNIT (TDU)|Network switch issue|WS20
INTERLOCKING SYSTEM|TRAIN DETECTION SYSTEM (TDS)|TRAIN DETECTION UNIT (TDU)|No power|WS20
INTERLOCKING SYSTEM|TRAIN DETECTION SYSTEM (TDS)|TRAIN DETECTION UNIT (TDU)|Track invalid|WS20
INTERLOCKING SYSTEM|TRAIN DETECTION SYSTEM (TDS)|TRAIN DETECTION UNIT (TDU)|Power supply broken / burst|WS20
INTERLOCKING SYSTEM|TRAIN DETECTION SYSTEM (TDS)|TRAIN DETECTION UNIT (TDU)|Fiber cut|WS20
INTERLOCKING SYSTEM|TRAIN DETECTION SYSTEM (TDS)|TRAIN DETECTION UNIT (TDU)|MESD alarm frequently occurs|WS20
INTERLOCKING SYSTEM|TRAIN DETECTION SYSTEM (TDS)|TRAIN DETECTION UNIT (TDU)|Self-refresh due to system bugs|WS20
INTERLOCKING SYSTEM|TRAIN DETECTION SYSTEM (TDS)|TRAIN DETECTION UNIT (TDU)|Converter korenix burnt|WS20
INTERLOCKING SYSTEM|TRAIN DETECTION SYSTEM (TDS)|TRAIN DETECTION UNIT (TDU)|System intermittent|WS20
INTERLOCKING SYSTEM|TRAIN DETECTION SYSTEM (TDS)|TRAIN DETECTION UNIT (TDU)|Fuse blow|WS20
INTERLOCKING SYSTEM|TRAIN DETECTION SYSTEM (TDS)|TRAIN DETECTION UNIT (TDU)|Cable loose|WS20
INTERLOCKING SYSTEM|TRAIN DETECTION SYSTEM (TDS)|TRAIN DETECTION UNIT (TDU)|Over voltage|WS20
INTERLOCKING SYSTEM|TRAIN DETECTION SYSTEM (TDS)|TRAIN DETECTION UNIT (TDU)|Mulfuntioning during operation|WS20
INTERLOCKING SYSTEM|TRAIN DETECTION SYSTEM (TDS)|TRAIN DETECTION UNIT (TDU)|Fan problem|WS20
INTERLOCKING SYSTEM|TRAIN DETECTION SYSTEM (TDS)|TRAIN DETECTION UNIT (TDU)|Network switch issue|WS20
INTERLOCKING SYSTEM|TRAIN DETECTION SYSTEM (TDS)|TRAIN DETECTION UNIT (TDU)|No power|WS20
INTERLOCKING SYSTEM|TRAIN DETECTION SYSTEM (TDS)|TRAIN DETECTION UNIT (TDU)|Track invalid|WS20
INTERLOCKING SYSTEM|TRAIN DETECTION SYSTEM (TDS)|TRAIN DETECTION UNIT (TDU)|Power supply broken / burst|WS20
INTERLOCKING SYSTEM|TRAIN DETECTION SYSTEM (TDS)|TRAIN DETECTION UNIT (TDU)|Fiber cut|WS20
INTERLOCKING SYSTEM|TRAIN DETECTION SYSTEM (TDS)|TRAIN DETECTION UNIT (TDU)|MESD alarm frequently occurs|WS20
INTERLOCKING SYSTEM|TRAIN DETECTION SYSTEM (TDS)|TRAIN DETECTION UNIT (TDU)|Self-refresh due to system bugs|WS20
INTERLOCKING SYSTEM|TRAIN DETECTION SYSTEM (TDS)|TRAIN DETECTION UNIT (TDU)|Converter korenix burnt|WS20
INTERLOCKING SYSTEM|TRAIN DETECTION SYSTEM (TDS)|TRAIN DETECTION UNIT (TDU)|System intermittent|WS20
INTERLOCKING SYSTEM|TRAIN DETECTION SYSTEM (TDS)|TRAIN DETECTION UNIT (TDU)|Fuse blow|WS20
INTERLOCKING SYSTEM|TRAIN DETECTION SYSTEM (TDS)|TRAIN DETECTION UNIT (TDU)|Cable loose|WS20
INTERLOCKING SYSTEM|TRAIN DETECTION SYSTEM (TDS)|TRAIN DETECTION UNIT (TDU)|Over voltage|WS20
INTERLOCKING SYSTEM|TRAIN DETECTION SYSTEM (TDS)|TRAIN DETECTION UNIT (TDU)|Mulfuntioning during operation|WS20
INTERLOCKING SYSTEM|TRAIN DETECTION SYSTEM (TDS)|TRAIN DETECTION UNIT (TDU)|Fan problem|WS20
INTERLOCKING SYSTEM|TRAIN DETECTION SYSTEM (TDS)|TRAIN DETECTION UNIT (TDU)|Network switch issue|WS20
INTERLOCKING SYSTEM|TRAIN DETECTION SYSTEM (TDS)|TRAIN DETECTION UNIT (TDU)|No power|WS20
INTERLOCKING SYSTEM|TRAIN DETECTION SYSTEM (TDS)|TRAIN DETECTION UNIT (TDU)|Track invalid|WS20
INTERLOCKING SYSTEM|TRAIN DETECTION SYSTEM (TDS)|TRAIN DETECTION UNIT (TDU)|Power supply broken / burst|WS20
INTERLOCKING SYSTEM|TRAIN DETECTION SYSTEM (TDS)|TRAIN DETECTION UNIT (TDU)|Fiber cut|WS20
INTERLOCKING SYSTEM|TRAIN DETECTION SYSTEM (TDS)|TRAIN DETECTION UNIT (TDU)|MESD alarm frequently occurs|WS20
INTERLOCKING SYSTEM|TRAIN DETECTION SYSTEM (TDS)|TRAIN DETECTION UNIT (TDU)|Self-refresh due to system bugs|WS20
INTERLOCKING SYSTEM|TRAIN DETECTION SYSTEM (TDS)|TRAIN DETECTION UNIT (TDU)|Converter korenix burnt|WS20
INTERLOCKING SYSTEM|TRAIN DETECTION SYSTEM (TDS)|TRAIN DETECTION UNIT (TDU)|System intermittent|WS20
INTERLOCKING SYSTEM|TRAIN DETECTION SYSTEM (TDS)|TRAIN DETECTION UNIT (TDU)|Fuse blow|WS20
INTERLOCKING SYSTEM|TRAIN DETECTION SYSTEM (TDS)|TRAIN DETECTION UNIT (TDU)|Cable loose|WS20
INTERLOCKING SYSTEM|TRAIN DETECTION SYSTEM (TDS)|TRAIN DETECTION UNIT (TDU)|Over voltage|WS20
INTERLOCKING SYSTEM|TRAIN DETECTION SYSTEM (TDS)|TRAIN DETECTION UNIT (TDU)|Mulfuntioning during operation|WS20
INTERLOCKING SYSTEM|TRAIN DETECTION SYSTEM (TDS)|TRAIN DETECTION UNIT (TDU)|Fan problem|WS20
INTERLOCKING SYSTEM|TRAIN DETECTION SYSTEM (TDS)|TRAIN DETECTION UNIT (TDU)|Network switch issue|WS20
INTERLOCKING SYSTEM|TRAIN DETECTION SYSTEM (TDS)|TRAIN DETECTION UNIT (TDU)|No power|WS20
INTERLOCKING SYSTEM|TRAIN DETECTION SYSTEM (TDS)|TRAIN DETECTION UNIT (TDU)|Track invalid|WS20
INTERLOCKING SYSTEM|TRAIN DETECTION SYSTEM (TDS)|TRAIN DETECTION UNIT (TDU)|Power supply broken / burst|WS20
INTERLOCKING SYSTEM|TRAIN DETECTION SYSTEM (TDS)|TRAIN DETECTION UNIT (TDU)|Fiber cut|WS20
INTERLOCKING SYSTEM|TRAIN DETECTION SYSTEM (TDS)|TRAIN DETECTION UNIT (TDU)|MESD alarm frequently occurs|WS20
INTERLOCKING SYSTEM|TRAIN DETECTION SYSTEM (TDS)|TRAIN DETECTION UNIT (TDU)|Self-refresh due to system bugs|WS20
INTERLOCKING SYSTEM|TRAIN DETECTION SYSTEM (TDS)|TRAIN DETECTION UNIT (TDU)|Converter korenix burnt|WS20
INTERLOCKING SYSTEM|TRAIN DETECTION SYSTEM (TDS)|TRAIN DETECTION UNIT (TDU)|System intermittent|WS20
INTERLOCKING SYSTEM|TRAIN DETECTION SYSTEM (TDS)|TRAIN DETECTION UNIT (TDU)|Fuse blow|WS20
INTERLOCKING SYSTEM|TRAIN DETECTION SYSTEM (TDS)|TRAIN DETECTION UNIT (TDU)|Cable loose|WS20
INTERLOCKING SYSTEM|TRAIN DETECTION SYSTEM (TDS)|TRAIN DETECTION UNIT (TDU)|Over voltage|WS20
INTERLOCKING SYSTEM|TRAIN DETECTION SYSTEM (TDS)|TRAIN DETECTION UNIT (TDU)|Mulfuntioning during operation|WS20
INTERLOCKING SYSTEM|TRAIN DETECTION SYSTEM (TDS)|TRAIN DETECTION UNIT (TDU)|Fan problem|WS20
INTERLOCKING SYSTEM|TRAIN DETECTION SYSTEM (TDS)|TRAIN DETECTION UNIT (TDU)|Network switch issue|WS20
INTERLOCKING SYSTEM|TRAIN DETECTION SYSTEM (TDS)|TRAIN DETECTION UNIT (TDU)|No power|WS20
INTERLOCKING SYSTEM|TRAIN DETECTION SYSTEM (TDS)|TRAIN DETECTION UNIT (TDU)|Track invalid|WS20
INTERLOCKING SYSTEM|TRAIN DETECTION SYSTEM (TDS)|TRAIN DETECTION UNIT (TDU)|Power supply broken / burst|WS20
INTERLOCKING SYSTEM|TRAIN DETECTION SYSTEM (TDS)|TRAIN DETECTION UNIT (TDU)|Fiber cut|WS20
INTERLOCKING SYSTEM|TRAIN DETECTION SYSTEM (TDS)|TRAIN DETECTION UNIT (TDU)|MESD alarm frequently occurs|WS20
INTERLOCKING SYSTEM|TRAIN DETECTION SYSTEM (TDS)|TRAIN DETECTION UNIT (TDU)|Self-refresh due to system bugs|WS20
INTERLOCKING SYSTEM|TRAIN DETECTION SYSTEM (TDS)|TRAIN DETECTION UNIT (TDU)|Converter korenix burnt|WS20
INTERLOCKING SYSTEM|TRAIN DETECTION SYSTEM (TDS)|TRAIN DETECTION UNIT (TDU)|System intermittent|WS20
INTERLOCKING SYSTEM|TRAIN DETECTION SYSTEM (TDS)|TRAIN DETECTION UNIT (TDU)|Fuse blow|WS20
INTERLOCKING SYSTEM|TRAIN DETECTION SYSTEM (TDS)|TRAIN DETECTION UNIT (TDU)|Cable loose|WS20
INTERLOCKING SYSTEM|TRAIN DETECTION SYSTEM (TDS)|TRAIN DETECTION UNIT (TDU)|Over voltage|WS20
INTERLOCKING SYSTEM|TRAIN DETECTION SYSTEM (TDS)|TRAIN DETECTION UNIT (TDU)|Mulfuntioning during operation|WS20
INTERLOCKING SYSTEM|TRAIN DETECTION SYSTEM (TDS)|TRAIN DETECTION UNIT (TDU)|Fan problem|WS20
INTERLOCKING SYSTEM|TRAIN DETECTION SYSTEM (TDS)|TRAIN DETECTION UNIT (TDU)|Network switch issue|WS20
INTERLOCKING SYSTEM|TRAIN DETECTION SYSTEM (TDS)|TRAIN DETECTION UNIT (TDU)|No power|WS20
INTERLOCKING SYSTEM|TRAIN DETECTION SYSTEM (TDS)|TRAIN DETECTION UNIT (TDU)|Track invalid|WS20
INTERLOCKING SYSTEM|TRAIN DETECTION SYSTEM (TDS)|TRAIN DETECTION UNIT (TDU)|Power supply broken / burst|WS20
INTERLOCKING SYSTEM|TRAIN DETECTION SYSTEM (TDS)|TRAIN DETECTION UNIT (TDU)|Fiber cut|WS20
INTERLOCKING SYSTEM|TRAIN DETECTION SYSTEM (TDS)|TRAIN DETECTION UNIT (TDU)|MESD alarm frequently occurs|WS20
INTERLOCKING SYSTEM|TRAIN DETECTION SYSTEM (TDS)|TRAIN DETECTION UNIT (TDU)|Self-refresh due to system bugs|WS20
INTERLOCKING SYSTEM|TRAIN DETECTION SYSTEM (TDS)|TRAIN DETECTION UNIT (TDU)|Converter korenix burnt|WS20
INTERLOCKING SYSTEM|TRAIN DETECTION SYSTEM (TDS)|TRAIN DETECTION UNIT (TDU)|System intermittent|WS20
INTERLOCKING SYSTEM|TRAIN DETECTION SYSTEM (TDS)|TRAIN DETECTION UNIT (TDU)|Fuse blow|WS20
INTERLOCKING SYSTEM|TRAIN DETECTION SYSTEM (TDS)|TRAIN DETECTION UNIT (TDU)|Cable loose|WS20
INTERLOCKING SYSTEM|TRAIN DETECTION SYSTEM (TDS)|TRAIN DETECTION UNIT (TDU)|Over voltage|WS20
INTERLOCKING SYSTEM|TRAIN DETECTION SYSTEM (TDS)|TRAIN DETECTION UNIT (TDU)|Mulfuntioning during operation|WS20
INTERLOCKING SYSTEM|TRAIN DETECTION SYSTEM (TDS)|TRAIN DETECTION UNIT (TDU)|Fan problem|WS20
INTERLOCKING SYSTEM|TRAIN DETECTION SYSTEM (TDS)|TRAIN DETECTION UNIT (TDU)|Network switch issue|WS20
INTERLOCKING SYSTEM|TRAIN DETECTION SYSTEM (TDS)|TRAIN DETECTION UNIT (TDU)|No power|WS20
INTERLOCKING SYSTEM|TRAIN DETECTION SYSTEM (TDS)|TRAIN DETECTION UNIT (TDU)|Track invalid|WS20
INTERLOCKING SYSTEM|TRAIN DETECTION SYSTEM (TDS)|TRAIN DETECTION UNIT (TDU)|Power supply broken / burst|WS20
INTERLOCKING SYSTEM|TRAIN DETECTION SYSTEM (TDS)|TRAIN DETECTION UNIT (TDU)|Fiber cut|WS20
INTERLOCKING SYSTEM|TRAIN DETECTION SYSTEM (TDS)|TRAIN DETECTION UNIT (TDU)|MESD alarm frequently occurs|WS20
INTERLOCKING SYSTEM|TRAIN DETECTION SYSTEM (TDS)|TRAIN DETECTION UNIT (TDU)|Self-refresh due to system bugs|WS20
INTERLOCKING SYSTEM|TRAIN DETECTION SYSTEM (TDS)|TRAIN DETECTION UNIT (TDU)|Converter korenix burnt|WS20
INTERLOCKING SYSTEM|TRAIN DETECTION SYSTEM (TDS)|TRAIN DETECTION UNIT (TDU)|System intermittent|WS20
INTERLOCKING SYSTEM|TRAIN DETECTION SYSTEM (TDS)|TRAIN DETECTION UNIT (TDU)|Fuse blow|WS20
INTERLOCKING SYSTEM|TRAIN DETECTION SYSTEM (TDS)|TRAIN DETECTION UNIT (TDU)|Cable loose|WS20
INTERLOCKING SYSTEM|TRAIN DETECTION SYSTEM (TDS)|TRAIN DETECTION UNIT (TDU)|Over voltage|WS20
INTERLOCKING SYSTEM|TRAIN DETECTION SYSTEM (TDS)|TRAIN DETECTION UNIT (TDU)|Mulfuntioning during operation|WS20
INTERLOCKING SYSTEM|TRAIN DETECTION SYSTEM (TDS)|TRAIN DETECTION UNIT (TDU)|Fan problem|WS20
INTERLOCKING SYSTEM|TRAIN DETECTION SYSTEM (TDS)|TRAIN DETECTION UNIT (TDU)|Network switch issue|WS20
INTERLOCKING SYSTEM|TRAIN DETECTION SYSTEM (TDS)|TRAIN DETECTION UNIT (TDU)|No power|WS20
INTERLOCKING SYSTEM|TRAIN DETECTION SYSTEM (TDS)|TRAIN DETECTION UNIT (TDU)|Track invalid|WS20
INTERLOCKING SYSTEM|TRAIN DETECTION SYSTEM (TDS)|TRAIN DETECTION UNIT (TDU)|Power supply broken / burst|WS20
INTERLOCKING SYSTEM|TRAIN DETECTION SYSTEM (TDS)|TRAIN DETECTION UNIT (TDU)|Fiber cut|WS20
INTERLOCKING SYSTEM|TRAIN DETECTION SYSTEM (TDS)|TRAIN DETECTION UNIT (TDU)|MESD alarm frequently occurs|WS20
INTERLOCKING SYSTEM|TRAIN DETECTION SYSTEM (TDS)|TRAIN DETECTION UNIT (TDU)|Self-refresh due to system bugs|WS20
INTERLOCKING SYSTEM|TRAIN DETECTION SYSTEM (TDS)|TRAIN DETECTION UNIT (TDU)|Converter korenix burnt|WS20
INTERLOCKING SYSTEM|TRAIN DETECTION SYSTEM (TDS)|AXLE COUNTER (ACE)|System intermittent|WS20
INTERLOCKING SYSTEM|TRAIN DETECTION SYSTEM (TDS)|AXLE COUNTER (ACE)|Fuse blow|WS20
INTERLOCKING SYSTEM|TRAIN DETECTION SYSTEM (TDS)|AXLE COUNTER (ACE)|Cable loose|WS20
INTERLOCKING SYSTEM|TRAIN DETECTION SYSTEM (TDS)|AXLE COUNTER (ACE)|Over voltage|WS20
INTERLOCKING SYSTEM|TRAIN DETECTION SYSTEM (TDS)|AXLE COUNTER (ACE)|Mulfuntioning during operation|WS20
INTERLOCKING SYSTEM|TRAIN DETECTION SYSTEM (TDS)|AXLE COUNTER (ACE)|Fan problem|WS20
INTERLOCKING SYSTEM|TRAIN DETECTION SYSTEM (TDS)|AXLE COUNTER (ACE)|Network switch issue|WS20
INTERLOCKING SYSTEM|TRAIN DETECTION SYSTEM (TDS)|AXLE COUNTER (ACE)|No power|WS20
INTERLOCKING SYSTEM|TRAIN DETECTION SYSTEM (TDS)|AXLE COUNTER (ACE)|Track invalid|WS20
INTERLOCKING SYSTEM|TRAIN DETECTION SYSTEM (TDS)|AXLE COUNTER (ACE)|Power supply broken / burst|WS20
INTERLOCKING SYSTEM|TRAIN DETECTION SYSTEM (TDS)|AXLE COUNTER (ACE)|Fiber cut|WS20
INTERLOCKING SYSTEM|TRAIN DETECTION SYSTEM (TDS)|AXLE COUNTER (ACE)|MESD alarm frequently occurs|WS20
INTERLOCKING SYSTEM|TRAIN DETECTION SYSTEM (TDS)|AXLE COUNTER (ACE)|Self-refresh due to system bugs|WS20
INTERLOCKING SYSTEM|TRAIN DETECTION SYSTEM (TDS)|AXLE COUNTER (ACE)|Converter korenix burnt|WS20
INTERLOCKING SYSTEM|TRAIN DETECTION SYSTEM (TDS)|AXLE COUNTER (ACE)|System intermittent|WS20
INTERLOCKING SYSTEM|TRAIN DETECTION SYSTEM (TDS)|AXLE COUNTER (ACE)|Fuse blow|WS20
INTERLOCKING SYSTEM|TRAIN DETECTION SYSTEM (TDS)|AXLE COUNTER (ACE)|Cable loose|WS20
INTERLOCKING SYSTEM|TRAIN DETECTION SYSTEM (TDS)|AXLE COUNTER (ACE)|Over voltage|WS20
INTERLOCKING SYSTEM|TRAIN DETECTION SYSTEM (TDS)|AXLE COUNTER (ACE)|Mulfuntioning during operation|WS20
INTERLOCKING SYSTEM|TRAIN DETECTION SYSTEM (TDS)|AXLE COUNTER (ACE)|Fan problem|WS20
INTERLOCKING SYSTEM|TRAIN DETECTION SYSTEM (TDS)|AXLE COUNTER (ACE)|Network switch issue|WS20
INTERLOCKING SYSTEM|TRAIN DETECTION SYSTEM (TDS)|AXLE COUNTER (ACE)|No power|WS20
INTERLOCKING SYSTEM|TRAIN DETECTION SYSTEM (TDS)|AXLE COUNTER (ACE)|Track invalid|WS20
INTERLOCKING SYSTEM|TRAIN DETECTION SYSTEM (TDS)|AXLE COUNTER (ACE)|Power supply broken / burst|WS20
INTERLOCKING SYSTEM|TRAIN DETECTION SYSTEM (TDS)|AXLE COUNTER (ACE)|Fiber cut|WS20
INTERLOCKING SYSTEM|TRAIN DETECTION SYSTEM (TDS)|AXLE COUNTER (ACE)|MESD alarm frequently occurs|WS20
INTERLOCKING SYSTEM|TRAIN DETECTION SYSTEM (TDS)|AXLE COUNTER (ACE)|Self-refresh due to system bugs|WS20
INTERLOCKING SYSTEM|TRAIN DETECTION SYSTEM (TDS)|AXLE COUNTER (ACE)|Converter korenix burnt|WS20
INTERLOCKING SYSTEM|TRAIN DETECTION SYSTEM (TDS)|AXLE COUNTER (ACE)|System intermittent|WS20
INTERLOCKING SYSTEM|TRAIN DETECTION SYSTEM (TDS)|AXLE COUNTER (ACE)|Fuse blow|WS20
INTERLOCKING SYSTEM|TRAIN DETECTION SYSTEM (TDS)|AXLE COUNTER (ACE)|Cable loose|WS20
INTERLOCKING SYSTEM|TRAIN DETECTION SYSTEM (TDS)|AXLE COUNTER (ACE)|Over voltage|WS20
INTERLOCKING SYSTEM|TRAIN DETECTION SYSTEM (TDS)|AXLE COUNTER (ACE)|Mulfuntioning during operation|WS20
INTERLOCKING SYSTEM|TRAIN DETECTION SYSTEM (TDS)|AXLE COUNTER (ACE)|Fan problem|WS20
INTERLOCKING SYSTEM|TRAIN DETECTION SYSTEM (TDS)|AXLE COUNTER (ACE)|Network switch issue|WS20
INTERLOCKING SYSTEM|TRAIN DETECTION SYSTEM (TDS)|AXLE COUNTER (ACE)|No power|WS20
INTERLOCKING SYSTEM|TRAIN DETECTION SYSTEM (TDS)|AXLE COUNTER (ACE)|Track invalid|WS20
INTERLOCKING SYSTEM|TRAIN DETECTION SYSTEM (TDS)|AXLE COUNTER (ACE)|Power supply broken / burst|WS20
INTERLOCKING SYSTEM|TRAIN DETECTION SYSTEM (TDS)|AXLE COUNTER (ACE)|Fiber cut|WS20
INTERLOCKING SYSTEM|TRAIN DETECTION SYSTEM (TDS)|AXLE COUNTER (ACE)|MESD alarm frequently occurs|WS20
INTERLOCKING SYSTEM|TRAIN DETECTION SYSTEM (TDS)|AXLE COUNTER (ACE)|Self-refresh due to system bugs|WS20
INTERLOCKING SYSTEM|TRAIN DETECTION SYSTEM (TDS)|AXLE COUNTER (ACE)|Converter korenix burnt|WS20
INTERLOCKING SYSTEM|TRAIN DETECTION SYSTEM (TDS)|AXLE COUNTER (ACE)|System intermittent|WS20
INTERLOCKING SYSTEM|TRAIN DETECTION SYSTEM (TDS)|AXLE COUNTER (ACE)|Fuse blow|WS20
INTERLOCKING SYSTEM|TRAIN DETECTION SYSTEM (TDS)|AXLE COUNTER (ACE)|Cable loose|WS20
INTERLOCKING SYSTEM|TRAIN DETECTION SYSTEM (TDS)|AXLE COUNTER (ACE)|Over voltage|WS20
INTERLOCKING SYSTEM|TRAIN DETECTION SYSTEM (TDS)|AXLE COUNTER (ACE)|Mulfuntioning during operation|WS20
INTERLOCKING SYSTEM|TRAIN DETECTION SYSTEM (TDS)|AXLE COUNTER (ACE)|Fan problem|WS20
INTERLOCKING SYSTEM|TRAIN DETECTION SYSTEM (TDS)|AXLE COUNTER (ACE)|Network switch issue|WS20
INTERLOCKING SYSTEM|TRAIN DETECTION SYSTEM (TDS)|AXLE COUNTER (ACE)|No power|WS20
INTERLOCKING SYSTEM|TRAIN DETECTION SYSTEM (TDS)|AXLE COUNTER (ACE)|Track invalid|WS20
INTERLOCKING SYSTEM|TRAIN DETECTION SYSTEM (TDS)|AXLE COUNTER (ACE)|Power supply broken / burst|WS20
INTERLOCKING SYSTEM|TRAIN DETECTION SYSTEM (TDS)|AXLE COUNTER (ACE)|Fiber cut|WS20
INTERLOCKING SYSTEM|TRAIN DETECTION SYSTEM (TDS)|AXLE COUNTER (ACE)|MESD alarm frequently occurs|WS20
INTERLOCKING SYSTEM|TRAIN DETECTION SYSTEM (TDS)|AXLE COUNTER (ACE)|Self-refresh due to system bugs|WS20
INTERLOCKING SYSTEM|TRAIN DETECTION SYSTEM (TDS)|AXLE COUNTER (ACE)|Converter korenix burnt|WS20
INTERLOCKING SYSTEM|LINESIDE ELECTRONIC UNIT (LEU)|LEU SYSTEM/MODULE|System intermittent|WS20
INTERLOCKING SYSTEM|LINESIDE ELECTRONIC UNIT (LEU)|LEU SYSTEM/MODULE|Fuse blow|WS20
INTERLOCKING SYSTEM|LINESIDE ELECTRONIC UNIT (LEU)|LEU SYSTEM/MODULE|Cable loose|WS20
INTERLOCKING SYSTEM|LINESIDE ELECTRONIC UNIT (LEU)|LEU SYSTEM/MODULE|Over voltage|WS20
INTERLOCKING SYSTEM|LINESIDE ELECTRONIC UNIT (LEU)|LEU SYSTEM/MODULE|Mulfuntioning during operation|WS20
INTERLOCKING SYSTEM|LINESIDE ELECTRONIC UNIT (LEU)|LEU SYSTEM/MODULE|Fan problem|WS20
INTERLOCKING SYSTEM|LINESIDE ELECTRONIC UNIT (LEU)|LEU SYSTEM/MODULE|Network switch issue|WS20
INTERLOCKING SYSTEM|LINESIDE ELECTRONIC UNIT (LEU)|LEU SYSTEM/MODULE|No power|WS20
INTERLOCKING SYSTEM|LINESIDE ELECTRONIC UNIT (LEU)|LEU SYSTEM/MODULE|Track invalid|WS20
INTERLOCKING SYSTEM|LINESIDE ELECTRONIC UNIT (LEU)|LEU SYSTEM/MODULE|Power supply broken / burst|WS20
INTERLOCKING SYSTEM|LINESIDE ELECTRONIC UNIT (LEU)|LEU SYSTEM/MODULE|Fiber cut|WS20
INTERLOCKING SYSTEM|LINESIDE ELECTRONIC UNIT (LEU)|LEU SYSTEM/MODULE|MESD alarm frequently occurs|WS20
INTERLOCKING SYSTEM|LINESIDE ELECTRONIC UNIT (LEU)|LEU SYSTEM/MODULE|Self-refresh due to system bugs|WS20
INTERLOCKING SYSTEM|LINESIDE ELECTRONIC UNIT (LEU)|LEU SYSTEM/MODULE|Converter korenix burnt|WS20
INTERLOCKING SYSTEM|LINESIDE ELECTRONIC UNIT (LEU)|LEU SYSTEM/MODULE|System intermittent|WS20
INTERLOCKING SYSTEM|LINESIDE ELECTRONIC UNIT (LEU)|LEU SYSTEM/MODULE|Fuse blow|WS20
INTERLOCKING SYSTEM|LINESIDE ELECTRONIC UNIT (LEU)|LEU SYSTEM/MODULE|Cable loose|WS20
INTERLOCKING SYSTEM|LINESIDE ELECTRONIC UNIT (LEU)|LEU SYSTEM/MODULE|Over voltage|WS20
INTERLOCKING SYSTEM|LINESIDE ELECTRONIC UNIT (LEU)|LEU SYSTEM/MODULE|Mulfuntioning during operation|WS20
INTERLOCKING SYSTEM|LINESIDE ELECTRONIC UNIT (LEU)|LEU SYSTEM/MODULE|Fan problem|WS20
INTERLOCKING SYSTEM|LINESIDE ELECTRONIC UNIT (LEU)|LEU SYSTEM/MODULE|Network switch issue|WS20
INTERLOCKING SYSTEM|LINESIDE ELECTRONIC UNIT (LEU)|LEU SYSTEM/MODULE|No power|WS20
INTERLOCKING SYSTEM|LINESIDE ELECTRONIC UNIT (LEU)|LEU SYSTEM/MODULE|Track invalid|WS20
INTERLOCKING SYSTEM|LINESIDE ELECTRONIC UNIT (LEU)|LEU SYSTEM/MODULE|Power supply broken / burst|WS20
INTERLOCKING SYSTEM|LINESIDE ELECTRONIC UNIT (LEU)|LEU SYSTEM/MODULE|Fiber cut|WS20
INTERLOCKING SYSTEM|LINESIDE ELECTRONIC UNIT (LEU)|LEU SYSTEM/MODULE|MESD alarm frequently occurs|WS20
INTERLOCKING SYSTEM|LINESIDE ELECTRONIC UNIT (LEU)|LEU SYSTEM/MODULE|Self-refresh due to system bugs|WS20
INTERLOCKING SYSTEM|LINESIDE ELECTRONIC UNIT (LEU)|LEU SYSTEM/MODULE|Converter korenix burnt|WS20
INTERLOCKING SYSTEM|LINESIDE ELECTRONIC UNIT (LEU)|LEU SYSTEM/MODULE|System intermittent|WS20
INTERLOCKING SYSTEM|LINESIDE ELECTRONIC UNIT (LEU)|LEU SYSTEM/MODULE|Fuse blow|WS20
INTERLOCKING SYSTEM|LINESIDE ELECTRONIC UNIT (LEU)|LEU SYSTEM/MODULE|Cable loose|WS20
INTERLOCKING SYSTEM|LINESIDE ELECTRONIC UNIT (LEU)|LEU SYSTEM/MODULE|Over voltage|WS20
INTERLOCKING SYSTEM|LINESIDE ELECTRONIC UNIT (LEU)|LEU SYSTEM/MODULE|Mulfuntioning during operation|WS20
INTERLOCKING SYSTEM|LINESIDE ELECTRONIC UNIT (LEU)|LEU SYSTEM/MODULE|Fan problem|WS20
INTERLOCKING SYSTEM|LINESIDE ELECTRONIC UNIT (LEU)|LEU SYSTEM/MODULE|Network switch issue|WS20
INTERLOCKING SYSTEM|LINESIDE ELECTRONIC UNIT (LEU)|LEU SYSTEM/MODULE|No power|WS20
INTERLOCKING SYSTEM|LINESIDE ELECTRONIC UNIT (LEU)|LEU SYSTEM/MODULE|Track invalid|WS20
INTERLOCKING SYSTEM|LINESIDE ELECTRONIC UNIT (LEU)|LEU SYSTEM/MODULE|Power supply broken / burst|WS20
INTERLOCKING SYSTEM|LINESIDE ELECTRONIC UNIT (LEU)|LEU SYSTEM/MODULE|Fiber cut|WS20
INTERLOCKING SYSTEM|LINESIDE ELECTRONIC UNIT (LEU)|LEU SYSTEM/MODULE|MESD alarm frequently occurs|WS20
INTERLOCKING SYSTEM|LINESIDE ELECTRONIC UNIT (LEU)|LEU SYSTEM/MODULE|Self-refresh due to system bugs|WS20
INTERLOCKING SYSTEM|LINESIDE ELECTRONIC UNIT (LEU)|LEU SYSTEM/MODULE|Converter korenix burnt|WS20
INTERLOCKING SYSTEM|LINESIDE ELECTRONIC UNIT (LEU)|BALISE|System intermittent|WS20
INTERLOCKING SYSTEM|LINESIDE ELECTRONIC UNIT (LEU)|BALISE|Fuse blow|WS20
INTERLOCKING SYSTEM|LINESIDE ELECTRONIC UNIT (LEU)|BALISE|Cable loose|WS20
INTERLOCKING SYSTEM|LINESIDE ELECTRONIC UNIT (LEU)|BALISE|Over voltage|WS20
INTERLOCKING SYSTEM|LINESIDE ELECTRONIC UNIT (LEU)|BALISE|Mulfuntioning during operation|WS20
INTERLOCKING SYSTEM|LINESIDE ELECTRONIC UNIT (LEU)|BALISE|Fan problem|WS20
INTERLOCKING SYSTEM|LINESIDE ELECTRONIC UNIT (LEU)|BALISE|Network switch issue|WS20
INTERLOCKING SYSTEM|LINESIDE ELECTRONIC UNIT (LEU)|BALISE|No power|WS20
INTERLOCKING SYSTEM|LINESIDE ELECTRONIC UNIT (LEU)|BALISE|Track invalid|WS20
INTERLOCKING SYSTEM|LINESIDE ELECTRONIC UNIT (LEU)|BALISE|Power supply broken / burst|WS20
INTERLOCKING SYSTEM|LINESIDE ELECTRONIC UNIT (LEU)|BALISE|Fiber cut|WS20
INTERLOCKING SYSTEM|LINESIDE ELECTRONIC UNIT (LEU)|BALISE|MESD alarm frequently occurs|WS20
INTERLOCKING SYSTEM|LINESIDE ELECTRONIC UNIT (LEU)|BALISE|Self-refresh due to system bugs|WS20
INTERLOCKING SYSTEM|LINESIDE ELECTRONIC UNIT (LEU)|BALISE|Converter korenix burnt|WS20
INTERLOCKING SYSTEM|LINESIDE ELECTRONIC UNIT (LEU)|BALISE|System intermittent|WS20
INTERLOCKING SYSTEM|LINESIDE ELECTRONIC UNIT (LEU)|BALISE|Fuse blow|WS20
INTERLOCKING SYSTEM|LINESIDE ELECTRONIC UNIT (LEU)|BALISE|Cable loose|WS20
INTERLOCKING SYSTEM|LINESIDE ELECTRONIC UNIT (LEU)|BALISE|Over voltage|WS20
INTERLOCKING SYSTEM|LINESIDE ELECTRONIC UNIT (LEU)|BALISE|Mulfuntioning during operation|WS20
INTERLOCKING SYSTEM|LINESIDE ELECTRONIC UNIT (LEU)|BALISE|Fan problem|WS20
INTERLOCKING SYSTEM|LINESIDE ELECTRONIC UNIT (LEU)|BALISE|Network switch issue|WS20
INTERLOCKING SYSTEM|LINESIDE ELECTRONIC UNIT (LEU)|BALISE|No power|WS20
INTERLOCKING SYSTEM|LINESIDE ELECTRONIC UNIT (LEU)|BALISE|Track invalid|WS20
INTERLOCKING SYSTEM|LINESIDE ELECTRONIC UNIT (LEU)|BALISE|Power supply broken / burst|WS20
INTERLOCKING SYSTEM|LINESIDE ELECTRONIC UNIT (LEU)|BALISE|Fiber cut|WS20
INTERLOCKING SYSTEM|LINESIDE ELECTRONIC UNIT (LEU)|BALISE|MESD alarm frequently occurs|WS20
INTERLOCKING SYSTEM|LINESIDE ELECTRONIC UNIT (LEU)|BALISE|Self-refresh due to system bugs|WS20
INTERLOCKING SYSTEM|LINESIDE ELECTRONIC UNIT (LEU)|BALISE|Converter korenix burnt|WS20
INTERLOCKING SYSTEM|LINESIDE ELECTRONIC UNIT (LEU)|TRAFFIC LIGHT|System intermittent|WS20
INTERLOCKING SYSTEM|LINESIDE ELECTRONIC UNIT (LEU)|TRAFFIC LIGHT|Fuse blow|WS20
INTERLOCKING SYSTEM|LINESIDE ELECTRONIC UNIT (LEU)|TRAFFIC LIGHT|Cable loose|WS20
INTERLOCKING SYSTEM|LINESIDE ELECTRONIC UNIT (LEU)|TRAFFIC LIGHT|Over voltage|WS20
INTERLOCKING SYSTEM|LINESIDE ELECTRONIC UNIT (LEU)|TRAFFIC LIGHT|Mulfuntioning during operation|WS20
INTERLOCKING SYSTEM|LINESIDE ELECTRONIC UNIT (LEU)|TRAFFIC LIGHT|Fan problem|WS20
INTERLOCKING SYSTEM|LINESIDE ELECTRONIC UNIT (LEU)|TRAFFIC LIGHT|Network switch issue|WS20
INTERLOCKING SYSTEM|LINESIDE ELECTRONIC UNIT (LEU)|TRAFFIC LIGHT|No power|WS20
INTERLOCKING SYSTEM|LINESIDE ELECTRONIC UNIT (LEU)|TRAFFIC LIGHT|Track invalid|WS20
INTERLOCKING SYSTEM|LINESIDE ELECTRONIC UNIT (LEU)|TRAFFIC LIGHT|Power supply broken / burst|WS20
INTERLOCKING SYSTEM|LINESIDE ELECTRONIC UNIT (LEU)|TRAFFIC LIGHT|Fiber cut|WS20
INTERLOCKING SYSTEM|LINESIDE ELECTRONIC UNIT (LEU)|TRAFFIC LIGHT|MESD alarm frequently occurs|WS20
INTERLOCKING SYSTEM|LINESIDE ELECTRONIC UNIT (LEU)|TRAFFIC LIGHT|Self-refresh due to system bugs|WS20
INTERLOCKING SYSTEM|LINESIDE ELECTRONIC UNIT (LEU)|TRAFFIC LIGHT|Converter korenix burnt|WS20
INTERLOCKING SYSTEM|LINESIDE ELECTRONIC UNIT (LEU)|TRAFFIC LIGHT|System intermittent|WS20
INTERLOCKING SYSTEM|LINESIDE ELECTRONIC UNIT (LEU)|TRAFFIC LIGHT|Fuse blow|WS20
INTERLOCKING SYSTEM|LINESIDE ELECTRONIC UNIT (LEU)|TRAFFIC LIGHT|Cable loose|WS20
INTERLOCKING SYSTEM|LINESIDE ELECTRONIC UNIT (LEU)|TRAFFIC LIGHT|Over voltage|WS20
INTERLOCKING SYSTEM|LINESIDE ELECTRONIC UNIT (LEU)|TRAFFIC LIGHT|Mulfuntioning during operation|WS20
INTERLOCKING SYSTEM|LINESIDE ELECTRONIC UNIT (LEU)|TRAFFIC LIGHT|Fan problem|WS20
INTERLOCKING SYSTEM|LINESIDE ELECTRONIC UNIT (LEU)|TRAFFIC LIGHT|Network switch issue|WS20
INTERLOCKING SYSTEM|LINESIDE ELECTRONIC UNIT (LEU)|TRAFFIC LIGHT|No power|WS20
INTERLOCKING SYSTEM|LINESIDE ELECTRONIC UNIT (LEU)|TRAFFIC LIGHT|Track invalid|WS20
INTERLOCKING SYSTEM|LINESIDE ELECTRONIC UNIT (LEU)|TRAFFIC LIGHT|Power supply broken / burst|WS20
INTERLOCKING SYSTEM|LINESIDE ELECTRONIC UNIT (LEU)|TRAFFIC LIGHT|Fiber cut|WS20
INTERLOCKING SYSTEM|LINESIDE ELECTRONIC UNIT (LEU)|TRAFFIC LIGHT|MESD alarm frequently occurs|WS20
INTERLOCKING SYSTEM|LINESIDE ELECTRONIC UNIT (LEU)|TRAFFIC LIGHT|Self-refresh due to system bugs|WS20
INTERLOCKING SYSTEM|LINESIDE ELECTRONIC UNIT (LEU)|TRAFFIC LIGHT|Converter korenix burnt|WS20
INTERLOCKING SYSTEM|LINESIDE ELECTRONIC UNIT (LEU)|TRAFFIC LIGHT|System intermittent|WS20
INTERLOCKING SYSTEM|LINESIDE ELECTRONIC UNIT (LEU)|TRAFFIC LIGHT|Fuse blow|WS20
INTERLOCKING SYSTEM|LINESIDE ELECTRONIC UNIT (LEU)|TRAFFIC LIGHT|Cable loose|WS20
INTERLOCKING SYSTEM|LINESIDE ELECTRONIC UNIT (LEU)|TRAFFIC LIGHT|Over voltage|WS20
INTERLOCKING SYSTEM|LINESIDE ELECTRONIC UNIT (LEU)|TRAFFIC LIGHT|Mulfuntioning during operation|WS20
INTERLOCKING SYSTEM|LINESIDE ELECTRONIC UNIT (LEU)|TRAFFIC LIGHT|Fan problem|WS20
INTERLOCKING SYSTEM|LINESIDE ELECTRONIC UNIT (LEU)|TRAFFIC LIGHT|Network switch issue|WS20
INTERLOCKING SYSTEM|LINESIDE ELECTRONIC UNIT (LEU)|TRAFFIC LIGHT|No power|WS20
INTERLOCKING SYSTEM|LINESIDE ELECTRONIC UNIT (LEU)|TRAFFIC LIGHT|Track invalid|WS20
INTERLOCKING SYSTEM|LINESIDE ELECTRONIC UNIT (LEU)|TRAFFIC LIGHT|Power supply broken / burst|WS20
INTERLOCKING SYSTEM|LINESIDE ELECTRONIC UNIT (LEU)|TRAFFIC LIGHT|Fiber cut|WS20
INTERLOCKING SYSTEM|LINESIDE ELECTRONIC UNIT (LEU)|TRAFFIC LIGHT|MESD alarm frequently occurs|WS20
INTERLOCKING SYSTEM|LINESIDE ELECTRONIC UNIT (LEU)|TRAFFIC LIGHT|Self-refresh due to system bugs|WS20
INTERLOCKING SYSTEM|LINESIDE ELECTRONIC UNIT (LEU)|TRAFFIC LIGHT|Converter korenix burnt|WS20
INTERLOCKING SYSTEM|KVM|KVM SWITCH|System intermittent|WS20
INTERLOCKING SYSTEM|KVM|KVM SWITCH|Fuse blow|WS20
INTERLOCKING SYSTEM|KVM|KVM SWITCH|Cable loose|WS20
INTERLOCKING SYSTEM|KVM|KVM SWITCH|Over voltage|WS20
INTERLOCKING SYSTEM|KVM|KVM SWITCH|Mulfuntioning during operation|WS20
INTERLOCKING SYSTEM|KVM|KVM SWITCH|Fan problem|WS20
INTERLOCKING SYSTEM|KVM|KVM SWITCH|Network switch issue|WS20
INTERLOCKING SYSTEM|KVM|KVM SWITCH|No power|WS20
INTERLOCKING SYSTEM|KVM|KVM SWITCH|Track invalid|WS20
INTERLOCKING SYSTEM|KVM|KVM SWITCH|Power supply broken / burst|WS20
INTERLOCKING SYSTEM|KVM|KVM SWITCH|Fiber cut|WS20
INTERLOCKING SYSTEM|KVM|KVM SWITCH|MESD alarm frequently occurs|WS20
INTERLOCKING SYSTEM|KVM|KVM SWITCH|Self-refresh due to system bugs|WS20
INTERLOCKING SYSTEM|KVM|KVM SWITCH|Converter korenix burnt|WS20
INTERLOCKING SYSTEM|Optical Fiber|Optical Distribution Frame (ODF)|System intermittent|WS20
INTERLOCKING SYSTEM|Optical Fiber|Optical Distribution Frame (ODF)|Fuse blow|WS20
INTERLOCKING SYSTEM|Optical Fiber|Optical Distribution Frame (ODF)|Cable loose|WS20
INTERLOCKING SYSTEM|Optical Fiber|Optical Distribution Frame (ODF)|Over voltage|WS20
INTERLOCKING SYSTEM|Optical Fiber|Optical Distribution Frame (ODF)|Mulfuntioning during operation|WS20
INTERLOCKING SYSTEM|Optical Fiber|Optical Distribution Frame (ODF)|Fan problem|WS20
INTERLOCKING SYSTEM|Optical Fiber|Optical Distribution Frame (ODF)|Network switch issue|WS20
INTERLOCKING SYSTEM|Optical Fiber|Optical Distribution Frame (ODF)|No power|WS20
INTERLOCKING SYSTEM|Optical Fiber|Optical Distribution Frame (ODF)|Track invalid|WS20
INTERLOCKING SYSTEM|Optical Fiber|Optical Distribution Frame (ODF)|Power supply broken / burst|WS20
INTERLOCKING SYSTEM|Optical Fiber|Optical Distribution Frame (ODF)|Fiber cut|WS20
INTERLOCKING SYSTEM|Optical Fiber|Optical Distribution Frame (ODF)|MESD alarm frequently occurs|WS20
INTERLOCKING SYSTEM|Optical Fiber|Optical Distribution Frame (ODF)|Self-refresh due to system bugs|WS20
INTERLOCKING SYSTEM|Optical Fiber|Optical Distribution Frame (ODF)|Converter korenix burnt|WS20
INTERLOCKING SYSTEM|Optical Fiber|Optical Distribution Frame (ODF)|System intermittent|WS20
INTERLOCKING SYSTEM|Optical Fiber|Optical Distribution Frame (ODF)|Fuse blow|WS20
INTERLOCKING SYSTEM|Optical Fiber|Optical Distribution Frame (ODF)|Cable loose|WS20
INTERLOCKING SYSTEM|Optical Fiber|Optical Distribution Frame (ODF)|Over voltage|WS20
INTERLOCKING SYSTEM|Optical Fiber|Optical Distribution Frame (ODF)|Mulfuntioning during operation|WS20
INTERLOCKING SYSTEM|Optical Fiber|Optical Distribution Frame (ODF)|Fan problem|WS20
INTERLOCKING SYSTEM|Optical Fiber|Optical Distribution Frame (ODF)|Network switch issue|WS20
INTERLOCKING SYSTEM|Optical Fiber|Optical Distribution Frame (ODF)|No power|WS20
INTERLOCKING SYSTEM|Optical Fiber|Optical Distribution Frame (ODF)|Track invalid|WS20
INTERLOCKING SYSTEM|Optical Fiber|Optical Distribution Frame (ODF)|Power supply broken / burst|WS20
INTERLOCKING SYSTEM|Optical Fiber|Optical Distribution Frame (ODF)|Fiber cut|WS20
INTERLOCKING SYSTEM|Optical Fiber|Optical Distribution Frame (ODF)|MESD alarm frequently occurs|WS20
INTERLOCKING SYSTEM|Optical Fiber|Optical Distribution Frame (ODF)|Self-refresh due to system bugs|WS20
INTERLOCKING SYSTEM|Optical Fiber|Optical Distribution Frame (ODF)|Converter korenix burnt|WS20
INTERLOCKING SYSTEM|Optical Fiber|Optical Distribution Frame (ODF)|System intermittent|WS20
INTERLOCKING SYSTEM|Optical Fiber|Optical Distribution Frame (ODF)|Fuse blow|WS20
INTERLOCKING SYSTEM|Optical Fiber|Optical Distribution Frame (ODF)|Cable loose|WS20
INTERLOCKING SYSTEM|Optical Fiber|Optical Distribution Frame (ODF)|Over voltage|WS20
INTERLOCKING SYSTEM|Optical Fiber|Optical Distribution Frame (ODF)|Mulfuntioning during operation|WS20
INTERLOCKING SYSTEM|Optical Fiber|Optical Distribution Frame (ODF)|Fan problem|WS20
INTERLOCKING SYSTEM|Optical Fiber|Optical Distribution Frame (ODF)|Network switch issue|WS20
INTERLOCKING SYSTEM|Optical Fiber|Optical Distribution Frame (ODF)|No power|WS20
INTERLOCKING SYSTEM|Optical Fiber|Optical Distribution Frame (ODF)|Track invalid|WS20
INTERLOCKING SYSTEM|Optical Fiber|Optical Distribution Frame (ODF)|Power supply broken / burst|WS20
INTERLOCKING SYSTEM|Optical Fiber|Optical Distribution Frame (ODF)|Fiber cut|WS20
INTERLOCKING SYSTEM|Optical Fiber|Optical Distribution Frame (ODF)|MESD alarm frequently occurs|WS20
INTERLOCKING SYSTEM|Optical Fiber|Optical Distribution Frame (ODF)|Self-refresh due to system bugs|WS20
INTERLOCKING SYSTEM|Optical Fiber|Optical Distribution Frame (ODF)|Converter korenix burnt|WS20
INTERLOCKING SYSTEM|Optical Fiber|Optical Distribution Frame (ODF)|System intermittent|WS20
INTERLOCKING SYSTEM|Optical Fiber|Optical Distribution Frame (ODF)|Fuse blow|WS20
INTERLOCKING SYSTEM|Optical Fiber|Optical Distribution Frame (ODF)|Cable loose|WS20
INTERLOCKING SYSTEM|Optical Fiber|Optical Distribution Frame (ODF)|Over voltage|WS20
INTERLOCKING SYSTEM|Optical Fiber|Optical Distribution Frame (ODF)|Mulfuntioning during operation|WS20
INTERLOCKING SYSTEM|Optical Fiber|Optical Distribution Frame (ODF)|Fan problem|WS20
INTERLOCKING SYSTEM|Optical Fiber|Optical Distribution Frame (ODF)|Network switch issue|WS20
INTERLOCKING SYSTEM|Optical Fiber|Optical Distribution Frame (ODF)|No power|WS20
INTERLOCKING SYSTEM|Optical Fiber|Optical Distribution Frame (ODF)|Track invalid|WS20
INTERLOCKING SYSTEM|Optical Fiber|Optical Distribution Frame (ODF)|Power supply broken / burst|WS20
INTERLOCKING SYSTEM|Optical Fiber|Optical Distribution Frame (ODF)|Fiber cut|WS20
INTERLOCKING SYSTEM|Optical Fiber|Optical Distribution Frame (ODF)|MESD alarm frequently occurs|WS20
INTERLOCKING SYSTEM|Optical Fiber|Optical Distribution Frame (ODF)|Self-refresh due to system bugs|WS20
INTERLOCKING SYSTEM|Optical Fiber|Optical Distribution Frame (ODF)|Converter korenix burnt|WS20
INTERLOCKING SYSTEM|Optical Fiber|Optical Distribution Frame (ODF)|System intermittent|WS20
INTERLOCKING SYSTEM|Optical Fiber|Optical Distribution Frame (ODF)|Fuse blow|WS20
INTERLOCKING SYSTEM|Optical Fiber|Optical Distribution Frame (ODF)|Cable loose|WS20
INTERLOCKING SYSTEM|Optical Fiber|Optical Distribution Frame (ODF)|Over voltage|WS20
INTERLOCKING SYSTEM|Optical Fiber|Optical Distribution Frame (ODF)|Mulfuntioning during operation|WS20
INTERLOCKING SYSTEM|Optical Fiber|Optical Distribution Frame (ODF)|Fan problem|WS20
INTERLOCKING SYSTEM|Optical Fiber|Optical Distribution Frame (ODF)|Network switch issue|WS20
INTERLOCKING SYSTEM|Optical Fiber|Optical Distribution Frame (ODF)|No power|WS20
INTERLOCKING SYSTEM|Optical Fiber|Optical Distribution Frame (ODF)|Track invalid|WS20
INTERLOCKING SYSTEM|Optical Fiber|Optical Distribution Frame (ODF)|Power supply broken / burst|WS20
INTERLOCKING SYSTEM|Optical Fiber|Optical Distribution Frame (ODF)|Fiber cut|WS20
INTERLOCKING SYSTEM|Optical Fiber|Optical Distribution Frame (ODF)|MESD alarm frequently occurs|WS20
INTERLOCKING SYSTEM|Optical Fiber|Optical Distribution Frame (ODF)|Self-refresh due to system bugs|WS20
INTERLOCKING SYSTEM|Optical Fiber|Optical Distribution Frame (ODF)|Converter korenix burnt|WS20
INTERLOCKING SYSTEM|Optical Fiber|Optical Distribution Frame (ODF)|System intermittent|WS20
INTERLOCKING SYSTEM|Optical Fiber|Optical Distribution Frame (ODF)|Fuse blow|WS20
INTERLOCKING SYSTEM|Optical Fiber|Optical Distribution Frame (ODF)|Cable loose|WS20
INTERLOCKING SYSTEM|Optical Fiber|Optical Distribution Frame (ODF)|Over voltage|WS20
INTERLOCKING SYSTEM|Optical Fiber|Optical Distribution Frame (ODF)|Mulfuntioning during operation|WS20
INTERLOCKING SYSTEM|Optical Fiber|Optical Distribution Frame (ODF)|Fan problem|WS20
INTERLOCKING SYSTEM|Optical Fiber|Optical Distribution Frame (ODF)|Network switch issue|WS20
INTERLOCKING SYSTEM|Optical Fiber|Optical Distribution Frame (ODF)|No power|WS20
INTERLOCKING SYSTEM|Optical Fiber|Optical Distribution Frame (ODF)|Track invalid|WS20
INTERLOCKING SYSTEM|Optical Fiber|Optical Distribution Frame (ODF)|Power supply broken / burst|WS20
INTERLOCKING SYSTEM|Optical Fiber|Optical Distribution Frame (ODF)|Fiber cut|WS20
INTERLOCKING SYSTEM|Optical Fiber|Optical Distribution Frame (ODF)|MESD alarm frequently occurs|WS20
INTERLOCKING SYSTEM|Optical Fiber|Optical Distribution Frame (ODF)|Self-refresh due to system bugs|WS20
INTERLOCKING SYSTEM|Optical Fiber|Optical Distribution Frame (ODF)|Converter korenix burnt|WS20
INTERLOCKING SYSTEM|MESD|LSC|System intermittent|WS20
INTERLOCKING SYSTEM|MESD|LSC|Fuse blow|WS20
INTERLOCKING SYSTEM|MESD|LSC|Cable loose|WS20
INTERLOCKING SYSTEM|MESD|LSC|Over voltage|WS20
INTERLOCKING SYSTEM|MESD|LSC|Mulfuntioning during operation|WS20
INTERLOCKING SYSTEM|MESD|LSC|Fan problem|WS20
INTERLOCKING SYSTEM|MESD|LSC|Network switch issue|WS20
INTERLOCKING SYSTEM|MESD|LSC|No power|WS20
INTERLOCKING SYSTEM|MESD|LSC|Track invalid|WS20
INTERLOCKING SYSTEM|MESD|LSC|Power supply broken / burst|WS20
INTERLOCKING SYSTEM|MESD|LSC|Fiber cut|WS20
INTERLOCKING SYSTEM|MESD|LSC|MESD alarm frequently occurs|WS20
INTERLOCKING SYSTEM|MESD|LSC|Self-refresh due to system bugs|WS20
INTERLOCKING SYSTEM|MESD|LSC|Converter korenix burnt|WS20
INTERLOCKING SYSTEM|HIMA MATRIX|POWER SUPPLY UNIT|System intermittent|WS20
INTERLOCKING SYSTEM|HIMA MATRIX|POWER SUPPLY UNIT|Fuse blow|WS20
INTERLOCKING SYSTEM|HIMA MATRIX|POWER SUPPLY UNIT|Cable loose|WS20
INTERLOCKING SYSTEM|HIMA MATRIX|POWER SUPPLY UNIT|Over voltage|WS20
INTERLOCKING SYSTEM|HIMA MATRIX|POWER SUPPLY UNIT|Mulfuntioning during operation|WS20
INTERLOCKING SYSTEM|HIMA MATRIX|POWER SUPPLY UNIT|Fan problem|WS20
INTERLOCKING SYSTEM|HIMA MATRIX|POWER SUPPLY UNIT|Network switch issue|WS20
INTERLOCKING SYSTEM|HIMA MATRIX|POWER SUPPLY UNIT|No power|WS20
INTERLOCKING SYSTEM|HIMA MATRIX|POWER SUPPLY UNIT|Track invalid|WS20
INTERLOCKING SYSTEM|HIMA MATRIX|POWER SUPPLY UNIT|Power supply broken / burst|WS20
INTERLOCKING SYSTEM|HIMA MATRIX|POWER SUPPLY UNIT|Fiber cut|WS20
INTERLOCKING SYSTEM|HIMA MATRIX|POWER SUPPLY UNIT|MESD alarm frequently occurs|WS20
INTERLOCKING SYSTEM|HIMA MATRIX|POWER SUPPLY UNIT|Self-refresh due to system bugs|WS20
INTERLOCKING SYSTEM|HIMA MATRIX|POWER SUPPLY UNIT|Converter korenix burnt|WS20
INTERLOCKING SYSTEM|HIMA MATRIX|Power Supply Unit card|System intermittent|WS20
INTERLOCKING SYSTEM|HIMA MATRIX|Power Supply Unit card|Fuse blow|WS20
INTERLOCKING SYSTEM|HIMA MATRIX|Power Supply Unit card|Cable loose|WS20
INTERLOCKING SYSTEM|HIMA MATRIX|Power Supply Unit card|Over voltage|WS20
INTERLOCKING SYSTEM|HIMA MATRIX|Power Supply Unit card|Mulfuntioning during operation|WS20
INTERLOCKING SYSTEM|HIMA MATRIX|Power Supply Unit card|Fan problem|WS20
INTERLOCKING SYSTEM|HIMA MATRIX|Power Supply Unit card|Network switch issue|WS20
INTERLOCKING SYSTEM|HIMA MATRIX|Power Supply Unit card|No power|WS20
INTERLOCKING SYSTEM|HIMA MATRIX|Power Supply Unit card|Track invalid|WS20
INTERLOCKING SYSTEM|HIMA MATRIX|Power Supply Unit card|Power supply broken / burst|WS20
INTERLOCKING SYSTEM|HIMA MATRIX|Power Supply Unit card|Fiber cut|WS20
INTERLOCKING SYSTEM|HIMA MATRIX|Power Supply Unit card|MESD alarm frequently occurs|WS20
INTERLOCKING SYSTEM|HIMA MATRIX|Power Supply Unit card|Self-refresh due to system bugs|WS20
INTERLOCKING SYSTEM|HIMA MATRIX|Power Supply Unit card|Converter korenix burnt|WS20
INTERLOCKING SYSTEM|HIMA MATRIX|CPU Card|System intermittent|WS20
INTERLOCKING SYSTEM|HIMA MATRIX|CPU Card|Fuse blow|WS20
INTERLOCKING SYSTEM|HIMA MATRIX|CPU Card|Cable loose|WS20
INTERLOCKING SYSTEM|HIMA MATRIX|CPU Card|Over voltage|WS20
INTERLOCKING SYSTEM|HIMA MATRIX|CPU Card|Mulfuntioning during operation|WS20
INTERLOCKING SYSTEM|HIMA MATRIX|CPU Card|Fan problem|WS20
INTERLOCKING SYSTEM|HIMA MATRIX|CPU Card|Network switch issue|WS20
INTERLOCKING SYSTEM|HIMA MATRIX|CPU Card|No power|WS20
INTERLOCKING SYSTEM|HIMA MATRIX|CPU Card|Track invalid|WS20
INTERLOCKING SYSTEM|HIMA MATRIX|CPU Card|Power supply broken / burst|WS20
INTERLOCKING SYSTEM|HIMA MATRIX|CPU Card|Fiber cut|WS20
INTERLOCKING SYSTEM|HIMA MATRIX|CPU Card|MESD alarm frequently occurs|WS20
INTERLOCKING SYSTEM|HIMA MATRIX|CPU Card|Self-refresh due to system bugs|WS20
INTERLOCKING SYSTEM|HIMA MATRIX|CPU Card|Converter korenix burnt|WS20
INTERLOCKING SYSTEM|HIMA MATRIX|Digital Input Card 32|System intermittent|WS20
INTERLOCKING SYSTEM|HIMA MATRIX|Digital Input Card 32|Fuse blow|WS20
INTERLOCKING SYSTEM|HIMA MATRIX|Digital Input Card 32|Cable loose|WS20
INTERLOCKING SYSTEM|HIMA MATRIX|Digital Input Card 32|Over voltage|WS20
INTERLOCKING SYSTEM|HIMA MATRIX|Digital Input Card 32|Mulfuntioning during operation|WS20
INTERLOCKING SYSTEM|HIMA MATRIX|Digital Input Card 32|Fan problem|WS20
INTERLOCKING SYSTEM|HIMA MATRIX|Digital Input Card 32|Network switch issue|WS20
INTERLOCKING SYSTEM|HIMA MATRIX|Digital Input Card 32|No power|WS20
INTERLOCKING SYSTEM|HIMA MATRIX|Digital Input Card 32|Track invalid|WS20
INTERLOCKING SYSTEM|HIMA MATRIX|Digital Input Card 32|Power supply broken / burst|WS20
INTERLOCKING SYSTEM|HIMA MATRIX|Digital Input Card 32|Fiber cut|WS20
INTERLOCKING SYSTEM|HIMA MATRIX|Digital Input Card 32|MESD alarm frequently occurs|WS20
INTERLOCKING SYSTEM|HIMA MATRIX|Digital Input Card 32|Self-refresh due to system bugs|WS20
INTERLOCKING SYSTEM|HIMA MATRIX|Digital Input Card 32|Converter korenix burnt|WS20
INTERLOCKING SYSTEM|HIMA MATRIX|Digital Input / Output Card 24/16|System intermittent|WS20
INTERLOCKING SYSTEM|HIMA MATRIX|Digital Input / Output Card 24/16|Fuse blow|WS20
INTERLOCKING SYSTEM|HIMA MATRIX|Digital Input / Output Card 24/16|Cable loose|WS20
INTERLOCKING SYSTEM|HIMA MATRIX|Digital Input / Output Card 24/16|Over voltage|WS20
INTERLOCKING SYSTEM|HIMA MATRIX|Digital Input / Output Card 24/16|Mulfuntioning during operation|WS20
INTERLOCKING SYSTEM|HIMA MATRIX|Digital Input / Output Card 24/16|Fan problem|WS20
INTERLOCKING SYSTEM|HIMA MATRIX|Digital Input / Output Card 24/16|Network switch issue|WS20
INTERLOCKING SYSTEM|HIMA MATRIX|Digital Input / Output Card 24/16|No power|WS20
INTERLOCKING SYSTEM|HIMA MATRIX|Digital Input / Output Card 24/16|Track invalid|WS20
INTERLOCKING SYSTEM|HIMA MATRIX|Digital Input / Output Card 24/16|Power supply broken / burst|WS20
INTERLOCKING SYSTEM|HIMA MATRIX|Digital Input / Output Card 24/16|Fiber cut|WS20
INTERLOCKING SYSTEM|HIMA MATRIX|Digital Input / Output Card 24/16|MESD alarm frequently occurs|WS20
INTERLOCKING SYSTEM|HIMA MATRIX|Digital Input / Output Card 24/16|Self-refresh due to system bugs|WS20
INTERLOCKING SYSTEM|HIMA MATRIX|Digital Input / Output Card 24/16|Converter korenix burnt|WS20
INTERLOCKING SYSTEM|HIMA MATRIX|Safety Relay|System intermittent|WS20
INTERLOCKING SYSTEM|HIMA MATRIX|Safety Relay|Fuse blow|WS20
INTERLOCKING SYSTEM|HIMA MATRIX|Safety Relay|Cable loose|WS20
INTERLOCKING SYSTEM|HIMA MATRIX|Safety Relay|Over voltage|WS20
INTERLOCKING SYSTEM|HIMA MATRIX|Safety Relay|Mulfuntioning during operation|WS20
INTERLOCKING SYSTEM|HIMA MATRIX|Safety Relay|Fan problem|WS20
INTERLOCKING SYSTEM|HIMA MATRIX|Safety Relay|Network switch issue|WS20
INTERLOCKING SYSTEM|HIMA MATRIX|Safety Relay|No power|WS20
INTERLOCKING SYSTEM|HIMA MATRIX|Safety Relay|Track invalid|WS20
INTERLOCKING SYSTEM|HIMA MATRIX|Safety Relay|Power supply broken / burst|WS20
INTERLOCKING SYSTEM|HIMA MATRIX|Safety Relay|Fiber cut|WS20
INTERLOCKING SYSTEM|HIMA MATRIX|Safety Relay|MESD alarm frequently occurs|WS20
INTERLOCKING SYSTEM|HIMA MATRIX|Safety Relay|Self-refresh due to system bugs|WS20
INTERLOCKING SYSTEM|HIMA MATRIX|Safety Relay|Converter korenix burnt|WS20
INTERLOCKING SYSTEM|HIMA MATRIX|Non Safety Relay|System intermittent|WS20
INTERLOCKING SYSTEM|HIMA MATRIX|Non Safety Relay|Fuse blow|WS20
INTERLOCKING SYSTEM|HIMA MATRIX|Non Safety Relay|Cable loose|WS20
INTERLOCKING SYSTEM|HIMA MATRIX|Non Safety Relay|Over voltage|WS20
INTERLOCKING SYSTEM|HIMA MATRIX|Non Safety Relay|Mulfuntioning during operation|WS20
INTERLOCKING SYSTEM|HIMA MATRIX|Non Safety Relay|Fan problem|WS20
INTERLOCKING SYSTEM|HIMA MATRIX|Non Safety Relay|Network switch issue|WS20
INTERLOCKING SYSTEM|HIMA MATRIX|Non Safety Relay|No power|WS20
INTERLOCKING SYSTEM|HIMA MATRIX|Non Safety Relay|Track invalid|WS20
INTERLOCKING SYSTEM|HIMA MATRIX|Non Safety Relay|Power supply broken / burst|WS20
INTERLOCKING SYSTEM|HIMA MATRIX|Non Safety Relay|Fiber cut|WS20
INTERLOCKING SYSTEM|HIMA MATRIX|Non Safety Relay|MESD alarm frequently occurs|WS20
INTERLOCKING SYSTEM|HIMA MATRIX|Non Safety Relay|Self-refresh due to system bugs|WS20
INTERLOCKING SYSTEM|HIMA MATRIX|Non Safety Relay|Converter korenix burnt|WS20
INTERLOCKING SYSTEM|HIMA MATRIX|RELAY|System intermittent|WS20
INTERLOCKING SYSTEM|HIMA MATRIX|RELAY|Fuse blow|WS20
INTERLOCKING SYSTEM|HIMA MATRIX|RELAY|Cable loose|WS20
INTERLOCKING SYSTEM|HIMA MATRIX|RELAY|Over voltage|WS20
INTERLOCKING SYSTEM|HIMA MATRIX|RELAY|Mulfuntioning during operation|WS20
INTERLOCKING SYSTEM|HIMA MATRIX|RELAY|Fan problem|WS20
INTERLOCKING SYSTEM|HIMA MATRIX|RELAY|Network switch issue|WS20
INTERLOCKING SYSTEM|HIMA MATRIX|RELAY|No power|WS20
INTERLOCKING SYSTEM|HIMA MATRIX|RELAY|Track invalid|WS20
INTERLOCKING SYSTEM|HIMA MATRIX|RELAY|Power supply broken / burst|WS20
INTERLOCKING SYSTEM|HIMA MATRIX|RELAY|Fiber cut|WS20
INTERLOCKING SYSTEM|HIMA MATRIX|RELAY|MESD alarm frequently occurs|WS20
INTERLOCKING SYSTEM|HIMA MATRIX|RELAY|Self-refresh due to system bugs|WS20
INTERLOCKING SYSTEM|HIMA MATRIX|RELAY|Converter korenix burnt|WS20
INTERLOCKING SYSTEM|HIMA MATRIX|EARTH LEAKAGE DETECTOR|System intermittent|WS20
INTERLOCKING SYSTEM|HIMA MATRIX|EARTH LEAKAGE DETECTOR|Fuse blow|WS20
INTERLOCKING SYSTEM|HIMA MATRIX|EARTH LEAKAGE DETECTOR|Cable loose|WS20
INTERLOCKING SYSTEM|HIMA MATRIX|EARTH LEAKAGE DETECTOR|Over voltage|WS20
INTERLOCKING SYSTEM|HIMA MATRIX|EARTH LEAKAGE DETECTOR|Mulfuntioning during operation|WS20
INTERLOCKING SYSTEM|HIMA MATRIX|EARTH LEAKAGE DETECTOR|Fan problem|WS20
INTERLOCKING SYSTEM|HIMA MATRIX|EARTH LEAKAGE DETECTOR|Network switch issue|WS20
INTERLOCKING SYSTEM|HIMA MATRIX|EARTH LEAKAGE DETECTOR|No power|WS20
INTERLOCKING SYSTEM|HIMA MATRIX|EARTH LEAKAGE DETECTOR|Track invalid|WS20
INTERLOCKING SYSTEM|HIMA MATRIX|EARTH LEAKAGE DETECTOR|Power supply broken / burst|WS20
INTERLOCKING SYSTEM|HIMA MATRIX|EARTH LEAKAGE DETECTOR|Fiber cut|WS20
INTERLOCKING SYSTEM|HIMA MATRIX|EARTH LEAKAGE DETECTOR|MESD alarm frequently occurs|WS20
INTERLOCKING SYSTEM|HIMA MATRIX|EARTH LEAKAGE DETECTOR|Self-refresh due to system bugs|WS20
INTERLOCKING SYSTEM|HIMA MATRIX|EARTH LEAKAGE DETECTOR|Converter korenix burnt|WS20
CTC System|KVM Switch|Power Adapter|System intermittent|WS20
CTC System|KVM Switch|Power Adapter|Network cable loose|WS20
CTC System|KVM Switch|Power Adapter|Cable RJ45 problem|WS20
CTC System|KVM Switch|Power Adapter|Power cable loose|WS20
CTC System|KVM Switch|Power Adapter|Power supply faulty|WS20
CTC System|KVM Switch|Power Adapter|Self-refresh due to system bugs|WS20
CTC System|KVM Switch|Power Adapter|TNB power failure|WS20
CTC System|KVM Switch|Power Adapter|Train TAG problem|WS20
CTC System|KVM Switch|Power Adapter|Surge arrestor problem|WS20
CTC System|KVM Switch|Power Adapter|Fiber optic problem|WS20
CTC System|KVM Switch|Power Adapter|Power adapter issue|WS20
CTC System|KVM Switch|Power Adapter|KVM converter issue|WS20
CTC System|KVM Switch|Power Adapter|Power adapter problem|WS20
CTC System|KVM Switch|Power Adapter|VGA cable loose|WS20
CTC System|KVM Switch|Power Adapter|No power|WS20
CTC System|KVM Switch|KVM converter|System intermittent|WS20
CTC System|KVM Switch|KVM converter|Network cable loose|WS20
CTC System|KVM Switch|KVM converter|Cable RJ45 problem|WS20
CTC System|KVM Switch|KVM converter|Power cable loose|WS20
CTC System|KVM Switch|KVM converter|Power supply faulty|WS20
CTC System|KVM Switch|KVM converter|Self-refresh due to system bugs|WS20
CTC System|KVM Switch|KVM converter|TNB power failure|WS20
CTC System|KVM Switch|KVM converter|Train TAG problem|WS20
CTC System|KVM Switch|KVM converter|Surge arrestor problem|WS20
CTC System|KVM Switch|KVM converter|Fiber optic problem|WS20
CTC System|KVM Switch|KVM converter|Power adapter issue|WS20
CTC System|KVM Switch|KVM converter|KVM converter issue|WS20
CTC System|KVM Switch|KVM converter|Power adapter problem|WS20
CTC System|KVM Switch|KVM converter|VGA cable loose|WS20
CTC System|KVM Switch|KVM converter|No power|WS20
CTC System|KVM Switch|KVM converter CTC Backup|System intermittent|WS20
CTC System|KVM Switch|KVM converter CTC Backup|Network cable loose|WS20
CTC System|KVM Switch|KVM converter CTC Backup|Cable RJ45 problem|WS20
CTC System|KVM Switch|KVM converter CTC Backup|Power cable loose|WS20
CTC System|KVM Switch|KVM converter CTC Backup|Power supply faulty|WS20
CTC System|KVM Switch|KVM converter CTC Backup|Self-refresh due to system bugs|WS20
CTC System|KVM Switch|KVM converter CTC Backup|TNB power failure|WS20
CTC System|KVM Switch|KVM converter CTC Backup|Train TAG problem|WS20
CTC System|KVM Switch|KVM converter CTC Backup|Surge arrestor problem|WS20
CTC System|KVM Switch|KVM converter CTC Backup|Fiber optic problem|WS20
CTC System|KVM Switch|KVM converter CTC Backup|Power adapter issue|WS20
CTC System|KVM Switch|KVM converter CTC Backup|KVM converter issue|WS20
CTC System|KVM Switch|KVM converter CTC Backup|Power adapter problem|WS20
CTC System|KVM Switch|KVM converter CTC Backup|VGA cable loose|WS20
CTC System|KVM Switch|KVM converter CTC Backup|No power|WS20
CTC System|KVM Switch|Network Cable|System intermittent|WS20
CTC System|KVM Switch|Network Cable|Network cable loose|WS20
CTC System|KVM Switch|Network Cable|Cable RJ45 problem|WS20
CTC System|KVM Switch|Network Cable|Power cable loose|WS20
CTC System|KVM Switch|Network Cable|Power supply faulty|WS20
CTC System|KVM Switch|Network Cable|Self-refresh due to system bugs|WS20
CTC System|KVM Switch|Network Cable|TNB power failure|WS20
CTC System|KVM Switch|Network Cable|Train TAG problem|WS20
CTC System|KVM Switch|Network Cable|Surge arrestor problem|WS20
CTC System|KVM Switch|Network Cable|Fiber optic problem|WS20
CTC System|KVM Switch|Network Cable|Power adapter issue|WS20
CTC System|KVM Switch|Network Cable|KVM converter issue|WS20
CTC System|KVM Switch|Network Cable|Power adapter problem|WS20
CTC System|KVM Switch|Network Cable|VGA cable loose|WS20
CTC System|KVM Switch|Network Cable|No power|WS20
CTC System|KVM Switch|VGA Cable|System intermittent|WS20
CTC System|KVM Switch|VGA Cable|Network cable loose|WS20
CTC System|KVM Switch|VGA Cable|Cable RJ45 problem|WS20
CTC System|KVM Switch|VGA Cable|Power cable loose|WS20
CTC System|KVM Switch|VGA Cable|Power supply faulty|WS20
CTC System|KVM Switch|VGA Cable|Self-refresh due to system bugs|WS20
CTC System|KVM Switch|VGA Cable|TNB power failure|WS20
CTC System|KVM Switch|VGA Cable|Train TAG problem|WS20
CTC System|KVM Switch|VGA Cable|Surge arrestor problem|WS20
CTC System|KVM Switch|VGA Cable|Fiber optic problem|WS20
CTC System|KVM Switch|VGA Cable|Power adapter issue|WS20
CTC System|KVM Switch|VGA Cable|KVM converter issue|WS20
CTC System|KVM Switch|VGA Cable|Power adapter problem|WS20
CTC System|KVM Switch|VGA Cable|VGA cable loose|WS20
CTC System|KVM Switch|VGA Cable|No power|WS20
CTC System|VGA Converter to DVI|VGA Cable|System intermittent|WS20
CTC System|VGA Converter to DVI|VGA Cable|Network cable loose|WS20
CTC System|VGA Converter to DVI|VGA Cable|Cable RJ45 problem|WS20
CTC System|VGA Converter to DVI|VGA Cable|Power cable loose|WS20
CTC System|VGA Converter to DVI|VGA Cable|Power supply faulty|WS20
CTC System|VGA Converter to DVI|VGA Cable|Self-refresh due to system bugs|WS20
CTC System|VGA Converter to DVI|VGA Cable|TNB power failure|WS20
CTC System|VGA Converter to DVI|VGA Cable|Train TAG problem|WS20
CTC System|VGA Converter to DVI|VGA Cable|Surge arrestor problem|WS20
CTC System|VGA Converter to DVI|VGA Cable|Fiber optic problem|WS20
CTC System|VGA Converter to DVI|VGA Cable|Power adapter issue|WS20
CTC System|VGA Converter to DVI|VGA Cable|KVM converter issue|WS20
CTC System|VGA Converter to DVI|VGA Cable|Power adapter problem|WS20
CTC System|VGA Converter to DVI|VGA Cable|VGA cable loose|WS20
CTC System|VGA Converter to DVI|VGA Cable|No power|WS20
CTC System|VGA Converter to DVI|Power Adapter|System intermittent|WS20
CTC System|VGA Converter to DVI|Power Adapter|Network cable loose|WS20
CTC System|VGA Converter to DVI|Power Adapter|Cable RJ45 problem|WS20
CTC System|VGA Converter to DVI|Power Adapter|Power cable loose|WS20
CTC System|VGA Converter to DVI|Power Adapter|Power supply faulty|WS20
CTC System|VGA Converter to DVI|Power Adapter|Self-refresh due to system bugs|WS20
CTC System|VGA Converter to DVI|Power Adapter|TNB power failure|WS20
CTC System|VGA Converter to DVI|Power Adapter|Train TAG problem|WS20
CTC System|VGA Converter to DVI|Power Adapter|Surge arrestor problem|WS20
CTC System|VGA Converter to DVI|Power Adapter|Fiber optic problem|WS20
CTC System|VGA Converter to DVI|Power Adapter|Power adapter issue|WS20
CTC System|VGA Converter to DVI|Power Adapter|KVM converter issue|WS20
CTC System|VGA Converter to DVI|Power Adapter|Power adapter problem|WS20
CTC System|VGA Converter to DVI|Power Adapter|VGA cable loose|WS20
CTC System|VGA Converter to DVI|Power Adapter|No power|WS20
CTC System|KVM Extender Received|Power Adapter|System intermittent|WS20
CTC System|KVM Extender Received|Power Adapter|Network cable loose|WS20
CTC System|KVM Extender Received|Power Adapter|Cable RJ45 problem|WS20
CTC System|KVM Extender Received|Power Adapter|Power cable loose|WS20
CTC System|KVM Extender Received|Power Adapter|Power supply faulty|WS20
CTC System|KVM Extender Received|Power Adapter|Self-refresh due to system bugs|WS20
CTC System|KVM Extender Received|Power Adapter|TNB power failure|WS20
CTC System|KVM Extender Received|Power Adapter|Train TAG problem|WS20
CTC System|KVM Extender Received|Power Adapter|Surge arrestor problem|WS20
CTC System|KVM Extender Received|Power Adapter|Fiber optic problem|WS20
CTC System|KVM Extender Received|Power Adapter|Power adapter issue|WS20
CTC System|KVM Extender Received|Power Adapter|KVM converter issue|WS20
CTC System|KVM Extender Received|Power Adapter|Power adapter problem|WS20
CTC System|KVM Extender Received|Power Adapter|VGA cable loose|WS20
CTC System|KVM Extender Received|Power Adapter|No power|WS20
CTC System|KVM Extender Received|Power Adapter|System intermittent|WS20
CTC System|KVM Extender Received|Power Adapter|Network cable loose|WS20
CTC System|KVM Extender Received|Power Adapter|Cable RJ45 problem|WS20
CTC System|KVM Extender Received|Power Adapter|Power cable loose|WS20
CTC System|KVM Extender Received|Power Adapter|Power supply faulty|WS20
CTC System|KVM Extender Received|Power Adapter|Self-refresh due to system bugs|WS20
CTC System|KVM Extender Received|Power Adapter|TNB power failure|WS20
CTC System|KVM Extender Received|Power Adapter|Train TAG problem|WS20
CTC System|KVM Extender Received|Power Adapter|Surge arrestor problem|WS20
CTC System|KVM Extender Received|Power Adapter|Fiber optic problem|WS20
CTC System|KVM Extender Received|Power Adapter|Power adapter issue|WS20
CTC System|KVM Extender Received|Power Adapter|KVM converter issue|WS20
CTC System|KVM Extender Received|Power Adapter|Power adapter problem|WS20
CTC System|KVM Extender Received|Power Adapter|VGA cable loose|WS20
CTC System|KVM Extender Received|Power Adapter|No power|WS20
CTC System|KVM Extender Received|Power Adapter|System intermittent|WS20
CTC System|KVM Extender Received|Power Adapter|Network cable loose|WS20
CTC System|KVM Extender Received|Power Adapter|Cable RJ45 problem|WS20
CTC System|KVM Extender Received|Power Adapter|Power cable loose|WS20
CTC System|KVM Extender Received|Power Adapter|Power supply faulty|WS20
CTC System|KVM Extender Received|Power Adapter|Self-refresh due to system bugs|WS20
CTC System|KVM Extender Received|Power Adapter|TNB power failure|WS20
CTC System|KVM Extender Received|Power Adapter|Train TAG problem|WS20
CTC System|KVM Extender Received|Power Adapter|Surge arrestor problem|WS20
CTC System|KVM Extender Received|Power Adapter|Fiber optic problem|WS20
CTC System|KVM Extender Received|Power Adapter|Power adapter issue|WS20
CTC System|KVM Extender Received|Power Adapter|KVM converter issue|WS20
CTC System|KVM Extender Received|Power Adapter|Power adapter problem|WS20
CTC System|KVM Extender Received|Power Adapter|VGA cable loose|WS20
CTC System|KVM Extender Received|Power Adapter|No power|WS20
CTC System|KVM Extender Received|Power Adapter|System intermittent|WS20
CTC System|KVM Extender Received|Power Adapter|Network cable loose|WS20
CTC System|KVM Extender Received|Power Adapter|Cable RJ45 problem|WS20
CTC System|KVM Extender Received|Power Adapter|Power cable loose|WS20
CTC System|KVM Extender Received|Power Adapter|Power supply faulty|WS20
CTC System|KVM Extender Received|Power Adapter|Self-refresh due to system bugs|WS20
CTC System|KVM Extender Received|Power Adapter|TNB power failure|WS20
CTC System|KVM Extender Received|Power Adapter|Train TAG problem|WS20
CTC System|KVM Extender Received|Power Adapter|Surge arrestor problem|WS20
CTC System|KVM Extender Received|Power Adapter|Fiber optic problem|WS20
CTC System|KVM Extender Received|Power Adapter|Power adapter issue|WS20
CTC System|KVM Extender Received|Power Adapter|KVM converter issue|WS20
CTC System|KVM Extender Received|Power Adapter|Power adapter problem|WS20
CTC System|KVM Extender Received|Power Adapter|VGA cable loose|WS20
CTC System|KVM Extender Received|Power Adapter|No power|WS20
CTC System|KVM Extender Received|Network Cable|System intermittent|WS20
CTC System|KVM Extender Received|Network Cable|Network cable loose|WS20
CTC System|KVM Extender Received|Network Cable|Cable RJ45 problem|WS20
CTC System|KVM Extender Received|Network Cable|Power cable loose|WS20
CTC System|KVM Extender Received|Network Cable|Power supply faulty|WS20
CTC System|KVM Extender Received|Network Cable|Self-refresh due to system bugs|WS20
CTC System|KVM Extender Received|Network Cable|TNB power failure|WS20
CTC System|KVM Extender Received|Network Cable|Train TAG problem|WS20
CTC System|KVM Extender Received|Network Cable|Surge arrestor problem|WS20
CTC System|KVM Extender Received|Network Cable|Fiber optic problem|WS20
CTC System|KVM Extender Received|Network Cable|Power adapter issue|WS20
CTC System|KVM Extender Received|Network Cable|KVM converter issue|WS20
CTC System|KVM Extender Received|Network Cable|Power adapter problem|WS20
CTC System|KVM Extender Received|Network Cable|VGA cable loose|WS20
CTC System|KVM Extender Received|Network Cable|No power|WS20
CTC System|KVM Extender Received|KVM Cable Converter|System intermittent|WS20
CTC System|KVM Extender Received|KVM Cable Converter|Network cable loose|WS20
CTC System|KVM Extender Received|KVM Cable Converter|Cable RJ45 problem|WS20
CTC System|KVM Extender Received|KVM Cable Converter|Power cable loose|WS20
CTC System|KVM Extender Received|KVM Cable Converter|Power supply faulty|WS20
CTC System|KVM Extender Received|KVM Cable Converter|Self-refresh due to system bugs|WS20
CTC System|KVM Extender Received|KVM Cable Converter|TNB power failure|WS20
CTC System|KVM Extender Received|KVM Cable Converter|Train TAG problem|WS20
CTC System|KVM Extender Received|KVM Cable Converter|Surge arrestor problem|WS20
CTC System|KVM Extender Received|KVM Cable Converter|Fiber optic problem|WS20
CTC System|KVM Extender Received|KVM Cable Converter|Power adapter issue|WS20
CTC System|KVM Extender Received|KVM Cable Converter|KVM converter issue|WS20
CTC System|KVM Extender Received|KVM Cable Converter|Power adapter problem|WS20
CTC System|KVM Extender Received|KVM Cable Converter|VGA cable loose|WS20
CTC System|KVM Extender Received|KVM Cable Converter|No power|WS20
CTC System|Optical Fiber|Fiber Patch Cord Cable|System intermittent|WS20
CTC System|Optical Fiber|Fiber Patch Cord Cable|Network cable loose|WS20
CTC System|Optical Fiber|Fiber Patch Cord Cable|Cable RJ45 problem|WS20
CTC System|Optical Fiber|Fiber Patch Cord Cable|Power cable loose|WS20
CTC System|Optical Fiber|Fiber Patch Cord Cable|Power supply faulty|WS20
CTC System|Optical Fiber|Fiber Patch Cord Cable|Self-refresh due to system bugs|WS20
CTC System|Optical Fiber|Fiber Patch Cord Cable|TNB power failure|WS20
CTC System|Optical Fiber|Fiber Patch Cord Cable|Train TAG problem|WS20
CTC System|Optical Fiber|Fiber Patch Cord Cable|Surge arrestor problem|WS20
CTC System|Optical Fiber|Fiber Patch Cord Cable|Fiber optic problem|WS20
CTC System|Optical Fiber|Fiber Patch Cord Cable|Power adapter issue|WS20
CTC System|Optical Fiber|Fiber Patch Cord Cable|KVM converter issue|WS20
CTC System|Optical Fiber|Fiber Patch Cord Cable|Power adapter problem|WS20
CTC System|Optical Fiber|Fiber Patch Cord Cable|VGA cable loose|WS20
CTC System|Optical Fiber|Fiber Patch Cord Cable|No power|WS20
CTC System|Electrical Fuse|Fiber Patch Cord Cable|System intermittent|WS20
CTC System|Electrical Fuse|Fiber Patch Cord Cable|Network cable loose|WS20
CTC System|Electrical Fuse|Fiber Patch Cord Cable|Cable RJ45 problem|WS20
CTC System|Electrical Fuse|Fiber Patch Cord Cable|Power cable loose|WS20
CTC System|Electrical Fuse|Fiber Patch Cord Cable|Power supply faulty|WS20
CTC System|Electrical Fuse|Fiber Patch Cord Cable|Self-refresh due to system bugs|WS20
CTC System|Electrical Fuse|Fiber Patch Cord Cable|TNB power failure|WS20
CTC System|Electrical Fuse|Fiber Patch Cord Cable|Train TAG problem|WS20
CTC System|Electrical Fuse|Fiber Patch Cord Cable|Surge arrestor problem|WS20
CTC System|Electrical Fuse|Fiber Patch Cord Cable|Fiber optic problem|WS20
CTC System|Electrical Fuse|Fiber Patch Cord Cable|Power adapter issue|WS20
CTC System|Electrical Fuse|Fiber Patch Cord Cable|KVM converter issue|WS20
CTC System|Electrical Fuse|Fiber Patch Cord Cable|Power adapter problem|WS20
CTC System|Electrical Fuse|Fiber Patch Cord Cable|VGA cable loose|WS20
CTC System|Electrical Fuse|Fiber Patch Cord Cable|No power|WS20
CTC System|Power Supply|Power CTC Rack|System intermittent|WS20
CTC System|Power Supply|Power CTC Rack|Network cable loose|WS20
CTC System|Power Supply|Power CTC Rack|Cable RJ45 problem|WS20
CTC System|Power Supply|Power CTC Rack|Power cable loose|WS20
CTC System|Power Supply|Power CTC Rack|Power supply faulty|WS20
CTC System|Power Supply|Power CTC Rack|Self-refresh due to system bugs|WS20
CTC System|Power Supply|Power CTC Rack|TNB power failure|WS20
CTC System|Power Supply|Power CTC Rack|Train TAG problem|WS20
CTC System|Power Supply|Power CTC Rack|Surge arrestor problem|WS20
CTC System|Power Supply|Power CTC Rack|Fiber optic problem|WS20
CTC System|Power Supply|Power CTC Rack|Power adapter issue|WS20
CTC System|Power Supply|Power CTC Rack|KVM converter issue|WS20
CTC System|Power Supply|Power CTC Rack|Power adapter problem|WS20
CTC System|Power Supply|Power CTC Rack|VGA cable loose|WS20
CTC System|Power Supply|Power CTC Rack|No power|WS20
CTS|OTN50|OPEN TRANSPORT NETWORK (N5024C)|System intermittent|WS20
CTS|OTN50|OPEN TRANSPORT NETWORK (N5024C)|OTN failures|WS20
CTS|OTN50|OPEN TRANSPORT NETWORK (N5024C)|SFP error|WS20
CTS|OTN50|OPEN TRANSPORT NETWORK (N5024C)|No connection|WS20
CTS|OTN50|OPEN TRANSPORT NETWORK (N5024C)|Fibre issue|WS20
CTS|OTN50|OPEN TRANSPORT NETWORK (N5024C)|Pig tail crack|WS20
CTS|OTN50|OPEN TRANSPORT NETWORK (N5024C)|Module card mulfunction|WS20
CTS|OTN50|OPEN TRANSPORT NETWORK (N5024C)|SFP problem|WS20
CTS|OTN50|OPEN TRANSPORT NETWORK (N5024C)|No power|WS20
CTS|OTN50|OPEN TRANSPORT NETWORK (N5024C)|Cable connection loose|WS20
CTS|OTN50|OPEN TRANSPORT NETWORK (N5024C)|System intermittent|WS20
CTS|OTN50|OPEN TRANSPORT NETWORK (N5024C)|OTN failures|WS20
CTS|OTN50|OPEN TRANSPORT NETWORK (N5024C)|SFP error|WS20
CTS|OTN50|OPEN TRANSPORT NETWORK (N5024C)|No connection|WS20
CTS|OTN50|OPEN TRANSPORT NETWORK (N5024C)|Fibre issue|WS20
CTS|OTN50|OPEN TRANSPORT NETWORK (N5024C)|Pig tail crack|WS20
CTS|OTN50|OPEN TRANSPORT NETWORK (N5024C)|Module card mulfunction|WS20
CTS|OTN50|OPEN TRANSPORT NETWORK (N5024C)|SFP problem|WS20
CTS|OTN50|OPEN TRANSPORT NETWORK (N5024C)|No power|WS20
CTS|OTN50|OPEN TRANSPORT NETWORK (N5024C)|Cable connection loose|WS20
CTS|OTN50|OPEN TRANSPORT NETWORK (N5024C)|System intermittent|WS20
CTS|OTN50|OPEN TRANSPORT NETWORK (N5024C)|OTN failures|WS20
CTS|OTN50|OPEN TRANSPORT NETWORK (N5024C)|SFP error|WS20
CTS|OTN50|OPEN TRANSPORT NETWORK (N5024C)|No connection|WS20
CTS|OTN50|OPEN TRANSPORT NETWORK (N5024C)|Fibre issue|WS20
CTS|OTN50|OPEN TRANSPORT NETWORK (N5024C)|Pig tail crack|WS20
CTS|OTN50|OPEN TRANSPORT NETWORK (N5024C)|Module card mulfunction|WS20
CTS|OTN50|OPEN TRANSPORT NETWORK (N5024C)|SFP problem|WS20
CTS|OTN50|OPEN TRANSPORT NETWORK (N5024C)|No power|WS20
CTS|OTN50|OPEN TRANSPORT NETWORK (N5024C)|Cable connection loose|WS20
CTS|OTN50|OPEN TRANSPORT NETWORK (N5024C)|System intermittent|WS20
CTS|OTN50|OPEN TRANSPORT NETWORK (N5024C)|OTN failures|WS20
CTS|OTN50|OPEN TRANSPORT NETWORK (N5024C)|SFP error|WS20
CTS|OTN50|OPEN TRANSPORT NETWORK (N5024C)|No connection|WS20
CTS|OTN50|OPEN TRANSPORT NETWORK (N5024C)|Fibre issue|WS20
CTS|OTN50|OPEN TRANSPORT NETWORK (N5024C)|Pig tail crack|WS20
CTS|OTN50|OPEN TRANSPORT NETWORK (N5024C)|Module card mulfunction|WS20
CTS|OTN50|OPEN TRANSPORT NETWORK (N5024C)|SFP problem|WS20
CTS|OTN50|OPEN TRANSPORT NETWORK (N5024C)|No power|WS20
CTS|OTN50|OPEN TRANSPORT NETWORK (N5024C)|Cable connection loose|WS20
CTS|OTN50|OPEN TRANSPORT NETWORK (N5024C)|System intermittent|WS20
CTS|OTN50|OPEN TRANSPORT NETWORK (N5024C)|OTN failures|WS20
CTS|OTN50|OPEN TRANSPORT NETWORK (N5024C)|SFP error|WS20
CTS|OTN50|OPEN TRANSPORT NETWORK (N5024C)|No connection|WS20
CTS|OTN50|OPEN TRANSPORT NETWORK (N5024C)|Fibre issue|WS20
CTS|OTN50|OPEN TRANSPORT NETWORK (N5024C)|Pig tail crack|WS20
CTS|OTN50|OPEN TRANSPORT NETWORK (N5024C)|Module card mulfunction|WS20
CTS|OTN50|OPEN TRANSPORT NETWORK (N5024C)|SFP problem|WS20
CTS|OTN50|OPEN TRANSPORT NETWORK (N5024C)|No power|WS20
CTS|OTN50|OPEN TRANSPORT NETWORK (N5024C)|Cable connection loose|WS20
CTS|OTN50|OPEN TRANSPORT NETWORK (N5024C)|System intermittent|WS20
CTS|OTN50|OPEN TRANSPORT NETWORK (N5024C)|OTN failures|WS20
CTS|OTN50|OPEN TRANSPORT NETWORK (N5024C)|SFP error|WS20
CTS|OTN50|OPEN TRANSPORT NETWORK (N5024C)|No connection|WS20
CTS|OTN50|OPEN TRANSPORT NETWORK (N5024C)|Fibre issue|WS20
CTS|OTN50|OPEN TRANSPORT NETWORK (N5024C)|Pig tail crack|WS20
CTS|OTN50|OPEN TRANSPORT NETWORK (N5024C)|Module card mulfunction|WS20
CTS|OTN50|OPEN TRANSPORT NETWORK (N5024C)|SFP problem|WS20
CTS|OTN50|OPEN TRANSPORT NETWORK (N5024C)|No power|WS20
CTS|OTN50|OPEN TRANSPORT NETWORK (N5024C)|Cable connection loose|WS20
CTS|OTN50|OPEN TRANSPORT NETWORK (N5024C)|System intermittent|WS20
CTS|OTN50|OPEN TRANSPORT NETWORK (N5024C)|OTN failures|WS20
CTS|OTN50|OPEN TRANSPORT NETWORK (N5024C)|SFP error|WS20
CTS|OTN50|OPEN TRANSPORT NETWORK (N5024C)|No connection|WS20
CTS|OTN50|OPEN TRANSPORT NETWORK (N5024C)|Fibre issue|WS20
CTS|OTN50|OPEN TRANSPORT NETWORK (N5024C)|Pig tail crack|WS20
CTS|OTN50|OPEN TRANSPORT NETWORK (N5024C)|Module card mulfunction|WS20
CTS|OTN50|OPEN TRANSPORT NETWORK (N5024C)|SFP problem|WS20
CTS|OTN50|OPEN TRANSPORT NETWORK (N5024C)|No power|WS20
CTS|OTN50|OPEN TRANSPORT NETWORK (N5024C)|Cable connection loose|WS20
CTS|OTN50|OPEN TRANSPORT NETWORK (N5024C)|System intermittent|WS20
CTS|OTN50|OPEN TRANSPORT NETWORK (N5024C)|OTN failures|WS20
CTS|OTN50|OPEN TRANSPORT NETWORK (N5024C)|SFP error|WS20
CTS|OTN50|OPEN TRANSPORT NETWORK (N5024C)|No connection|WS20
CTS|OTN50|OPEN TRANSPORT NETWORK (N5024C)|Fibre issue|WS20
CTS|OTN50|OPEN TRANSPORT NETWORK (N5024C)|Pig tail crack|WS20
CTS|OTN50|OPEN TRANSPORT NETWORK (N5024C)|Module card mulfunction|WS20
CTS|OTN50|OPEN TRANSPORT NETWORK (N5024C)|SFP problem|WS20
CTS|OTN50|OPEN TRANSPORT NETWORK (N5024C)|No power|WS20
CTS|OTN50|OPEN TRANSPORT NETWORK (N5024C)|Cable connection loose|WS20
CTS|OPTIX HUAWEI 1800V (OSN)|SDH|System intermittent|WS20
CTS|OPTIX HUAWEI 1800V (OSN)|SDH|OTN failures|WS20
CTS|OPTIX HUAWEI 1800V (OSN)|SDH|SFP error|WS20
CTS|OPTIX HUAWEI 1800V (OSN)|SDH|No connection|WS20
CTS|OPTIX HUAWEI 1800V (OSN)|SDH|Fibre issue|WS20
CTS|OPTIX HUAWEI 1800V (OSN)|SDH|Pig tail crack|WS20
CTS|OPTIX HUAWEI 1800V (OSN)|SDH|Module card mulfunction|WS20
CTS|OPTIX HUAWEI 1800V (OSN)|SDH|SFP problem|WS20
CTS|OPTIX HUAWEI 1800V (OSN)|SDH|No power|WS20
CTS|OPTIX HUAWEI 1800V (OSN)|SDH|Cable connection loose|WS20
CTS|OPTIX HUAWEI 1800V (OSN)|SDH|System intermittent|WS20
CTS|OPTIX HUAWEI 1800V (OSN)|SDH|OTN failures|WS20
CTS|OPTIX HUAWEI 1800V (OSN)|SDH|SFP error|WS20
CTS|OPTIX HUAWEI 1800V (OSN)|SDH|No connection|WS20
CTS|OPTIX HUAWEI 1800V (OSN)|SDH|Fibre issue|WS20
CTS|OPTIX HUAWEI 1800V (OSN)|SDH|Pig tail crack|WS20
CTS|OPTIX HUAWEI 1800V (OSN)|SDH|Module card mulfunction|WS20
CTS|OPTIX HUAWEI 1800V (OSN)|SDH|SFP problem|WS20
CTS|OPTIX HUAWEI 1800V (OSN)|SDH|No power|WS20
CTS|OPTIX HUAWEI 1800V (OSN)|SDH|Cable connection loose|WS20
CTS|OPTIX HUAWEI 1800V (OSN)|SDH|System intermittent|WS20
CTS|OPTIX HUAWEI 1800V (OSN)|SDH|OTN failures|WS20
CTS|OPTIX HUAWEI 1800V (OSN)|SDH|SFP error|WS20
CTS|OPTIX HUAWEI 1800V (OSN)|SDH|No connection|WS20
CTS|OPTIX HUAWEI 1800V (OSN)|SDH|Fibre issue|WS20
CTS|OPTIX HUAWEI 1800V (OSN)|SDH|Pig tail crack|WS20
CTS|OPTIX HUAWEI 1800V (OSN)|SDH|Module card mulfunction|WS20
CTS|OPTIX HUAWEI 1800V (OSN)|SDH|SFP problem|WS20
CTS|OPTIX HUAWEI 1800V (OSN)|SDH|No power|WS20
CTS|OPTIX HUAWEI 1800V (OSN)|SDH|Cable connection loose|WS20
CTS|OPTIX HUAWEI 1800V (OSN)|SDH|System intermittent|WS20
CTS|OPTIX HUAWEI 1800V (OSN)|SDH|OTN failures|WS20
CTS|OPTIX HUAWEI 1800V (OSN)|SDH|SFP error|WS20
CTS|OPTIX HUAWEI 1800V (OSN)|SDH|No connection|WS20
CTS|OPTIX HUAWEI 1800V (OSN)|SDH|Fibre issue|WS20
CTS|OPTIX HUAWEI 1800V (OSN)|SDH|Pig tail crack|WS20
CTS|OPTIX HUAWEI 1800V (OSN)|SDH|Module card mulfunction|WS20
CTS|OPTIX HUAWEI 1800V (OSN)|SDH|SFP problem|WS20
CTS|OPTIX HUAWEI 1800V (OSN)|SDH|No power|WS20
CTS|OPTIX HUAWEI 1800V (OSN)|SDH|Cable connection loose|WS20
CTS|OPTIX HUAWEI 1800V (OSN)|SDH|System intermittent|WS20
CTS|OPTIX HUAWEI 1800V (OSN)|SDH|OTN failures|WS20
CTS|OPTIX HUAWEI 1800V (OSN)|SDH|SFP error|WS20
CTS|OPTIX HUAWEI 1800V (OSN)|SDH|No connection|WS20
CTS|OPTIX HUAWEI 1800V (OSN)|SDH|Fibre issue|WS20
CTS|OPTIX HUAWEI 1800V (OSN)|SDH|Pig tail crack|WS20
CTS|OPTIX HUAWEI 1800V (OSN)|SDH|Module card mulfunction|WS20
CTS|OPTIX HUAWEI 1800V (OSN)|SDH|SFP problem|WS20
CTS|OPTIX HUAWEI 1800V (OSN)|SDH|No power|WS20
CTS|OPTIX HUAWEI 1800V (OSN)|SDH|Cable connection loose|WS20
CTS|OPTIX HUAWEI 1800V (OSN)|SDH|System intermittent|WS20
CTS|OPTIX HUAWEI 1800V (OSN)|SDH|OTN failures|WS20
CTS|OPTIX HUAWEI 1800V (OSN)|SDH|SFP error|WS20
CTS|OPTIX HUAWEI 1800V (OSN)|SDH|No connection|WS20
CTS|OPTIX HUAWEI 1800V (OSN)|SDH|Fibre issue|WS20
CTS|OPTIX HUAWEI 1800V (OSN)|SDH|Pig tail crack|WS20
CTS|OPTIX HUAWEI 1800V (OSN)|SDH|Module card mulfunction|WS20
CTS|OPTIX HUAWEI 1800V (OSN)|SDH|SFP problem|WS20
CTS|OPTIX HUAWEI 1800V (OSN)|SDH|No power|WS20
CTS|OPTIX HUAWEI 1800V (OSN)|SDH|Cable connection loose|WS20
CTS|OPTIX HUAWEI 1800V (OSN)|SDH|System intermittent|WS20
CTS|OPTIX HUAWEI 1800V (OSN)|SDH|OTN failures|WS20
CTS|OPTIX HUAWEI 1800V (OSN)|SDH|SFP error|WS20
CTS|OPTIX HUAWEI 1800V (OSN)|SDH|No connection|WS20
CTS|OPTIX HUAWEI 1800V (OSN)|SDH|Fibre issue|WS20
CTS|OPTIX HUAWEI 1800V (OSN)|SDH|Pig tail crack|WS20
CTS|OPTIX HUAWEI 1800V (OSN)|SDH|Module card mulfunction|WS20
CTS|OPTIX HUAWEI 1800V (OSN)|SDH|SFP problem|WS20
CTS|OPTIX HUAWEI 1800V (OSN)|SDH|No power|WS20
CTS|OPTIX HUAWEI 1800V (OSN)|SDH|Cable connection loose|WS20
CTS|OPTIX HUAWEI 1800V (OSN)|SDH|System intermittent|WS20
CTS|OPTIX HUAWEI 1800V (OSN)|SDH|OTN failures|WS20
CTS|OPTIX HUAWEI 1800V (OSN)|SDH|SFP error|WS20
CTS|OPTIX HUAWEI 1800V (OSN)|SDH|No connection|WS20
CTS|OPTIX HUAWEI 1800V (OSN)|SDH|Fibre issue|WS20
CTS|OPTIX HUAWEI 1800V (OSN)|SDH|Pig tail crack|WS20
CTS|OPTIX HUAWEI 1800V (OSN)|SDH|Module card mulfunction|WS20
CTS|OPTIX HUAWEI 1800V (OSN)|SDH|SFP problem|WS20
CTS|OPTIX HUAWEI 1800V (OSN)|SDH|No power|WS20
CTS|OPTIX HUAWEI 1800V (OSN)|SDH|Cable connection loose|WS20
CTS|OPTIX HUAWEI 1800V (OSN)|SDH|System intermittent|WS20
CTS|OPTIX HUAWEI 1800V (OSN)|SDH|OTN failures|WS20
CTS|OPTIX HUAWEI 1800V (OSN)|SDH|SFP error|WS20
CTS|OPTIX HUAWEI 1800V (OSN)|SDH|No connection|WS20
CTS|OPTIX HUAWEI 1800V (OSN)|SDH|Fibre issue|WS20
CTS|OPTIX HUAWEI 1800V (OSN)|SDH|Pig tail crack|WS20
CTS|OPTIX HUAWEI 1800V (OSN)|SDH|Module card mulfunction|WS20
CTS|OPTIX HUAWEI 1800V (OSN)|SDH|SFP problem|WS20
CTS|OPTIX HUAWEI 1800V (OSN)|SDH|No power|WS20
CTS|OPTIX HUAWEI 1800V (OSN)|SDH|Cable connection loose|WS20
CTS|OPTIX HUAWEI 1800V (OSN)|SDH|System intermittent|WS20
CTS|OPTIX HUAWEI 1800V (OSN)|SDH|OTN failures|WS20
CTS|OPTIX HUAWEI 1800V (OSN)|SDH|SFP error|WS20
CTS|OPTIX HUAWEI 1800V (OSN)|SDH|No connection|WS20
CTS|OPTIX HUAWEI 1800V (OSN)|SDH|Fibre issue|WS20
CTS|OPTIX HUAWEI 1800V (OSN)|SDH|Pig tail crack|WS20
CTS|OPTIX HUAWEI 1800V (OSN)|SDH|Module card mulfunction|WS20
CTS|OPTIX HUAWEI 1800V (OSN)|SDH|SFP problem|WS20
CTS|OPTIX HUAWEI 1800V (OSN)|SDH|No power|WS20
CTS|OPTIX HUAWEI 1800V (OSN)|SDH|Cable connection loose|WS20
CTS|OPTIX HUAWEI 1800V (OSN)|SDH|System intermittent|WS20
CTS|OPTIX HUAWEI 1800V (OSN)|SDH|OTN failures|WS20
CTS|OPTIX HUAWEI 1800V (OSN)|SDH|SFP error|WS20
CTS|OPTIX HUAWEI 1800V (OSN)|SDH|No connection|WS20
CTS|OPTIX HUAWEI 1800V (OSN)|SDH|Fibre issue|WS20
CTS|OPTIX HUAWEI 1800V (OSN)|SDH|Pig tail crack|WS20
CTS|OPTIX HUAWEI 1800V (OSN)|SDH|Module card mulfunction|WS20
CTS|OPTIX HUAWEI 1800V (OSN)|SDH|SFP problem|WS20
CTS|OPTIX HUAWEI 1800V (OSN)|SDH|No power|WS20
CTS|OPTIX HUAWEI 1800V (OSN)|SDH|Cable connection loose|WS20
CTS|OPTIX HUAWEI 1800V (OSN)|SDH|System intermittent|WS20
CTS|OPTIX HUAWEI 1800V (OSN)|SDH|OTN failures|WS20
CTS|OPTIX HUAWEI 1800V (OSN)|SDH|SFP error|WS20
CTS|OPTIX HUAWEI 1800V (OSN)|SDH|No connection|WS20
CTS|OPTIX HUAWEI 1800V (OSN)|SDH|Fibre issue|WS20
CTS|OPTIX HUAWEI 1800V (OSN)|SDH|Pig tail crack|WS20
CTS|OPTIX HUAWEI 1800V (OSN)|SDH|Module card mulfunction|WS20
CTS|OPTIX HUAWEI 1800V (OSN)|SDH|SFP problem|WS20
CTS|OPTIX HUAWEI 1800V (OSN)|SDH|No power|WS20
CTS|OPTIX HUAWEI 1800V (OSN)|SDH|Cable connection loose|WS20
CTS|OPTIX HUAWEI 1800V (OSN)|SDH|System intermittent|WS20
CTS|OPTIX HUAWEI 1800V (OSN)|SDH|OTN failures|WS20
CTS|OPTIX HUAWEI 1800V (OSN)|SDH|SFP error|WS20
CTS|OPTIX HUAWEI 1800V (OSN)|SDH|No connection|WS20
CTS|OPTIX HUAWEI 1800V (OSN)|SDH|Fibre issue|WS20
CTS|OPTIX HUAWEI 1800V (OSN)|SDH|Pig tail crack|WS20
CTS|OPTIX HUAWEI 1800V (OSN)|SDH|Module card mulfunction|WS20
CTS|OPTIX HUAWEI 1800V (OSN)|SDH|SFP problem|WS20
CTS|OPTIX HUAWEI 1800V (OSN)|SDH|No power|WS20
CTS|OPTIX HUAWEI 1800V (OSN)|SDH|Cable connection loose|WS20
CTS|OPTIX HUAWEI 1800V (OSN)|SDH|System intermittent|WS20
CTS|OPTIX HUAWEI 1800V (OSN)|SDH|OTN failures|WS20
CTS|OPTIX HUAWEI 1800V (OSN)|SDH|SFP error|WS20
CTS|OPTIX HUAWEI 1800V (OSN)|SDH|No connection|WS20
CTS|OPTIX HUAWEI 1800V (OSN)|SDH|Fibre issue|WS20
CTS|OPTIX HUAWEI 1800V (OSN)|SDH|Pig tail crack|WS20
CTS|OPTIX HUAWEI 1800V (OSN)|SDH|Module card mulfunction|WS20
CTS|OPTIX HUAWEI 1800V (OSN)|SDH|SFP problem|WS20
CTS|OPTIX HUAWEI 1800V (OSN)|SDH|No power|WS20
CTS|OPTIX HUAWEI 1800V (OSN)|SDH|Cable connection loose|WS20
CTS|OPTIX HUAWEI 1800V (OSN)|SDH|System intermittent|WS20
CTS|OPTIX HUAWEI 1800V (OSN)|SDH|OTN failures|WS20
CTS|OPTIX HUAWEI 1800V (OSN)|SDH|SFP error|WS20
CTS|OPTIX HUAWEI 1800V (OSN)|SDH|No connection|WS20
CTS|OPTIX HUAWEI 1800V (OSN)|SDH|Fibre issue|WS20
CTS|OPTIX HUAWEI 1800V (OSN)|SDH|Pig tail crack|WS20
CTS|OPTIX HUAWEI 1800V (OSN)|SDH|Module card mulfunction|WS20
CTS|OPTIX HUAWEI 1800V (OSN)|SDH|SFP problem|WS20
CTS|OPTIX HUAWEI 1800V (OSN)|SDH|No power|WS20
CTS|OPTIX HUAWEI 1800V (OSN)|SDH|Cable connection loose|WS20
CTS|OPTIX HUAWEI 1800V (OSN)|SDH|System intermittent|WS20
CTS|OPTIX HUAWEI 1800V (OSN)|SDH|OTN failures|WS20
CTS|OPTIX HUAWEI 1800V (OSN)|SDH|SFP error|WS20
CTS|OPTIX HUAWEI 1800V (OSN)|SDH|No connection|WS20
CTS|OPTIX HUAWEI 1800V (OSN)|SDH|Fibre issue|WS20
CTS|OPTIX HUAWEI 1800V (OSN)|SDH|Pig tail crack|WS20
CTS|OPTIX HUAWEI 1800V (OSN)|SDH|Module card mulfunction|WS20
CTS|OPTIX HUAWEI 1800V (OSN)|SDH|SFP problem|WS20
CTS|OPTIX HUAWEI 1800V (OSN)|SDH|No power|WS20
CTS|OPTIX HUAWEI 1800V (OSN)|SDH|Cable connection loose|WS20
CLOSE CIRCUIT TELEVISION (CCTV)|MONITOR CSO|CONVERTER HDMI|B&C connector loose|WS20
CLOSE CIRCUIT TELEVISION (CCTV)|MONITOR CSO|CONVERTER HDMI|Camera problem|WS20
CLOSE CIRCUIT TELEVISION (CCTV)|MONITOR CSO|CONVERTER HDMI|DVR hang|WS20
CLOSE CIRCUIT TELEVISION (CCTV)|MONITOR CSO|CONVERTER HDMI|No power|WS20
CLOSE CIRCUIT TELEVISION (CCTV)|MONITOR CSO|CONVERTER HDMI|Cover box crack /open|WS20
CLOSE CIRCUIT TELEVISION (CCTV)|MONITOR CSO|CONVERTER HDMI|Cable hangging|WS20
CLOSE CIRCUIT TELEVISION (CCTV)|MONITOR CSO|CONVERTER HDMI|Monitor blank|WS20
CLOSE CIRCUIT TELEVISION (CCTV)|MONITOR CSO|CONVERTER HDMI|Power supply problem|WS20
CLOSE CIRCUIT TELEVISION (CCTV)|MONITOR CSO|CONVERTER HDMI|Converter HDMI loose|WS20
CLOSE CIRCUIT TELEVISION (CCTV)|MONITOR CSO|CONVERTER HDMI|Conventer VGA loose|WS20
CLOSE CIRCUIT TELEVISION (CCTV)|MONITOR CSO|CONVERTER HDMI|Power cable pulled off|WS20
CLOSE CIRCUIT TELEVISION (CCTV)|MONITOR CSO|CONVERTER HDMI|Overheating|WS20
CLOSE CIRCUIT TELEVISION (CCTV)|MONITOR CSO|CONVERTER HDMI|Outdated firmware on DVR|WS20
CLOSE CIRCUIT TELEVISION (CCTV)|MONITOR CSO|CONVERTER HDMI|MATRIX hang|WS20
CLOSE CIRCUIT TELEVISION (CCTV)|MONITOR CSO|CONVERTER VGA|B&C connector loose|WS20
CLOSE CIRCUIT TELEVISION (CCTV)|MONITOR CSO|CONVERTER VGA|Camera problem|WS20
CLOSE CIRCUIT TELEVISION (CCTV)|MONITOR CSO|CONVERTER VGA|DVR hang|WS20
CLOSE CIRCUIT TELEVISION (CCTV)|MONITOR CSO|CONVERTER VGA|No power|WS20
CLOSE CIRCUIT TELEVISION (CCTV)|MONITOR CSO|CONVERTER VGA|Cover box crack /open|WS20
CLOSE CIRCUIT TELEVISION (CCTV)|MONITOR CSO|CONVERTER VGA|Cable hangging|WS20
CLOSE CIRCUIT TELEVISION (CCTV)|MONITOR CSO|CONVERTER VGA|Monitor blank|WS20
CLOSE CIRCUIT TELEVISION (CCTV)|MONITOR CSO|CONVERTER VGA|Power supply problem|WS20
CLOSE CIRCUIT TELEVISION (CCTV)|MONITOR CSO|CONVERTER VGA|Converter HDMI loose|WS20
CLOSE CIRCUIT TELEVISION (CCTV)|MONITOR CSO|CONVERTER VGA|Conventer VGA loose|WS20
CLOSE CIRCUIT TELEVISION (CCTV)|MONITOR CSO|CONVERTER VGA|Power cable pulled off|WS20
CLOSE CIRCUIT TELEVISION (CCTV)|MONITOR CSO|CONVERTER VGA|Overheating|WS20
CLOSE CIRCUIT TELEVISION (CCTV)|MONITOR CSO|CONVERTER VGA|Outdated firmware on DVR|WS20
CLOSE CIRCUIT TELEVISION (CCTV)|MONITOR CSO|CONVERTER VGA|MATRIX hang|WS20
CLOSE CIRCUIT TELEVISION (CCTV)|MONITOR CSO|RCA CONNECTOR|B&C connector loose|WS20
CLOSE CIRCUIT TELEVISION (CCTV)|MONITOR CSO|RCA CONNECTOR|Camera problem|WS20
CLOSE CIRCUIT TELEVISION (CCTV)|MONITOR CSO|RCA CONNECTOR|DVR hang|WS20
CLOSE CIRCUIT TELEVISION (CCTV)|MONITOR CSO|RCA CONNECTOR|No power|WS20
CLOSE CIRCUIT TELEVISION (CCTV)|MONITOR CSO|RCA CONNECTOR|Cover box crack /open|WS20
CLOSE CIRCUIT TELEVISION (CCTV)|MONITOR CSO|RCA CONNECTOR|Cable hangging|WS20
CLOSE CIRCUIT TELEVISION (CCTV)|MONITOR CSO|RCA CONNECTOR|Monitor blank|WS20
CLOSE CIRCUIT TELEVISION (CCTV)|MONITOR CSO|RCA CONNECTOR|Power supply problem|WS20
CLOSE CIRCUIT TELEVISION (CCTV)|MONITOR CSO|RCA CONNECTOR|Converter HDMI loose|WS20
CLOSE CIRCUIT TELEVISION (CCTV)|MONITOR CSO|RCA CONNECTOR|Conventer VGA loose|WS20
CLOSE CIRCUIT TELEVISION (CCTV)|MONITOR CSO|RCA CONNECTOR|Power cable pulled off|WS20
CLOSE CIRCUIT TELEVISION (CCTV)|MONITOR CSO|RCA CONNECTOR|Overheating|WS20
CLOSE CIRCUIT TELEVISION (CCTV)|MONITOR CSO|RCA CONNECTOR|Outdated firmware on DVR|WS20
CLOSE CIRCUIT TELEVISION (CCTV)|MONITOR CSO|RCA CONNECTOR|MATRIX hang|WS20
CLOSE CIRCUIT TELEVISION (CCTV)|MONITOR CSO|POWER ADAPTER CONVERTER MONITOR|B&C connector loose|WS20
CLOSE CIRCUIT TELEVISION (CCTV)|MONITOR CSO|POWER ADAPTER CONVERTER MONITOR|Camera problem|WS20
CLOSE CIRCUIT TELEVISION (CCTV)|MONITOR CSO|POWER ADAPTER CONVERTER MONITOR|DVR hang|WS20
CLOSE CIRCUIT TELEVISION (CCTV)|MONITOR CSO|POWER ADAPTER CONVERTER MONITOR|No power|WS20
CLOSE CIRCUIT TELEVISION (CCTV)|MONITOR CSO|POWER ADAPTER CONVERTER MONITOR|Cover box crack /open|WS20
CLOSE CIRCUIT TELEVISION (CCTV)|MONITOR CSO|POWER ADAPTER CONVERTER MONITOR|Cable hangging|WS20
CLOSE CIRCUIT TELEVISION (CCTV)|MONITOR CSO|POWER ADAPTER CONVERTER MONITOR|Monitor blank|WS20
CLOSE CIRCUIT TELEVISION (CCTV)|MONITOR CSO|POWER ADAPTER CONVERTER MONITOR|Power supply problem|WS20
CLOSE CIRCUIT TELEVISION (CCTV)|MONITOR CSO|POWER ADAPTER CONVERTER MONITOR|Converter HDMI loose|WS20
CLOSE CIRCUIT TELEVISION (CCTV)|MONITOR CSO|POWER ADAPTER CONVERTER MONITOR|Conventer VGA loose|WS20
CLOSE CIRCUIT TELEVISION (CCTV)|MONITOR CSO|POWER ADAPTER CONVERTER MONITOR|Power cable pulled off|WS20
CLOSE CIRCUIT TELEVISION (CCTV)|MONITOR CSO|POWER ADAPTER CONVERTER MONITOR|Overheating|WS20
CLOSE CIRCUIT TELEVISION (CCTV)|MONITOR CSO|POWER ADAPTER CONVERTER MONITOR|Outdated firmware on DVR|WS20
CLOSE CIRCUIT TELEVISION (CCTV)|MONITOR CSO|POWER ADAPTER CONVERTER MONITOR|MATRIX hang|WS20
CLOSE CIRCUIT TELEVISION (CCTV)|MONITOR CSO|POWER ADAPTER CONVERTER MONITOR|B&C connector loose|WS20
CLOSE CIRCUIT TELEVISION (CCTV)|MONITOR CSO|POWER ADAPTER CONVERTER MONITOR|Camera problem|WS20
CLOSE CIRCUIT TELEVISION (CCTV)|MONITOR CSO|POWER ADAPTER CONVERTER MONITOR|DVR hang|WS20
CLOSE CIRCUIT TELEVISION (CCTV)|MONITOR CSO|POWER ADAPTER CONVERTER MONITOR|No power|WS20
CLOSE CIRCUIT TELEVISION (CCTV)|MONITOR CSO|POWER ADAPTER CONVERTER MONITOR|Cover box crack /open|WS20
CLOSE CIRCUIT TELEVISION (CCTV)|MONITOR CSO|POWER ADAPTER CONVERTER MONITOR|Cable hangging|WS20
CLOSE CIRCUIT TELEVISION (CCTV)|MONITOR CSO|POWER ADAPTER CONVERTER MONITOR|Monitor blank|WS20
CLOSE CIRCUIT TELEVISION (CCTV)|MONITOR CSO|POWER ADAPTER CONVERTER MONITOR|Power supply problem|WS20
CLOSE CIRCUIT TELEVISION (CCTV)|MONITOR CSO|POWER ADAPTER CONVERTER MONITOR|Converter HDMI loose|WS20
CLOSE CIRCUIT TELEVISION (CCTV)|MONITOR CSO|POWER ADAPTER CONVERTER MONITOR|Conventer VGA loose|WS20
CLOSE CIRCUIT TELEVISION (CCTV)|MONITOR CSO|POWER ADAPTER CONVERTER MONITOR|Power cable pulled off|WS20
CLOSE CIRCUIT TELEVISION (CCTV)|MONITOR CSO|POWER ADAPTER CONVERTER MONITOR|Overheating|WS20
CLOSE CIRCUIT TELEVISION (CCTV)|MONITOR CSO|POWER ADAPTER CONVERTER MONITOR|Outdated firmware on DVR|WS20
CLOSE CIRCUIT TELEVISION (CCTV)|MONITOR CSO|POWER ADAPTER CONVERTER MONITOR|MATRIX hang|WS20
CLOSE CIRCUIT TELEVISION (CCTV)|MONITOR CSO|TYPE CABLE|B&C connector loose|WS20
CLOSE CIRCUIT TELEVISION (CCTV)|MONITOR CSO|TYPE CABLE|Camera problem|WS20
CLOSE CIRCUIT TELEVISION (CCTV)|MONITOR CSO|TYPE CABLE|DVR hang|WS20
CLOSE CIRCUIT TELEVISION (CCTV)|MONITOR CSO|TYPE CABLE|No power|WS20
CLOSE CIRCUIT TELEVISION (CCTV)|MONITOR CSO|TYPE CABLE|Cover box crack /open|WS20
CLOSE CIRCUIT TELEVISION (CCTV)|MONITOR CSO|TYPE CABLE|Cable hangging|WS20
CLOSE CIRCUIT TELEVISION (CCTV)|MONITOR CSO|TYPE CABLE|Monitor blank|WS20
CLOSE CIRCUIT TELEVISION (CCTV)|MONITOR CSO|TYPE CABLE|Power supply problem|WS20
CLOSE CIRCUIT TELEVISION (CCTV)|MONITOR CSO|TYPE CABLE|Converter HDMI loose|WS20
CLOSE CIRCUIT TELEVISION (CCTV)|MONITOR CSO|TYPE CABLE|Conventer VGA loose|WS20
CLOSE CIRCUIT TELEVISION (CCTV)|MONITOR CSO|TYPE CABLE|Power cable pulled off|WS20
CLOSE CIRCUIT TELEVISION (CCTV)|MONITOR CSO|TYPE CABLE|Overheating|WS20
CLOSE CIRCUIT TELEVISION (CCTV)|MONITOR CSO|TYPE CABLE|Outdated firmware on DVR|WS20
CLOSE CIRCUIT TELEVISION (CCTV)|MONITOR CSO|TYPE CABLE|MATRIX hang|WS20
CLOSE CIRCUIT TELEVISION (CCTV)|MONITOR CSO|TYPE CABLE|B&C connector loose|WS20
CLOSE CIRCUIT TELEVISION (CCTV)|MONITOR CSO|TYPE CABLE|Camera problem|WS20
CLOSE CIRCUIT TELEVISION (CCTV)|MONITOR CSO|TYPE CABLE|DVR hang|WS20
CLOSE CIRCUIT TELEVISION (CCTV)|MONITOR CSO|TYPE CABLE|No power|WS20
CLOSE CIRCUIT TELEVISION (CCTV)|MONITOR CSO|TYPE CABLE|Cover box crack /open|WS20
CLOSE CIRCUIT TELEVISION (CCTV)|MONITOR CSO|TYPE CABLE|Cable hangging|WS20
CLOSE CIRCUIT TELEVISION (CCTV)|MONITOR CSO|TYPE CABLE|Monitor blank|WS20
CLOSE CIRCUIT TELEVISION (CCTV)|MONITOR CSO|TYPE CABLE|Power supply problem|WS20
CLOSE CIRCUIT TELEVISION (CCTV)|MONITOR CSO|TYPE CABLE|Converter HDMI loose|WS20
CLOSE CIRCUIT TELEVISION (CCTV)|MONITOR CSO|TYPE CABLE|Conventer VGA loose|WS20
CLOSE CIRCUIT TELEVISION (CCTV)|MONITOR CSO|TYPE CABLE|Power cable pulled off|WS20
CLOSE CIRCUIT TELEVISION (CCTV)|MONITOR CSO|TYPE CABLE|Overheating|WS20
CLOSE CIRCUIT TELEVISION (CCTV)|MONITOR CSO|TYPE CABLE|Outdated firmware on DVR|WS20
CLOSE CIRCUIT TELEVISION (CCTV)|MONITOR CSO|TYPE CABLE|MATRIX hang|WS20
CLOSE CIRCUIT TELEVISION (CCTV)|MONITOR CSO|LCD WALL MOUNT|B&C connector loose|WS20
CLOSE CIRCUIT TELEVISION (CCTV)|MONITOR CSO|LCD WALL MOUNT|Camera problem|WS20
CLOSE CIRCUIT TELEVISION (CCTV)|MONITOR CSO|LCD WALL MOUNT|DVR hang|WS20
CLOSE CIRCUIT TELEVISION (CCTV)|MONITOR CSO|LCD WALL MOUNT|No power|WS20
CLOSE CIRCUIT TELEVISION (CCTV)|MONITOR CSO|LCD WALL MOUNT|Cover box crack /open|WS20
CLOSE CIRCUIT TELEVISION (CCTV)|MONITOR CSO|LCD WALL MOUNT|Cable hangging|WS20
CLOSE CIRCUIT TELEVISION (CCTV)|MONITOR CSO|LCD WALL MOUNT|Monitor blank|WS20
CLOSE CIRCUIT TELEVISION (CCTV)|MONITOR CSO|LCD WALL MOUNT|Power supply problem|WS20
CLOSE CIRCUIT TELEVISION (CCTV)|MONITOR CSO|LCD WALL MOUNT|Converter HDMI loose|WS20
CLOSE CIRCUIT TELEVISION (CCTV)|MONITOR CSO|LCD WALL MOUNT|Conventer VGA loose|WS20
CLOSE CIRCUIT TELEVISION (CCTV)|MONITOR CSO|LCD WALL MOUNT|Power cable pulled off|WS20
CLOSE CIRCUIT TELEVISION (CCTV)|MONITOR CSO|LCD WALL MOUNT|Overheating|WS20
CLOSE CIRCUIT TELEVISION (CCTV)|MONITOR CSO|LCD WALL MOUNT|Outdated firmware on DVR|WS20
CLOSE CIRCUIT TELEVISION (CCTV)|MONITOR CSO|LCD WALL MOUNT|MATRIX hang|WS20
CLOSE CIRCUIT TELEVISION (CCTV)|CAMERA|PTZ CAMERA|B&C connector loose|WS20
CLOSE CIRCUIT TELEVISION (CCTV)|CAMERA|PTZ CAMERA|Camera problem|WS20
CLOSE CIRCUIT TELEVISION (CCTV)|CAMERA|PTZ CAMERA|DVR hang|WS20
CLOSE CIRCUIT TELEVISION (CCTV)|CAMERA|PTZ CAMERA|No power|WS20
CLOSE CIRCUIT TELEVISION (CCTV)|CAMERA|PTZ CAMERA|Cover box crack /open|WS20
CLOSE CIRCUIT TELEVISION (CCTV)|CAMERA|PTZ CAMERA|Cable hangging|WS20
CLOSE CIRCUIT TELEVISION (CCTV)|CAMERA|PTZ CAMERA|Monitor blank|WS20
CLOSE CIRCUIT TELEVISION (CCTV)|CAMERA|PTZ CAMERA|Power supply problem|WS20
CLOSE CIRCUIT TELEVISION (CCTV)|CAMERA|PTZ CAMERA|Converter HDMI loose|WS20
CLOSE CIRCUIT TELEVISION (CCTV)|CAMERA|PTZ CAMERA|Conventer VGA loose|WS20
CLOSE CIRCUIT TELEVISION (CCTV)|CAMERA|PTZ CAMERA|Power cable pulled off|WS20
CLOSE CIRCUIT TELEVISION (CCTV)|CAMERA|PTZ CAMERA|Overheating|WS20
CLOSE CIRCUIT TELEVISION (CCTV)|CAMERA|PTZ CAMERA|Outdated firmware on DVR|WS20
CLOSE CIRCUIT TELEVISION (CCTV)|CAMERA|PTZ CAMERA|MATRIX hang|WS20
CLOSE CIRCUIT TELEVISION (CCTV)|CAMERA|PTZ CAMERA|B&C connector loose|WS20
CLOSE CIRCUIT TELEVISION (CCTV)|CAMERA|PTZ CAMERA|Camera problem|WS20
CLOSE CIRCUIT TELEVISION (CCTV)|CAMERA|PTZ CAMERA|DVR hang|WS20
CLOSE CIRCUIT TELEVISION (CCTV)|CAMERA|PTZ CAMERA|No power|WS20
CLOSE CIRCUIT TELEVISION (CCTV)|CAMERA|PTZ CAMERA|Cover box crack /open|WS20
CLOSE CIRCUIT TELEVISION (CCTV)|CAMERA|PTZ CAMERA|Cable hangging|WS20
CLOSE CIRCUIT TELEVISION (CCTV)|CAMERA|PTZ CAMERA|Monitor blank|WS20
CLOSE CIRCUIT TELEVISION (CCTV)|CAMERA|PTZ CAMERA|Power supply problem|WS20
CLOSE CIRCUIT TELEVISION (CCTV)|CAMERA|PTZ CAMERA|Converter HDMI loose|WS20
CLOSE CIRCUIT TELEVISION (CCTV)|CAMERA|PTZ CAMERA|Conventer VGA loose|WS20
CLOSE CIRCUIT TELEVISION (CCTV)|CAMERA|PTZ CAMERA|Power cable pulled off|WS20
CLOSE CIRCUIT TELEVISION (CCTV)|CAMERA|PTZ CAMERA|Overheating|WS20
CLOSE CIRCUIT TELEVISION (CCTV)|CAMERA|PTZ CAMERA|Outdated firmware on DVR|WS20
CLOSE CIRCUIT TELEVISION (CCTV)|CAMERA|PTZ CAMERA|MATRIX hang|WS20
CLOSE CIRCUIT TELEVISION (CCTV)|CAMERA|PTZ CAMERA|B&C connector loose|WS20
CLOSE CIRCUIT TELEVISION (CCTV)|CAMERA|PTZ CAMERA|Camera problem|WS20
CLOSE CIRCUIT TELEVISION (CCTV)|CAMERA|PTZ CAMERA|DVR hang|WS20
CLOSE CIRCUIT TELEVISION (CCTV)|CAMERA|PTZ CAMERA|No power|WS20
CLOSE CIRCUIT TELEVISION (CCTV)|CAMERA|PTZ CAMERA|Cover box crack /open|WS20
CLOSE CIRCUIT TELEVISION (CCTV)|CAMERA|PTZ CAMERA|Cable hangging|WS20
CLOSE CIRCUIT TELEVISION (CCTV)|CAMERA|PTZ CAMERA|Monitor blank|WS20
CLOSE CIRCUIT TELEVISION (CCTV)|CAMERA|PTZ CAMERA|Power supply problem|WS20
CLOSE CIRCUIT TELEVISION (CCTV)|CAMERA|PTZ CAMERA|Converter HDMI loose|WS20
CLOSE CIRCUIT TELEVISION (CCTV)|CAMERA|PTZ CAMERA|Conventer VGA loose|WS20
CLOSE CIRCUIT TELEVISION (CCTV)|CAMERA|PTZ CAMERA|Power cable pulled off|WS20
CLOSE CIRCUIT TELEVISION (CCTV)|CAMERA|PTZ CAMERA|Overheating|WS20
CLOSE CIRCUIT TELEVISION (CCTV)|CAMERA|PTZ CAMERA|Outdated firmware on DVR|WS20
CLOSE CIRCUIT TELEVISION (CCTV)|CAMERA|PTZ CAMERA|MATRIX hang|WS20
CLOSE CIRCUIT TELEVISION (CCTV)|CAMERA|PTZ CAMERA|B&C connector loose|WS20
CLOSE CIRCUIT TELEVISION (CCTV)|CAMERA|PTZ CAMERA|Camera problem|WS20
CLOSE CIRCUIT TELEVISION (CCTV)|CAMERA|PTZ CAMERA|DVR hang|WS20
CLOSE CIRCUIT TELEVISION (CCTV)|CAMERA|PTZ CAMERA|No power|WS20
CLOSE CIRCUIT TELEVISION (CCTV)|CAMERA|PTZ CAMERA|Cover box crack /open|WS20
CLOSE CIRCUIT TELEVISION (CCTV)|CAMERA|PTZ CAMERA|Cable hangging|WS20
CLOSE CIRCUIT TELEVISION (CCTV)|CAMERA|PTZ CAMERA|Monitor blank|WS20
CLOSE CIRCUIT TELEVISION (CCTV)|CAMERA|PTZ CAMERA|Power supply problem|WS20
CLOSE CIRCUIT TELEVISION (CCTV)|CAMERA|PTZ CAMERA|Converter HDMI loose|WS20
CLOSE CIRCUIT TELEVISION (CCTV)|CAMERA|PTZ CAMERA|Conventer VGA loose|WS20
CLOSE CIRCUIT TELEVISION (CCTV)|CAMERA|PTZ CAMERA|Power cable pulled off|WS20
CLOSE CIRCUIT TELEVISION (CCTV)|CAMERA|PTZ CAMERA|Overheating|WS20
CLOSE CIRCUIT TELEVISION (CCTV)|CAMERA|PTZ CAMERA|Outdated firmware on DVR|WS20
CLOSE CIRCUIT TELEVISION (CCTV)|CAMERA|PTZ CAMERA|MATRIX hang|WS20
CLOSE CIRCUIT TELEVISION (CCTV)|CAMERA|PTZ CAMERA|B&C connector loose|WS20
CLOSE CIRCUIT TELEVISION (CCTV)|CAMERA|PTZ CAMERA|Camera problem|WS20
CLOSE CIRCUIT TELEVISION (CCTV)|CAMERA|PTZ CAMERA|DVR hang|WS20
CLOSE CIRCUIT TELEVISION (CCTV)|CAMERA|PTZ CAMERA|No power|WS20
CLOSE CIRCUIT TELEVISION (CCTV)|CAMERA|PTZ CAMERA|Cover box crack /open|WS20
CLOSE CIRCUIT TELEVISION (CCTV)|CAMERA|PTZ CAMERA|Cable hangging|WS20
CLOSE CIRCUIT TELEVISION (CCTV)|CAMERA|PTZ CAMERA|Monitor blank|WS20
CLOSE CIRCUIT TELEVISION (CCTV)|CAMERA|PTZ CAMERA|Power supply problem|WS20
CLOSE CIRCUIT TELEVISION (CCTV)|CAMERA|PTZ CAMERA|Converter HDMI loose|WS20
CLOSE CIRCUIT TELEVISION (CCTV)|CAMERA|PTZ CAMERA|Conventer VGA loose|WS20
CLOSE CIRCUIT TELEVISION (CCTV)|CAMERA|PTZ CAMERA|Power cable pulled off|WS20
CLOSE CIRCUIT TELEVISION (CCTV)|CAMERA|PTZ CAMERA|Overheating|WS20
CLOSE CIRCUIT TELEVISION (CCTV)|CAMERA|PTZ CAMERA|Outdated firmware on DVR|WS20
CLOSE CIRCUIT TELEVISION (CCTV)|CAMERA|PTZ CAMERA|MATRIX hang|WS20
CLOSE CIRCUIT TELEVISION (CCTV)|CAMERA|CONVERTER PTZ FIBER TO BNC (BFN)|B&C connector loose|WS20
CLOSE CIRCUIT TELEVISION (CCTV)|CAMERA|CONVERTER PTZ FIBER TO BNC (BFN)|Camera problem|WS20
CLOSE CIRCUIT TELEVISION (CCTV)|CAMERA|CONVERTER PTZ FIBER TO BNC (BFN)|DVR hang|WS20
CLOSE CIRCUIT TELEVISION (CCTV)|CAMERA|CONVERTER PTZ FIBER TO BNC (BFN)|No power|WS20
CLOSE CIRCUIT TELEVISION (CCTV)|CAMERA|CONVERTER PTZ FIBER TO BNC (BFN)|Cover box crack /open|WS20
CLOSE CIRCUIT TELEVISION (CCTV)|CAMERA|CONVERTER PTZ FIBER TO BNC (BFN)|Cable hangging|WS20
CLOSE CIRCUIT TELEVISION (CCTV)|CAMERA|CONVERTER PTZ FIBER TO BNC (BFN)|Monitor blank|WS20
CLOSE CIRCUIT TELEVISION (CCTV)|CAMERA|CONVERTER PTZ FIBER TO BNC (BFN)|Power supply problem|WS20
CLOSE CIRCUIT TELEVISION (CCTV)|CAMERA|CONVERTER PTZ FIBER TO BNC (BFN)|Converter HDMI loose|WS20
CLOSE CIRCUIT TELEVISION (CCTV)|CAMERA|CONVERTER PTZ FIBER TO BNC (BFN)|Conventer VGA loose|WS20
CLOSE CIRCUIT TELEVISION (CCTV)|CAMERA|CONVERTER PTZ FIBER TO BNC (BFN)|Power cable pulled off|WS20
CLOSE CIRCUIT TELEVISION (CCTV)|CAMERA|CONVERTER PTZ FIBER TO BNC (BFN)|Overheating|WS20
CLOSE CIRCUIT TELEVISION (CCTV)|CAMERA|CONVERTER PTZ FIBER TO BNC (BFN)|Outdated firmware on DVR|WS20
CLOSE CIRCUIT TELEVISION (CCTV)|CAMERA|CONVERTER PTZ FIBER TO BNC (BFN)|MATRIX hang|WS20
CLOSE CIRCUIT TELEVISION (CCTV)|CAMERA|CONVERTER PTZ FIBER TO BNC (BFN)|B&C connector loose|WS20
CLOSE CIRCUIT TELEVISION (CCTV)|CAMERA|CONVERTER PTZ FIBER TO BNC (BFN)|Camera problem|WS20
CLOSE CIRCUIT TELEVISION (CCTV)|CAMERA|CONVERTER PTZ FIBER TO BNC (BFN)|DVR hang|WS20
CLOSE CIRCUIT TELEVISION (CCTV)|CAMERA|CONVERTER PTZ FIBER TO BNC (BFN)|No power|WS20
CLOSE CIRCUIT TELEVISION (CCTV)|CAMERA|CONVERTER PTZ FIBER TO BNC (BFN)|Cover box crack /open|WS20
CLOSE CIRCUIT TELEVISION (CCTV)|CAMERA|CONVERTER PTZ FIBER TO BNC (BFN)|Cable hangging|WS20
CLOSE CIRCUIT TELEVISION (CCTV)|CAMERA|CONVERTER PTZ FIBER TO BNC (BFN)|Monitor blank|WS20
CLOSE CIRCUIT TELEVISION (CCTV)|CAMERA|CONVERTER PTZ FIBER TO BNC (BFN)|Power supply problem|WS20
CLOSE CIRCUIT TELEVISION (CCTV)|CAMERA|CONVERTER PTZ FIBER TO BNC (BFN)|Converter HDMI loose|WS20
CLOSE CIRCUIT TELEVISION (CCTV)|CAMERA|CONVERTER PTZ FIBER TO BNC (BFN)|Conventer VGA loose|WS20
CLOSE CIRCUIT TELEVISION (CCTV)|CAMERA|CONVERTER PTZ FIBER TO BNC (BFN)|Power cable pulled off|WS20
CLOSE CIRCUIT TELEVISION (CCTV)|CAMERA|CONVERTER PTZ FIBER TO BNC (BFN)|Overheating|WS20
CLOSE CIRCUIT TELEVISION (CCTV)|CAMERA|CONVERTER PTZ FIBER TO BNC (BFN)|Outdated firmware on DVR|WS20
CLOSE CIRCUIT TELEVISION (CCTV)|CAMERA|CONVERTER PTZ FIBER TO BNC (BFN)|MATRIX hang|WS20
CLOSE CIRCUIT TELEVISION (CCTV)|CAMERA|FIBER CABLE|B&C connector loose|WS20
CLOSE CIRCUIT TELEVISION (CCTV)|CAMERA|FIBER CABLE|Camera problem|WS20
CLOSE CIRCUIT TELEVISION (CCTV)|CAMERA|FIBER CABLE|DVR hang|WS20
CLOSE CIRCUIT TELEVISION (CCTV)|CAMERA|FIBER CABLE|No power|WS20
CLOSE CIRCUIT TELEVISION (CCTV)|CAMERA|FIBER CABLE|Cover box crack /open|WS20
CLOSE CIRCUIT TELEVISION (CCTV)|CAMERA|FIBER CABLE|Cable hangging|WS20
CLOSE CIRCUIT TELEVISION (CCTV)|CAMERA|FIBER CABLE|Monitor blank|WS20
CLOSE CIRCUIT TELEVISION (CCTV)|CAMERA|FIBER CABLE|Power supply problem|WS20
CLOSE CIRCUIT TELEVISION (CCTV)|CAMERA|FIBER CABLE|Converter HDMI loose|WS20
CLOSE CIRCUIT TELEVISION (CCTV)|CAMERA|FIBER CABLE|Conventer VGA loose|WS20
CLOSE CIRCUIT TELEVISION (CCTV)|CAMERA|FIBER CABLE|Power cable pulled off|WS20
CLOSE CIRCUIT TELEVISION (CCTV)|CAMERA|FIBER CABLE|Overheating|WS20
CLOSE CIRCUIT TELEVISION (CCTV)|CAMERA|FIBER CABLE|Outdated firmware on DVR|WS20
CLOSE CIRCUIT TELEVISION (CCTV)|CAMERA|FIBER CABLE|MATRIX hang|WS20
CLOSE CIRCUIT TELEVISION (CCTV)|CAMERA|POWER SUPPLY CONVERTER INCOMING 12VDC|B&C connector loose|WS20
CLOSE CIRCUIT TELEVISION (CCTV)|CAMERA|POWER SUPPLY CONVERTER INCOMING 12VDC|Camera problem|WS20
CLOSE CIRCUIT TELEVISION (CCTV)|CAMERA|POWER SUPPLY CONVERTER INCOMING 12VDC|DVR hang|WS20
CLOSE CIRCUIT TELEVISION (CCTV)|CAMERA|POWER SUPPLY CONVERTER INCOMING 12VDC|No power|WS20
CLOSE CIRCUIT TELEVISION (CCTV)|CAMERA|POWER SUPPLY CONVERTER INCOMING 12VDC|Cover box crack /open|WS20
CLOSE CIRCUIT TELEVISION (CCTV)|CAMERA|POWER SUPPLY CONVERTER INCOMING 12VDC|Cable hangging|WS20
CLOSE CIRCUIT TELEVISION (CCTV)|CAMERA|POWER SUPPLY CONVERTER INCOMING 12VDC|Monitor blank|WS20
CLOSE CIRCUIT TELEVISION (CCTV)|CAMERA|POWER SUPPLY CONVERTER INCOMING 12VDC|Power supply problem|WS20
CLOSE CIRCUIT TELEVISION (CCTV)|CAMERA|POWER SUPPLY CONVERTER INCOMING 12VDC|Converter HDMI loose|WS20
CLOSE CIRCUIT TELEVISION (CCTV)|CAMERA|POWER SUPPLY CONVERTER INCOMING 12VDC|Conventer VGA loose|WS20
CLOSE CIRCUIT TELEVISION (CCTV)|CAMERA|POWER SUPPLY CONVERTER INCOMING 12VDC|Power cable pulled off|WS20
CLOSE CIRCUIT TELEVISION (CCTV)|CAMERA|POWER SUPPLY CONVERTER INCOMING 12VDC|Overheating|WS20
CLOSE CIRCUIT TELEVISION (CCTV)|CAMERA|POWER SUPPLY CONVERTER INCOMING 12VDC|Outdated firmware on DVR|WS20
CLOSE CIRCUIT TELEVISION (CCTV)|CAMERA|POWER SUPPLY CONVERTER INCOMING 12VDC|MATRIX hang|WS20
CLOSE CIRCUIT TELEVISION (CCTV)|CAMERA|BULLET NARROW/STAND ALONE CAMERA|B&C connector loose|WS20
CLOSE CIRCUIT TELEVISION (CCTV)|CAMERA|BULLET NARROW/STAND ALONE CAMERA|Camera problem|WS20
CLOSE CIRCUIT TELEVISION (CCTV)|CAMERA|BULLET NARROW/STAND ALONE CAMERA|DVR hang|WS20
CLOSE CIRCUIT TELEVISION (CCTV)|CAMERA|BULLET NARROW/STAND ALONE CAMERA|No power|WS20
CLOSE CIRCUIT TELEVISION (CCTV)|CAMERA|BULLET NARROW/STAND ALONE CAMERA|Cover box crack /open|WS20
CLOSE CIRCUIT TELEVISION (CCTV)|CAMERA|BULLET NARROW/STAND ALONE CAMERA|Cable hangging|WS20
CLOSE CIRCUIT TELEVISION (CCTV)|CAMERA|BULLET NARROW/STAND ALONE CAMERA|Monitor blank|WS20
CLOSE CIRCUIT TELEVISION (CCTV)|CAMERA|BULLET NARROW/STAND ALONE CAMERA|Power supply problem|WS20
CLOSE CIRCUIT TELEVISION (CCTV)|CAMERA|BULLET NARROW/STAND ALONE CAMERA|Converter HDMI loose|WS20
CLOSE CIRCUIT TELEVISION (CCTV)|CAMERA|BULLET NARROW/STAND ALONE CAMERA|Conventer VGA loose|WS20
CLOSE CIRCUIT TELEVISION (CCTV)|CAMERA|BULLET NARROW/STAND ALONE CAMERA|Power cable pulled off|WS20
CLOSE CIRCUIT TELEVISION (CCTV)|CAMERA|BULLET NARROW/STAND ALONE CAMERA|Overheating|WS20
CLOSE CIRCUIT TELEVISION (CCTV)|CAMERA|BULLET NARROW/STAND ALONE CAMERA|Outdated firmware on DVR|WS20
CLOSE CIRCUIT TELEVISION (CCTV)|CAMERA|BULLET NARROW/STAND ALONE CAMERA|MATRIX hang|WS20
CLOSE CIRCUIT TELEVISION (CCTV)|CAMERA|BULLET NARROW/STAND ALONE CAMERA|B&C connector loose|WS20
CLOSE CIRCUIT TELEVISION (CCTV)|CAMERA|BULLET NARROW/STAND ALONE CAMERA|Camera problem|WS20
CLOSE CIRCUIT TELEVISION (CCTV)|CAMERA|BULLET NARROW/STAND ALONE CAMERA|DVR hang|WS20
CLOSE CIRCUIT TELEVISION (CCTV)|CAMERA|BULLET NARROW/STAND ALONE CAMERA|No power|WS20
CLOSE CIRCUIT TELEVISION (CCTV)|CAMERA|BULLET NARROW/STAND ALONE CAMERA|Cover box crack /open|WS20
CLOSE CIRCUIT TELEVISION (CCTV)|CAMERA|BULLET NARROW/STAND ALONE CAMERA|Cable hangging|WS20
CLOSE CIRCUIT TELEVISION (CCTV)|CAMERA|BULLET NARROW/STAND ALONE CAMERA|Monitor blank|WS20
CLOSE CIRCUIT TELEVISION (CCTV)|CAMERA|BULLET NARROW/STAND ALONE CAMERA|Power supply problem|WS20
CLOSE CIRCUIT TELEVISION (CCTV)|CAMERA|BULLET NARROW/STAND ALONE CAMERA|Converter HDMI loose|WS20
CLOSE CIRCUIT TELEVISION (CCTV)|CAMERA|BULLET NARROW/STAND ALONE CAMERA|Conventer VGA loose|WS20
CLOSE CIRCUIT TELEVISION (CCTV)|CAMERA|BULLET NARROW/STAND ALONE CAMERA|Power cable pulled off|WS20
CLOSE CIRCUIT TELEVISION (CCTV)|CAMERA|BULLET NARROW/STAND ALONE CAMERA|Overheating|WS20
CLOSE CIRCUIT TELEVISION (CCTV)|CAMERA|BULLET NARROW/STAND ALONE CAMERA|Outdated firmware on DVR|WS20
CLOSE CIRCUIT TELEVISION (CCTV)|CAMERA|BULLET NARROW/STAND ALONE CAMERA|MATRIX hang|WS20
CLOSE CIRCUIT TELEVISION (CCTV)|CAMERA|CONVERTER FIBER TO BNC (TPSS) RECEIVER|B&C connector loose|WS20
CLOSE CIRCUIT TELEVISION (CCTV)|CAMERA|CONVERTER FIBER TO BNC (TPSS) RECEIVER|Camera problem|WS20
CLOSE CIRCUIT TELEVISION (CCTV)|CAMERA|CONVERTER FIBER TO BNC (TPSS) RECEIVER|DVR hang|WS20
CLOSE CIRCUIT TELEVISION (CCTV)|CAMERA|CONVERTER FIBER TO BNC (TPSS) RECEIVER|No power|WS20
CLOSE CIRCUIT TELEVISION (CCTV)|CAMERA|CONVERTER FIBER TO BNC (TPSS) RECEIVER|Cover box crack /open|WS20
CLOSE CIRCUIT TELEVISION (CCTV)|CAMERA|CONVERTER FIBER TO BNC (TPSS) RECEIVER|Cable hangging|WS20
CLOSE CIRCUIT TELEVISION (CCTV)|CAMERA|CONVERTER FIBER TO BNC (TPSS) RECEIVER|Monitor blank|WS20
CLOSE CIRCUIT TELEVISION (CCTV)|CAMERA|CONVERTER FIBER TO BNC (TPSS) RECEIVER|Power supply problem|WS20
CLOSE CIRCUIT TELEVISION (CCTV)|CAMERA|CONVERTER FIBER TO BNC (TPSS) RECEIVER|Converter HDMI loose|WS20
CLOSE CIRCUIT TELEVISION (CCTV)|CAMERA|CONVERTER FIBER TO BNC (TPSS) RECEIVER|Conventer VGA loose|WS20
CLOSE CIRCUIT TELEVISION (CCTV)|CAMERA|CONVERTER FIBER TO BNC (TPSS) RECEIVER|Power cable pulled off|WS20
CLOSE CIRCUIT TELEVISION (CCTV)|CAMERA|CONVERTER FIBER TO BNC (TPSS) RECEIVER|Overheating|WS20
CLOSE CIRCUIT TELEVISION (CCTV)|CAMERA|CONVERTER FIBER TO BNC (TPSS) RECEIVER|Outdated firmware on DVR|WS20
CLOSE CIRCUIT TELEVISION (CCTV)|CAMERA|CONVERTER FIBER TO BNC (TPSS) RECEIVER|MATRIX hang|WS20
CLOSE CIRCUIT TELEVISION (CCTV)|CAMERA|CONVERTER FIBER TO BNC (TPSS) TRANSMITTER|B&C connector loose|WS20
CLOSE CIRCUIT TELEVISION (CCTV)|CAMERA|CONVERTER FIBER TO BNC (TPSS) TRANSMITTER|Camera problem|WS20
CLOSE CIRCUIT TELEVISION (CCTV)|CAMERA|CONVERTER FIBER TO BNC (TPSS) TRANSMITTER|DVR hang|WS20
CLOSE CIRCUIT TELEVISION (CCTV)|CAMERA|CONVERTER FIBER TO BNC (TPSS) TRANSMITTER|No power|WS20
CLOSE CIRCUIT TELEVISION (CCTV)|CAMERA|CONVERTER FIBER TO BNC (TPSS) TRANSMITTER|Cover box crack /open|WS20
CLOSE CIRCUIT TELEVISION (CCTV)|CAMERA|CONVERTER FIBER TO BNC (TPSS) TRANSMITTER|Cable hangging|WS20
CLOSE CIRCUIT TELEVISION (CCTV)|CAMERA|CONVERTER FIBER TO BNC (TPSS) TRANSMITTER|Monitor blank|WS20
CLOSE CIRCUIT TELEVISION (CCTV)|CAMERA|CONVERTER FIBER TO BNC (TPSS) TRANSMITTER|Power supply problem|WS20
CLOSE CIRCUIT TELEVISION (CCTV)|CAMERA|CONVERTER FIBER TO BNC (TPSS) TRANSMITTER|Converter HDMI loose|WS20
CLOSE CIRCUIT TELEVISION (CCTV)|CAMERA|CONVERTER FIBER TO BNC (TPSS) TRANSMITTER|Conventer VGA loose|WS20
CLOSE CIRCUIT TELEVISION (CCTV)|CAMERA|CONVERTER FIBER TO BNC (TPSS) TRANSMITTER|Power cable pulled off|WS20
CLOSE CIRCUIT TELEVISION (CCTV)|CAMERA|CONVERTER FIBER TO BNC (TPSS) TRANSMITTER|Overheating|WS20
CLOSE CIRCUIT TELEVISION (CCTV)|CAMERA|CONVERTER FIBER TO BNC (TPSS) TRANSMITTER|Outdated firmware on DVR|WS20
CLOSE CIRCUIT TELEVISION (CCTV)|CAMERA|CONVERTER FIBER TO BNC (TPSS) TRANSMITTER|MATRIX hang|WS20
CLOSE CIRCUIT TELEVISION (CCTV)|CAMERA|POWER ADAPTOR CONVERTER 12VDC (TPSS)|B&C connector loose|WS20
CLOSE CIRCUIT TELEVISION (CCTV)|CAMERA|POWER ADAPTOR CONVERTER 12VDC (TPSS)|Camera problem|WS20
CLOSE CIRCUIT TELEVISION (CCTV)|CAMERA|POWER ADAPTOR CONVERTER 12VDC (TPSS)|DVR hang|WS20
CLOSE CIRCUIT TELEVISION (CCTV)|CAMERA|POWER ADAPTOR CONVERTER 12VDC (TPSS)|No power|WS20
CLOSE CIRCUIT TELEVISION (CCTV)|CAMERA|POWER ADAPTOR CONVERTER 12VDC (TPSS)|Cover box crack /open|WS20
CLOSE CIRCUIT TELEVISION (CCTV)|CAMERA|POWER ADAPTOR CONVERTER 12VDC (TPSS)|Cable hangging|WS20
CLOSE CIRCUIT TELEVISION (CCTV)|CAMERA|POWER ADAPTOR CONVERTER 12VDC (TPSS)|Monitor blank|WS20
CLOSE CIRCUIT TELEVISION (CCTV)|CAMERA|POWER ADAPTOR CONVERTER 12VDC (TPSS)|Power supply problem|WS20
CLOSE CIRCUIT TELEVISION (CCTV)|CAMERA|POWER ADAPTOR CONVERTER 12VDC (TPSS)|Converter HDMI loose|WS20
CLOSE CIRCUIT TELEVISION (CCTV)|CAMERA|POWER ADAPTOR CONVERTER 12VDC (TPSS)|Conventer VGA loose|WS20
CLOSE CIRCUIT TELEVISION (CCTV)|CAMERA|POWER ADAPTOR CONVERTER 12VDC (TPSS)|Power cable pulled off|WS20
CLOSE CIRCUIT TELEVISION (CCTV)|CAMERA|POWER ADAPTOR CONVERTER 12VDC (TPSS)|Overheating|WS20
CLOSE CIRCUIT TELEVISION (CCTV)|CAMERA|POWER ADAPTOR CONVERTER 12VDC (TPSS)|Outdated firmware on DVR|WS20
CLOSE CIRCUIT TELEVISION (CCTV)|CAMERA|POWER ADAPTOR CONVERTER 12VDC (TPSS)|MATRIX hang|WS20
CLOSE CIRCUIT TELEVISION (CCTV)|CAMERA|FIBER CABLE (TPSS)|B&C connector loose|WS20
CLOSE CIRCUIT TELEVISION (CCTV)|CAMERA|FIBER CABLE (TPSS)|Camera problem|WS20
CLOSE CIRCUIT TELEVISION (CCTV)|CAMERA|FIBER CABLE (TPSS)|DVR hang|WS20
CLOSE CIRCUIT TELEVISION (CCTV)|CAMERA|FIBER CABLE (TPSS)|No power|WS20
CLOSE CIRCUIT TELEVISION (CCTV)|CAMERA|FIBER CABLE (TPSS)|Cover box crack /open|WS20
CLOSE CIRCUIT TELEVISION (CCTV)|CAMERA|FIBER CABLE (TPSS)|Cable hangging|WS20
CLOSE CIRCUIT TELEVISION (CCTV)|CAMERA|FIBER CABLE (TPSS)|Monitor blank|WS20
CLOSE CIRCUIT TELEVISION (CCTV)|CAMERA|FIBER CABLE (TPSS)|Power supply problem|WS20
CLOSE CIRCUIT TELEVISION (CCTV)|CAMERA|FIBER CABLE (TPSS)|Converter HDMI loose|WS20
CLOSE CIRCUIT TELEVISION (CCTV)|CAMERA|FIBER CABLE (TPSS)|Conventer VGA loose|WS20
CLOSE CIRCUIT TELEVISION (CCTV)|CAMERA|FIBER CABLE (TPSS)|Power cable pulled off|WS20
CLOSE CIRCUIT TELEVISION (CCTV)|CAMERA|FIBER CABLE (TPSS)|Overheating|WS20
CLOSE CIRCUIT TELEVISION (CCTV)|CAMERA|FIBER CABLE (TPSS)|Outdated firmware on DVR|WS20
CLOSE CIRCUIT TELEVISION (CCTV)|CAMERA|FIBER CABLE (TPSS)|MATRIX hang|WS20
CLOSE CIRCUIT TELEVISION (CCTV)|CAMERA|POWER SUPPLY INCOMING 12VDC|B&C connector loose|WS20
CLOSE CIRCUIT TELEVISION (CCTV)|CAMERA|POWER SUPPLY INCOMING 12VDC|Camera problem|WS20
CLOSE CIRCUIT TELEVISION (CCTV)|CAMERA|POWER SUPPLY INCOMING 12VDC|DVR hang|WS20
CLOSE CIRCUIT TELEVISION (CCTV)|CAMERA|POWER SUPPLY INCOMING 12VDC|No power|WS20
CLOSE CIRCUIT TELEVISION (CCTV)|CAMERA|POWER SUPPLY INCOMING 12VDC|Cover box crack /open|WS20
CLOSE CIRCUIT TELEVISION (CCTV)|CAMERA|POWER SUPPLY INCOMING 12VDC|Cable hangging|WS20
CLOSE CIRCUIT TELEVISION (CCTV)|CAMERA|POWER SUPPLY INCOMING 12VDC|Monitor blank|WS20
CLOSE CIRCUIT TELEVISION (CCTV)|CAMERA|POWER SUPPLY INCOMING 12VDC|Power supply problem|WS20
CLOSE CIRCUIT TELEVISION (CCTV)|CAMERA|POWER SUPPLY INCOMING 12VDC|Converter HDMI loose|WS20
CLOSE CIRCUIT TELEVISION (CCTV)|CAMERA|POWER SUPPLY INCOMING 12VDC|Conventer VGA loose|WS20
CLOSE CIRCUIT TELEVISION (CCTV)|CAMERA|POWER SUPPLY INCOMING 12VDC|Power cable pulled off|WS20
CLOSE CIRCUIT TELEVISION (CCTV)|CAMERA|POWER SUPPLY INCOMING 12VDC|Overheating|WS20
CLOSE CIRCUIT TELEVISION (CCTV)|CAMERA|POWER SUPPLY INCOMING 12VDC|Outdated firmware on DVR|WS20
CLOSE CIRCUIT TELEVISION (CCTV)|CAMERA|POWER SUPPLY INCOMING 12VDC|MATRIX hang|WS20
CLOSE CIRCUIT TELEVISION (CCTV)|CAMERA|POWER SUPPLY INCOMING 12VDC|B&C connector loose|WS20
CLOSE CIRCUIT TELEVISION (CCTV)|CAMERA|POWER SUPPLY INCOMING 12VDC|Camera problem|WS20
CLOSE CIRCUIT TELEVISION (CCTV)|CAMERA|POWER SUPPLY INCOMING 12VDC|DVR hang|WS20
CLOSE CIRCUIT TELEVISION (CCTV)|CAMERA|POWER SUPPLY INCOMING 12VDC|No power|WS20
CLOSE CIRCUIT TELEVISION (CCTV)|CAMERA|POWER SUPPLY INCOMING 12VDC|Cover box crack /open|WS20
CLOSE CIRCUIT TELEVISION (CCTV)|CAMERA|POWER SUPPLY INCOMING 12VDC|Cable hangging|WS20
CLOSE CIRCUIT TELEVISION (CCTV)|CAMERA|POWER SUPPLY INCOMING 12VDC|Monitor blank|WS20
CLOSE CIRCUIT TELEVISION (CCTV)|CAMERA|POWER SUPPLY INCOMING 12VDC|Power supply problem|WS20
CLOSE CIRCUIT TELEVISION (CCTV)|CAMERA|POWER SUPPLY INCOMING 12VDC|Converter HDMI loose|WS20
CLOSE CIRCUIT TELEVISION (CCTV)|CAMERA|POWER SUPPLY INCOMING 12VDC|Conventer VGA loose|WS20
CLOSE CIRCUIT TELEVISION (CCTV)|CAMERA|POWER SUPPLY INCOMING 12VDC|Power cable pulled off|WS20
CLOSE CIRCUIT TELEVISION (CCTV)|CAMERA|POWER SUPPLY INCOMING 12VDC|Overheating|WS20
CLOSE CIRCUIT TELEVISION (CCTV)|CAMERA|POWER SUPPLY INCOMING 12VDC|Outdated firmware on DVR|WS20
CLOSE CIRCUIT TELEVISION (CCTV)|CAMERA|POWER SUPPLY INCOMING 12VDC|MATRIX hang|WS20
CLOSE CIRCUIT TELEVISION (CCTV)|CAMERA|DOME CAMERA|B&C connector loose|WS20
CLOSE CIRCUIT TELEVISION (CCTV)|CAMERA|DOME CAMERA|Camera problem|WS20
CLOSE CIRCUIT TELEVISION (CCTV)|CAMERA|DOME CAMERA|DVR hang|WS20
CLOSE CIRCUIT TELEVISION (CCTV)|CAMERA|DOME CAMERA|No power|WS20
CLOSE CIRCUIT TELEVISION (CCTV)|CAMERA|DOME CAMERA|Cover box crack /open|WS20
CLOSE CIRCUIT TELEVISION (CCTV)|CAMERA|DOME CAMERA|Cable hangging|WS20
CLOSE CIRCUIT TELEVISION (CCTV)|CAMERA|DOME CAMERA|Monitor blank|WS20
CLOSE CIRCUIT TELEVISION (CCTV)|CAMERA|DOME CAMERA|Power supply problem|WS20
CLOSE CIRCUIT TELEVISION (CCTV)|CAMERA|DOME CAMERA|Converter HDMI loose|WS20
CLOSE CIRCUIT TELEVISION (CCTV)|CAMERA|DOME CAMERA|Conventer VGA loose|WS20
CLOSE CIRCUIT TELEVISION (CCTV)|CAMERA|DOME CAMERA|Power cable pulled off|WS20
CLOSE CIRCUIT TELEVISION (CCTV)|CAMERA|DOME CAMERA|Overheating|WS20
CLOSE CIRCUIT TELEVISION (CCTV)|CAMERA|DOME CAMERA|Outdated firmware on DVR|WS20
CLOSE CIRCUIT TELEVISION (CCTV)|CAMERA|DOME CAMERA|MATRIX hang|WS20
CLOSE CIRCUIT TELEVISION (CCTV)|CAMERA|DOME CAMERA|B&C connector loose|WS20
CLOSE CIRCUIT TELEVISION (CCTV)|CAMERA|DOME CAMERA|Camera problem|WS20
CLOSE CIRCUIT TELEVISION (CCTV)|CAMERA|DOME CAMERA|DVR hang|WS20
CLOSE CIRCUIT TELEVISION (CCTV)|CAMERA|DOME CAMERA|No power|WS20
CLOSE CIRCUIT TELEVISION (CCTV)|CAMERA|DOME CAMERA|Cover box crack /open|WS20
CLOSE CIRCUIT TELEVISION (CCTV)|CAMERA|DOME CAMERA|Cable hangging|WS20
CLOSE CIRCUIT TELEVISION (CCTV)|CAMERA|DOME CAMERA|Monitor blank|WS20
CLOSE CIRCUIT TELEVISION (CCTV)|CAMERA|DOME CAMERA|Power supply problem|WS20
CLOSE CIRCUIT TELEVISION (CCTV)|CAMERA|DOME CAMERA|Converter HDMI loose|WS20
CLOSE CIRCUIT TELEVISION (CCTV)|CAMERA|DOME CAMERA|Conventer VGA loose|WS20
CLOSE CIRCUIT TELEVISION (CCTV)|CAMERA|DOME CAMERA|Power cable pulled off|WS20
CLOSE CIRCUIT TELEVISION (CCTV)|CAMERA|DOME CAMERA|Overheating|WS20
CLOSE CIRCUIT TELEVISION (CCTV)|CAMERA|DOME CAMERA|Outdated firmware on DVR|WS20
CLOSE CIRCUIT TELEVISION (CCTV)|CAMERA|DOME CAMERA|MATRIX hang|WS20
CLOSE CIRCUIT TELEVISION (CCTV)|CAMERA|POWER ADAPTER DOME CAMERA 12V|B&C connector loose|WS20
CLOSE CIRCUIT TELEVISION (CCTV)|CAMERA|POWER ADAPTER DOME CAMERA 12V|Camera problem|WS20
CLOSE CIRCUIT TELEVISION (CCTV)|CAMERA|POWER ADAPTER DOME CAMERA 12V|DVR hang|WS20
CLOSE CIRCUIT TELEVISION (CCTV)|CAMERA|POWER ADAPTER DOME CAMERA 12V|No power|WS20
CLOSE CIRCUIT TELEVISION (CCTV)|CAMERA|POWER ADAPTER DOME CAMERA 12V|Cover box crack /open|WS20
CLOSE CIRCUIT TELEVISION (CCTV)|CAMERA|POWER ADAPTER DOME CAMERA 12V|Cable hangging|WS20
CLOSE CIRCUIT TELEVISION (CCTV)|CAMERA|POWER ADAPTER DOME CAMERA 12V|Monitor blank|WS20
CLOSE CIRCUIT TELEVISION (CCTV)|CAMERA|POWER ADAPTER DOME CAMERA 12V|Power supply problem|WS20
CLOSE CIRCUIT TELEVISION (CCTV)|CAMERA|POWER ADAPTER DOME CAMERA 12V|Converter HDMI loose|WS20
CLOSE CIRCUIT TELEVISION (CCTV)|CAMERA|POWER ADAPTER DOME CAMERA 12V|Conventer VGA loose|WS20
CLOSE CIRCUIT TELEVISION (CCTV)|CAMERA|POWER ADAPTER DOME CAMERA 12V|Power cable pulled off|WS20
CLOSE CIRCUIT TELEVISION (CCTV)|CAMERA|POWER ADAPTER DOME CAMERA 12V|Overheating|WS20
CLOSE CIRCUIT TELEVISION (CCTV)|CAMERA|POWER ADAPTER DOME CAMERA 12V|Outdated firmware on DVR|WS20
CLOSE CIRCUIT TELEVISION (CCTV)|CAMERA|POWER ADAPTER DOME CAMERA 12V|MATRIX hang|WS20
CLOSE CIRCUIT TELEVISION (CCTV)|CAMERA|VIDEO MODEM TRANSMITTER|B&C connector loose|WS20
CLOSE CIRCUIT TELEVISION (CCTV)|CAMERA|VIDEO MODEM TRANSMITTER|Camera problem|WS20
CLOSE CIRCUIT TELEVISION (CCTV)|CAMERA|VIDEO MODEM TRANSMITTER|DVR hang|WS20
CLOSE CIRCUIT TELEVISION (CCTV)|CAMERA|VIDEO MODEM TRANSMITTER|No power|WS20
CLOSE CIRCUIT TELEVISION (CCTV)|CAMERA|VIDEO MODEM TRANSMITTER|Cover box crack /open|WS20
CLOSE CIRCUIT TELEVISION (CCTV)|CAMERA|VIDEO MODEM TRANSMITTER|Cable hangging|WS20
CLOSE CIRCUIT TELEVISION (CCTV)|CAMERA|VIDEO MODEM TRANSMITTER|Monitor blank|WS20
CLOSE CIRCUIT TELEVISION (CCTV)|CAMERA|VIDEO MODEM TRANSMITTER|Power supply problem|WS20
CLOSE CIRCUIT TELEVISION (CCTV)|CAMERA|VIDEO MODEM TRANSMITTER|Converter HDMI loose|WS20
CLOSE CIRCUIT TELEVISION (CCTV)|CAMERA|VIDEO MODEM TRANSMITTER|Conventer VGA loose|WS20
CLOSE CIRCUIT TELEVISION (CCTV)|CAMERA|VIDEO MODEM TRANSMITTER|Power cable pulled off|WS20
CLOSE CIRCUIT TELEVISION (CCTV)|CAMERA|VIDEO MODEM TRANSMITTER|Overheating|WS20
CLOSE CIRCUIT TELEVISION (CCTV)|CAMERA|VIDEO MODEM TRANSMITTER|Outdated firmware on DVR|WS20
CLOSE CIRCUIT TELEVISION (CCTV)|CAMERA|VIDEO MODEM TRANSMITTER|MATRIX hang|WS20
CLOSE CIRCUIT TELEVISION (CCTV)|CAMERA|VIDEO POWER RECEIVER|B&C connector loose|WS20
CLOSE CIRCUIT TELEVISION (CCTV)|CAMERA|VIDEO POWER RECEIVER|Camera problem|WS20
CLOSE CIRCUIT TELEVISION (CCTV)|CAMERA|VIDEO POWER RECEIVER|DVR hang|WS20
CLOSE CIRCUIT TELEVISION (CCTV)|CAMERA|VIDEO POWER RECEIVER|No power|WS20
CLOSE CIRCUIT TELEVISION (CCTV)|CAMERA|VIDEO POWER RECEIVER|Cover box crack /open|WS20
CLOSE CIRCUIT TELEVISION (CCTV)|CAMERA|VIDEO POWER RECEIVER|Cable hangging|WS20
CLOSE CIRCUIT TELEVISION (CCTV)|CAMERA|VIDEO POWER RECEIVER|Monitor blank|WS20
CLOSE CIRCUIT TELEVISION (CCTV)|CAMERA|VIDEO POWER RECEIVER|Power supply problem|WS20
CLOSE CIRCUIT TELEVISION (CCTV)|CAMERA|VIDEO POWER RECEIVER|Converter HDMI loose|WS20
CLOSE CIRCUIT TELEVISION (CCTV)|CAMERA|VIDEO POWER RECEIVER|Conventer VGA loose|WS20
CLOSE CIRCUIT TELEVISION (CCTV)|CAMERA|VIDEO POWER RECEIVER|Power cable pulled off|WS20
CLOSE CIRCUIT TELEVISION (CCTV)|CAMERA|VIDEO POWER RECEIVER|Overheating|WS20
CLOSE CIRCUIT TELEVISION (CCTV)|CAMERA|VIDEO POWER RECEIVER|Outdated firmware on DVR|WS20
CLOSE CIRCUIT TELEVISION (CCTV)|CAMERA|VIDEO POWER RECEIVER|MATRIX hang|WS20
CLOSE CIRCUIT TELEVISION (CCTV)|CAMERA|VIDEO POWER RECEIVER|B&C connector loose|WS20
CLOSE CIRCUIT TELEVISION (CCTV)|CAMERA|VIDEO POWER RECEIVER|Camera problem|WS20
CLOSE CIRCUIT TELEVISION (CCTV)|CAMERA|VIDEO POWER RECEIVER|DVR hang|WS20
CLOSE CIRCUIT TELEVISION (CCTV)|CAMERA|VIDEO POWER RECEIVER|No power|WS20
CLOSE CIRCUIT TELEVISION (CCTV)|CAMERA|VIDEO POWER RECEIVER|Cover box crack /open|WS20
CLOSE CIRCUIT TELEVISION (CCTV)|CAMERA|VIDEO POWER RECEIVER|Cable hangging|WS20
CLOSE CIRCUIT TELEVISION (CCTV)|CAMERA|VIDEO POWER RECEIVER|Monitor blank|WS20
CLOSE CIRCUIT TELEVISION (CCTV)|CAMERA|VIDEO POWER RECEIVER|Power supply problem|WS20
CLOSE CIRCUIT TELEVISION (CCTV)|CAMERA|VIDEO POWER RECEIVER|Converter HDMI loose|WS20
CLOSE CIRCUIT TELEVISION (CCTV)|CAMERA|VIDEO POWER RECEIVER|Conventer VGA loose|WS20
CLOSE CIRCUIT TELEVISION (CCTV)|CAMERA|VIDEO POWER RECEIVER|Power cable pulled off|WS20
CLOSE CIRCUIT TELEVISION (CCTV)|CAMERA|VIDEO POWER RECEIVER|Overheating|WS20
CLOSE CIRCUIT TELEVISION (CCTV)|CAMERA|VIDEO POWER RECEIVER|Outdated firmware on DVR|WS20
CLOSE CIRCUIT TELEVISION (CCTV)|CAMERA|VIDEO POWER RECEIVER|MATRIX hang|WS20
CLOSE CIRCUIT TELEVISION (CCTV)|CAMERA|VIDEO POWER RECEIVER|B&C connector loose|WS20
CLOSE CIRCUIT TELEVISION (CCTV)|CAMERA|VIDEO POWER RECEIVER|Camera problem|WS20
CLOSE CIRCUIT TELEVISION (CCTV)|CAMERA|VIDEO POWER RECEIVER|DVR hang|WS20
CLOSE CIRCUIT TELEVISION (CCTV)|CAMERA|VIDEO POWER RECEIVER|No power|WS20
CLOSE CIRCUIT TELEVISION (CCTV)|CAMERA|VIDEO POWER RECEIVER|Cover box crack /open|WS20
CLOSE CIRCUIT TELEVISION (CCTV)|CAMERA|VIDEO POWER RECEIVER|Cable hangging|WS20
CLOSE CIRCUIT TELEVISION (CCTV)|CAMERA|VIDEO POWER RECEIVER|Monitor blank|WS20
CLOSE CIRCUIT TELEVISION (CCTV)|CAMERA|VIDEO POWER RECEIVER|Power supply problem|WS20
CLOSE CIRCUIT TELEVISION (CCTV)|CAMERA|VIDEO POWER RECEIVER|Converter HDMI loose|WS20
CLOSE CIRCUIT TELEVISION (CCTV)|CAMERA|VIDEO POWER RECEIVER|Conventer VGA loose|WS20
CLOSE CIRCUIT TELEVISION (CCTV)|CAMERA|VIDEO POWER RECEIVER|Power cable pulled off|WS20
CLOSE CIRCUIT TELEVISION (CCTV)|CAMERA|VIDEO POWER RECEIVER|Overheating|WS20
CLOSE CIRCUIT TELEVISION (CCTV)|CAMERA|VIDEO POWER RECEIVER|Outdated firmware on DVR|WS20
CLOSE CIRCUIT TELEVISION (CCTV)|CAMERA|VIDEO POWER RECEIVER|MATRIX hang|WS20
CLOSE CIRCUIT TELEVISION (CCTV)|CAMERA|CABLE COXIAL TYPE|B&C connector loose|WS20
CLOSE CIRCUIT TELEVISION (CCTV)|CAMERA|CABLE COXIAL TYPE|Camera problem|WS20
CLOSE CIRCUIT TELEVISION (CCTV)|CAMERA|CABLE COXIAL TYPE|DVR hang|WS20
CLOSE CIRCUIT TELEVISION (CCTV)|CAMERA|CABLE COXIAL TYPE|No power|WS20
CLOSE CIRCUIT TELEVISION (CCTV)|CAMERA|CABLE COXIAL TYPE|Cover box crack /open|WS20
CLOSE CIRCUIT TELEVISION (CCTV)|CAMERA|CABLE COXIAL TYPE|Cable hangging|WS20
CLOSE CIRCUIT TELEVISION (CCTV)|CAMERA|CABLE COXIAL TYPE|Monitor blank|WS20
CLOSE CIRCUIT TELEVISION (CCTV)|CAMERA|CABLE COXIAL TYPE|Power supply problem|WS20
CLOSE CIRCUIT TELEVISION (CCTV)|CAMERA|CABLE COXIAL TYPE|Converter HDMI loose|WS20
CLOSE CIRCUIT TELEVISION (CCTV)|CAMERA|CABLE COXIAL TYPE|Conventer VGA loose|WS20
CLOSE CIRCUIT TELEVISION (CCTV)|CAMERA|CABLE COXIAL TYPE|Power cable pulled off|WS20
CLOSE CIRCUIT TELEVISION (CCTV)|CAMERA|CABLE COXIAL TYPE|Overheating|WS20
CLOSE CIRCUIT TELEVISION (CCTV)|CAMERA|CABLE COXIAL TYPE|Outdated firmware on DVR|WS20
CLOSE CIRCUIT TELEVISION (CCTV)|CAMERA|CABLE COXIAL TYPE|MATRIX hang|WS20
CLOSE CIRCUIT TELEVISION (CCTV)|CAMERA|BNC CONNECTOR|B&C connector loose|WS20
CLOSE CIRCUIT TELEVISION (CCTV)|CAMERA|BNC CONNECTOR|Camera problem|WS20
CLOSE CIRCUIT TELEVISION (CCTV)|CAMERA|BNC CONNECTOR|DVR hang|WS20
CLOSE CIRCUIT TELEVISION (CCTV)|CAMERA|BNC CONNECTOR|No power|WS20
CLOSE CIRCUIT TELEVISION (CCTV)|CAMERA|BNC CONNECTOR|Cover box crack /open|WS20
CLOSE CIRCUIT TELEVISION (CCTV)|CAMERA|BNC CONNECTOR|Cable hangging|WS20
CLOSE CIRCUIT TELEVISION (CCTV)|CAMERA|BNC CONNECTOR|Monitor blank|WS20
CLOSE CIRCUIT TELEVISION (CCTV)|CAMERA|BNC CONNECTOR|Power supply problem|WS20
CLOSE CIRCUIT TELEVISION (CCTV)|CAMERA|BNC CONNECTOR|Converter HDMI loose|WS20
CLOSE CIRCUIT TELEVISION (CCTV)|CAMERA|BNC CONNECTOR|Conventer VGA loose|WS20
CLOSE CIRCUIT TELEVISION (CCTV)|CAMERA|BNC CONNECTOR|Power cable pulled off|WS20
CLOSE CIRCUIT TELEVISION (CCTV)|CAMERA|BNC CONNECTOR|Overheating|WS20
CLOSE CIRCUIT TELEVISION (CCTV)|CAMERA|BNC CONNECTOR|Outdated firmware on DVR|WS20
CLOSE CIRCUIT TELEVISION (CCTV)|CAMERA|BNC CONNECTOR|MATRIX hang|WS20
CLOSE CIRCUIT TELEVISION (CCTV)|CAMERA|BRACKETS BULLET NARROW CAMERA|B&C connector loose|WS20
CLOSE CIRCUIT TELEVISION (CCTV)|CAMERA|BRACKETS BULLET NARROW CAMERA|Camera problem|WS20
CLOSE CIRCUIT TELEVISION (CCTV)|CAMERA|BRACKETS BULLET NARROW CAMERA|DVR hang|WS20
CLOSE CIRCUIT TELEVISION (CCTV)|CAMERA|BRACKETS BULLET NARROW CAMERA|No power|WS20
CLOSE CIRCUIT TELEVISION (CCTV)|CAMERA|BRACKETS BULLET NARROW CAMERA|Cover box crack /open|WS20
CLOSE CIRCUIT TELEVISION (CCTV)|CAMERA|BRACKETS BULLET NARROW CAMERA|Cable hangging|WS20
CLOSE CIRCUIT TELEVISION (CCTV)|CAMERA|BRACKETS BULLET NARROW CAMERA|Monitor blank|WS20
CLOSE CIRCUIT TELEVISION (CCTV)|CAMERA|BRACKETS BULLET NARROW CAMERA|Power supply problem|WS20
CLOSE CIRCUIT TELEVISION (CCTV)|CAMERA|BRACKETS BULLET NARROW CAMERA|Converter HDMI loose|WS20
CLOSE CIRCUIT TELEVISION (CCTV)|CAMERA|BRACKETS BULLET NARROW CAMERA|Conventer VGA loose|WS20
CLOSE CIRCUIT TELEVISION (CCTV)|CAMERA|BRACKETS BULLET NARROW CAMERA|Power cable pulled off|WS20
CLOSE CIRCUIT TELEVISION (CCTV)|CAMERA|BRACKETS BULLET NARROW CAMERA|Overheating|WS20
CLOSE CIRCUIT TELEVISION (CCTV)|CAMERA|BRACKETS BULLET NARROW CAMERA|Outdated firmware on DVR|WS20
CLOSE CIRCUIT TELEVISION (CCTV)|CAMERA|BRACKETS BULLET NARROW CAMERA|MATRIX hang|WS20
Supervisory Control and Data Acquisition (SCADA)|PROGRAMMABLE LOGIC CONTROL (PLC)|BACK PLANE/BASE UNIT|SFP issue|WS20
Supervisory Control and Data Acquisition (SCADA)|PROGRAMMABLE LOGIC CONTROL (PLC)|BACK PLANE/BASE UNIT|System intermittent|WS20
Supervisory Control and Data Acquisition (SCADA)|PROGRAMMABLE LOGIC CONTROL (PLC)|BACK PLANE/BASE UNIT|Cable interface card PLC faulty|WS20
Supervisory Control and Data Acquisition (SCADA)|PROGRAMMABLE LOGIC CONTROL (PLC)|BACK PLANE/BASE UNIT|Self-refresh due to system bugs|WS20
Supervisory Control and Data Acquisition (SCADA)|PROGRAMMABLE LOGIC CONTROL (PLC)|BACK PLANE/BASE UNIT|PLC hang|WS20
Supervisory Control and Data Acquisition (SCADA)|PROGRAMMABLE LOGIC CONTROL (PLC)|BACK PLANE/BASE UNIT|SFP issue|WS20
Supervisory Control and Data Acquisition (SCADA)|PROGRAMMABLE LOGIC CONTROL (PLC)|BACK PLANE/BASE UNIT|System intermittent|WS20
Supervisory Control and Data Acquisition (SCADA)|PROGRAMMABLE LOGIC CONTROL (PLC)|BACK PLANE/BASE UNIT|Cable interface card PLC faulty|WS20
Supervisory Control and Data Acquisition (SCADA)|PROGRAMMABLE LOGIC CONTROL (PLC)|BACK PLANE/BASE UNIT|Self-refresh due to system bugs|WS20
Supervisory Control and Data Acquisition (SCADA)|PROGRAMMABLE LOGIC CONTROL (PLC)|BACK PLANE/BASE UNIT|PLC hang|WS20
Supervisory Control and Data Acquisition (SCADA)|PROGRAMMABLE LOGIC CONTROL (PLC)|POWER SUPPLY|SFP issue|WS20
Supervisory Control and Data Acquisition (SCADA)|PROGRAMMABLE LOGIC CONTROL (PLC)|POWER SUPPLY|System intermittent|WS20
Supervisory Control and Data Acquisition (SCADA)|PROGRAMMABLE LOGIC CONTROL (PLC)|POWER SUPPLY|Cable interface card PLC faulty|WS20
Supervisory Control and Data Acquisition (SCADA)|PROGRAMMABLE LOGIC CONTROL (PLC)|POWER SUPPLY|Self-refresh due to system bugs|WS20
Supervisory Control and Data Acquisition (SCADA)|PROGRAMMABLE LOGIC CONTROL (PLC)|POWER SUPPLY|PLC hang|WS20
Supervisory Control and Data Acquisition (SCADA)|PROGRAMMABLE LOGIC CONTROL (PLC)|CPU CARD MODULE|SFP issue|WS20
Supervisory Control and Data Acquisition (SCADA)|PROGRAMMABLE LOGIC CONTROL (PLC)|CPU CARD MODULE|System intermittent|WS20
Supervisory Control and Data Acquisition (SCADA)|PROGRAMMABLE LOGIC CONTROL (PLC)|CPU CARD MODULE|Cable interface card PLC faulty|WS20
Supervisory Control and Data Acquisition (SCADA)|PROGRAMMABLE LOGIC CONTROL (PLC)|CPU CARD MODULE|Self-refresh due to system bugs|WS20
Supervisory Control and Data Acquisition (SCADA)|PROGRAMMABLE LOGIC CONTROL (PLC)|CPU CARD MODULE|PLC hang|WS20
Supervisory Control and Data Acquisition (SCADA)|PROGRAMMABLE LOGIC CONTROL (PLC)|BATTERY CPU CARD|SFP issue|WS20
Supervisory Control and Data Acquisition (SCADA)|PROGRAMMABLE LOGIC CONTROL (PLC)|BATTERY CPU CARD|System intermittent|WS20
Supervisory Control and Data Acquisition (SCADA)|PROGRAMMABLE LOGIC CONTROL (PLC)|BATTERY CPU CARD|Cable interface card PLC faulty|WS20
Supervisory Control and Data Acquisition (SCADA)|PROGRAMMABLE LOGIC CONTROL (PLC)|BATTERY CPU CARD|Self-refresh due to system bugs|WS20
Supervisory Control and Data Acquisition (SCADA)|PROGRAMMABLE LOGIC CONTROL (PLC)|BATTERY CPU CARD|PLC hang|WS20
Supervisory Control and Data Acquisition (SCADA)|PROGRAMMABLE LOGIC CONTROL (PLC)|ETH CARD MODULE|SFP issue|WS20
Supervisory Control and Data Acquisition (SCADA)|PROGRAMMABLE LOGIC CONTROL (PLC)|ETH CARD MODULE|System intermittent|WS20
Supervisory Control and Data Acquisition (SCADA)|PROGRAMMABLE LOGIC CONTROL (PLC)|ETH CARD MODULE|Cable interface card PLC faulty|WS20
Supervisory Control and Data Acquisition (SCADA)|PROGRAMMABLE LOGIC CONTROL (PLC)|ETH CARD MODULE|Self-refresh due to system bugs|WS20
Supervisory Control and Data Acquisition (SCADA)|PROGRAMMABLE LOGIC CONTROL (PLC)|ETH CARD MODULE|PLC hang|WS20
Supervisory Control and Data Acquisition (SCADA)|PROGRAMMABLE LOGIC CONTROL (PLC)|INPUT CARD MODULE|SFP issue|WS20
Supervisory Control and Data Acquisition (SCADA)|PROGRAMMABLE LOGIC CONTROL (PLC)|INPUT CARD MODULE|System intermittent|WS20
Supervisory Control and Data Acquisition (SCADA)|PROGRAMMABLE LOGIC CONTROL (PLC)|INPUT CARD MODULE|Cable interface card PLC faulty|WS20
Supervisory Control and Data Acquisition (SCADA)|PROGRAMMABLE LOGIC CONTROL (PLC)|INPUT CARD MODULE|Self-refresh due to system bugs|WS20
Supervisory Control and Data Acquisition (SCADA)|PROGRAMMABLE LOGIC CONTROL (PLC)|INPUT CARD MODULE|PLC hang|WS20
Supervisory Control and Data Acquisition (SCADA)|PROGRAMMABLE LOGIC CONTROL (PLC)|OUTPUT CARD MODULE|SFP issue|WS20
Supervisory Control and Data Acquisition (SCADA)|PROGRAMMABLE LOGIC CONTROL (PLC)|OUTPUT CARD MODULE|System intermittent|WS20
Supervisory Control and Data Acquisition (SCADA)|PROGRAMMABLE LOGIC CONTROL (PLC)|OUTPUT CARD MODULE|Cable interface card PLC faulty|WS20
Supervisory Control and Data Acquisition (SCADA)|PROGRAMMABLE LOGIC CONTROL (PLC)|OUTPUT CARD MODULE|Self-refresh due to system bugs|WS20
Supervisory Control and Data Acquisition (SCADA)|PROGRAMMABLE LOGIC CONTROL (PLC)|OUTPUT CARD MODULE|PLC hang|WS20
Supervisory Control and Data Acquisition (SCADA)|PROGRAMMABLE LOGIC CONTROL (PLC)|ANALOG CARD / A/D CONVERTER MODULE|SFP issue|WS20
Supervisory Control and Data Acquisition (SCADA)|PROGRAMMABLE LOGIC CONTROL (PLC)|ANALOG CARD / A/D CONVERTER MODULE|System intermittent|WS20
Supervisory Control and Data Acquisition (SCADA)|PROGRAMMABLE LOGIC CONTROL (PLC)|ANALOG CARD / A/D CONVERTER MODULE|Cable interface card PLC faulty|WS20
Supervisory Control and Data Acquisition (SCADA)|PROGRAMMABLE LOGIC CONTROL (PLC)|ANALOG CARD / A/D CONVERTER MODULE|Self-refresh due to system bugs|WS20
Supervisory Control and Data Acquisition (SCADA)|PROGRAMMABLE LOGIC CONTROL (PLC)|ANALOG CARD / A/D CONVERTER MODULE|PLC hang|WS20
Supervisory Control and Data Acquisition (SCADA)|PROGRAMMABLE LOGIC CONTROL (PLC)|CONNECTOR CABLE INPUT CARD|SFP issue|WS20
Supervisory Control and Data Acquisition (SCADA)|PROGRAMMABLE LOGIC CONTROL (PLC)|CONNECTOR CABLE INPUT CARD|System intermittent|WS20
Supervisory Control and Data Acquisition (SCADA)|PROGRAMMABLE LOGIC CONTROL (PLC)|CONNECTOR CABLE INPUT CARD|Cable interface card PLC faulty|WS20
Supervisory Control and Data Acquisition (SCADA)|PROGRAMMABLE LOGIC CONTROL (PLC)|CONNECTOR CABLE INPUT CARD|Self-refresh due to system bugs|WS20
Supervisory Control and Data Acquisition (SCADA)|PROGRAMMABLE LOGIC CONTROL (PLC)|CONNECTOR CABLE INPUT CARD|PLC hang|WS20
Supervisory Control and Data Acquisition (SCADA)|PROGRAMMABLE LOGIC CONTROL (PLC)|PROGRAMMING USB MINI CABLE|SFP issue|WS20
Supervisory Control and Data Acquisition (SCADA)|PROGRAMMABLE LOGIC CONTROL (PLC)|PROGRAMMING USB MINI CABLE|System intermittent|WS20
Supervisory Control and Data Acquisition (SCADA)|PROGRAMMABLE LOGIC CONTROL (PLC)|PROGRAMMING USB MINI CABLE|Cable interface card PLC faulty|WS20
Supervisory Control and Data Acquisition (SCADA)|PROGRAMMABLE LOGIC CONTROL (PLC)|PROGRAMMING USB MINI CABLE|Self-refresh due to system bugs|WS20
Supervisory Control and Data Acquisition (SCADA)|PROGRAMMABLE LOGIC CONTROL (PLC)|PROGRAMMING USB MINI CABLE|PLC hang|WS20
Supervisory Control and Data Acquisition (SCADA)|PROGRAMMABLE LOGIC CONTROL (PLC)|NETWORK UTP/RJ45 CABLE|SFP issue|WS20
Supervisory Control and Data Acquisition (SCADA)|PROGRAMMABLE LOGIC CONTROL (PLC)|NETWORK UTP/RJ45 CABLE|System intermittent|WS20
Supervisory Control and Data Acquisition (SCADA)|PROGRAMMABLE LOGIC CONTROL (PLC)|NETWORK UTP/RJ45 CABLE|Cable interface card PLC faulty|WS20
Supervisory Control and Data Acquisition (SCADA)|PROGRAMMABLE LOGIC CONTROL (PLC)|NETWORK UTP/RJ45 CABLE|Self-refresh due to system bugs|WS20
Supervisory Control and Data Acquisition (SCADA)|PROGRAMMABLE LOGIC CONTROL (PLC)|NETWORK UTP/RJ45 CABLE|PLC hang|WS20
Supervisory Control and Data Acquisition (SCADA)|PROGRAMMABLE LOGIC CONTROL (PLC)|UTP Modular Connector/RJ45|SFP issue|WS20
Supervisory Control and Data Acquisition (SCADA)|PROGRAMMABLE LOGIC CONTROL (PLC)|UTP Modular Connector/RJ45|System intermittent|WS20
Supervisory Control and Data Acquisition (SCADA)|PROGRAMMABLE LOGIC CONTROL (PLC)|UTP Modular Connector/RJ45|Cable interface card PLC faulty|WS20
Supervisory Control and Data Acquisition (SCADA)|PROGRAMMABLE LOGIC CONTROL (PLC)|UTP Modular Connector/RJ45|Self-refresh due to system bugs|WS20
Supervisory Control and Data Acquisition (SCADA)|PROGRAMMABLE LOGIC CONTROL (PLC)|UTP Modular Connector/RJ45|PLC hang|WS20
Supervisory Control and Data Acquisition (SCADA)|PROGRAMMABLE LOGIC CONTROL (PLC)|POWER SUPPLY INCOMING 24VDC|SFP issue|WS20
Supervisory Control and Data Acquisition (SCADA)|PROGRAMMABLE LOGIC CONTROL (PLC)|POWER SUPPLY INCOMING 24VDC|System intermittent|WS20
Supervisory Control and Data Acquisition (SCADA)|PROGRAMMABLE LOGIC CONTROL (PLC)|POWER SUPPLY INCOMING 24VDC|Cable interface card PLC faulty|WS20
Supervisory Control and Data Acquisition (SCADA)|PROGRAMMABLE LOGIC CONTROL (PLC)|POWER SUPPLY INCOMING 24VDC|Self-refresh due to system bugs|WS20
Supervisory Control and Data Acquisition (SCADA)|PROGRAMMABLE LOGIC CONTROL (PLC)|POWER SUPPLY INCOMING 24VDC|PLC hang|WS20
Supervisory Control and Data Acquisition (SCADA)|PROGRAMMABLE LOGIC CONTROL (PLC)|TBQC|SFP issue|WS20
Supervisory Control and Data Acquisition (SCADA)|PROGRAMMABLE LOGIC CONTROL (PLC)|TBQC|System intermittent|WS20
Supervisory Control and Data Acquisition (SCADA)|PROGRAMMABLE LOGIC CONTROL (PLC)|TBQC|Cable interface card PLC faulty|WS20
Supervisory Control and Data Acquisition (SCADA)|PROGRAMMABLE LOGIC CONTROL (PLC)|TBQC|Self-refresh due to system bugs|WS20
Supervisory Control and Data Acquisition (SCADA)|PROGRAMMABLE LOGIC CONTROL (PLC)|TBQC|PLC hang|WS20
Supervisory Control and Data Acquisition (SCADA)|PROGRAMMABLE LOGIC CONTROL (PLC)|TBQC|SFP issue|WS20
Supervisory Control and Data Acquisition (SCADA)|PROGRAMMABLE LOGIC CONTROL (PLC)|TBQC|System intermittent|WS20
Supervisory Control and Data Acquisition (SCADA)|PROGRAMMABLE LOGIC CONTROL (PLC)|TBQC|Cable interface card PLC faulty|WS20
Supervisory Control and Data Acquisition (SCADA)|PROGRAMMABLE LOGIC CONTROL (PLC)|TBQC|Self-refresh due to system bugs|WS20
Supervisory Control and Data Acquisition (SCADA)|PROGRAMMABLE LOGIC CONTROL (PLC)|TBQC|PLC hang|WS20
Supervisory Control and Data Acquisition (SCADA)|PROGRAMMABLE LOGIC CONTROL (PLC)|CONNECTOR CABLE TBQC|SFP issue|WS20
Supervisory Control and Data Acquisition (SCADA)|PROGRAMMABLE LOGIC CONTROL (PLC)|CONNECTOR CABLE TBQC|System intermittent|WS20
Supervisory Control and Data Acquisition (SCADA)|PROGRAMMABLE LOGIC CONTROL (PLC)|CONNECTOR CABLE TBQC|Cable interface card PLC faulty|WS20
Supervisory Control and Data Acquisition (SCADA)|PROGRAMMABLE LOGIC CONTROL (PLC)|CONNECTOR CABLE TBQC|Self-refresh due to system bugs|WS20
Supervisory Control and Data Acquisition (SCADA)|PROGRAMMABLE LOGIC CONTROL (PLC)|CONNECTOR CABLE TBQC|PLC hang|WS20
Supervisory Control and Data Acquisition (SCADA)|PROGRAMMABLE LOGIC CONTROL (PLC)|MODULER TERMINAL BLADE|SFP issue|WS20
Supervisory Control and Data Acquisition (SCADA)|PROGRAMMABLE LOGIC CONTROL (PLC)|MODULER TERMINAL BLADE|System intermittent|WS20
Supervisory Control and Data Acquisition (SCADA)|PROGRAMMABLE LOGIC CONTROL (PLC)|MODULER TERMINAL BLADE|Cable interface card PLC faulty|WS20
Supervisory Control and Data Acquisition (SCADA)|PROGRAMMABLE LOGIC CONTROL (PLC)|MODULER TERMINAL BLADE|Self-refresh due to system bugs|WS20
Supervisory Control and Data Acquisition (SCADA)|PROGRAMMABLE LOGIC CONTROL (PLC)|MODULER TERMINAL BLADE|PLC hang|WS20
Supervisory Control and Data Acquisition (SCADA)|PROGRAMMABLE LOGIC CONTROL (PLC)|CABLE I/O|SFP issue|WS20
Supervisory Control and Data Acquisition (SCADA)|PROGRAMMABLE LOGIC CONTROL (PLC)|CABLE I/O|System intermittent|WS20
Supervisory Control and Data Acquisition (SCADA)|PROGRAMMABLE LOGIC CONTROL (PLC)|CABLE I/O|Cable interface card PLC faulty|WS20
Supervisory Control and Data Acquisition (SCADA)|PROGRAMMABLE LOGIC CONTROL (PLC)|CABLE I/O|Self-refresh due to system bugs|WS20
Supervisory Control and Data Acquisition (SCADA)|PROGRAMMABLE LOGIC CONTROL (PLC)|CABLE I/O|PLC hang|WS20
Supervisory Control and Data Acquisition (SCADA)|PROGRAMMABLE LOGIC CONTROL (PLC)|CABLE I/O|SFP issue|WS20
Supervisory Control and Data Acquisition (SCADA)|PROGRAMMABLE LOGIC CONTROL (PLC)|CABLE I/O|System intermittent|WS20
Supervisory Control and Data Acquisition (SCADA)|PROGRAMMABLE LOGIC CONTROL (PLC)|CABLE I/O|Cable interface card PLC faulty|WS20
Supervisory Control and Data Acquisition (SCADA)|PROGRAMMABLE LOGIC CONTROL (PLC)|CABLE I/O|Self-refresh due to system bugs|WS20
Supervisory Control and Data Acquisition (SCADA)|PROGRAMMABLE LOGIC CONTROL (PLC)|CABLE I/O|PLC hang|WS20
Supervisory Control and Data Acquisition (SCADA)|PROGRAMMABLE LOGIC CONTROL (PLC)|POWER SUPPLY INCOMING 24VDC|SFP issue|WS20
Supervisory Control and Data Acquisition (SCADA)|PROGRAMMABLE LOGIC CONTROL (PLC)|POWER SUPPLY INCOMING 24VDC|System intermittent|WS20
Supervisory Control and Data Acquisition (SCADA)|PROGRAMMABLE LOGIC CONTROL (PLC)|POWER SUPPLY INCOMING 24VDC|Cable interface card PLC faulty|WS20
Supervisory Control and Data Acquisition (SCADA)|PROGRAMMABLE LOGIC CONTROL (PLC)|POWER SUPPLY INCOMING 24VDC|Self-refresh due to system bugs|WS20
Supervisory Control and Data Acquisition (SCADA)|PROGRAMMABLE LOGIC CONTROL (PLC)|POWER SUPPLY INCOMING 24VDC|PLC hang|WS20
Supervisory Control and Data Acquisition (SCADA)|PROGRAMMABLE LOGIC CONTROL (PLC)|POWER SUPPLY INCOMING 24VDC|SFP issue|WS20
Supervisory Control and Data Acquisition (SCADA)|PROGRAMMABLE LOGIC CONTROL (PLC)|POWER SUPPLY INCOMING 24VDC|System intermittent|WS20
Supervisory Control and Data Acquisition (SCADA)|PROGRAMMABLE LOGIC CONTROL (PLC)|POWER SUPPLY INCOMING 24VDC|Cable interface card PLC faulty|WS20
Supervisory Control and Data Acquisition (SCADA)|PROGRAMMABLE LOGIC CONTROL (PLC)|POWER SUPPLY INCOMING 24VDC|Self-refresh due to system bugs|WS20
Supervisory Control and Data Acquisition (SCADA)|PROGRAMMABLE LOGIC CONTROL (PLC)|POWER SUPPLY INCOMING 24VDC|PLC hang|WS20
Supervisory Control and Data Acquisition (SCADA)|PROGRAMMABLE LOGIC CONTROL (PLC)|POWER SUPPLY INCOMING 24VDC|SFP issue|WS20
Supervisory Control and Data Acquisition (SCADA)|PROGRAMMABLE LOGIC CONTROL (PLC)|POWER SUPPLY INCOMING 24VDC|System intermittent|WS20
Supervisory Control and Data Acquisition (SCADA)|PROGRAMMABLE LOGIC CONTROL (PLC)|POWER SUPPLY INCOMING 24VDC|Cable interface card PLC faulty|WS20
Supervisory Control and Data Acquisition (SCADA)|PROGRAMMABLE LOGIC CONTROL (PLC)|POWER SUPPLY INCOMING 24VDC|Self-refresh due to system bugs|WS20
Supervisory Control and Data Acquisition (SCADA)|PROGRAMMABLE LOGIC CONTROL (PLC)|POWER SUPPLY INCOMING 24VDC|PLC hang|WS20
Supervisory Control and Data Acquisition (SCADA)|PROGRAMMABLE LOGIC CONTROL (PLC)|NETWORK FIBER CONVERTER TO RJ45 (HTZ,MKZ,TSZ,BFN)|SFP issue|WS20
Supervisory Control and Data Acquisition (SCADA)|PROGRAMMABLE LOGIC CONTROL (PLC)|NETWORK FIBER CONVERTER TO RJ45 (HTZ,MKZ,TSZ,BFN)|System intermittent|WS20
Supervisory Control and Data Acquisition (SCADA)|PROGRAMMABLE LOGIC CONTROL (PLC)|NETWORK FIBER CONVERTER TO RJ45 (HTZ,MKZ,TSZ,BFN)|Cable interface card PLC faulty|WS20
Supervisory Control and Data Acquisition (SCADA)|PROGRAMMABLE LOGIC CONTROL (PLC)|NETWORK FIBER CONVERTER TO RJ45 (HTZ,MKZ,TSZ,BFN)|Self-refresh due to system bugs|WS20
Supervisory Control and Data Acquisition (SCADA)|PROGRAMMABLE LOGIC CONTROL (PLC)|NETWORK FIBER CONVERTER TO RJ45 (HTZ,MKZ,TSZ,BFN)|PLC hang|WS20
Supervisory Control and Data Acquisition (SCADA)|PROGRAMMABLE LOGIC CONTROL (PLC)|POWER SUPPLY INCOMING CONVERTER RX/TX 12VDC|SFP issue|WS20
Supervisory Control and Data Acquisition (SCADA)|PROGRAMMABLE LOGIC CONTROL (PLC)|POWER SUPPLY INCOMING CONVERTER RX/TX 12VDC|System intermittent|WS20
Supervisory Control and Data Acquisition (SCADA)|PROGRAMMABLE LOGIC CONTROL (PLC)|POWER SUPPLY INCOMING CONVERTER RX/TX 12VDC|Cable interface card PLC faulty|WS20
Supervisory Control and Data Acquisition (SCADA)|PROGRAMMABLE LOGIC CONTROL (PLC)|POWER SUPPLY INCOMING CONVERTER RX/TX 12VDC|Self-refresh due to system bugs|WS20
Supervisory Control and Data Acquisition (SCADA)|PROGRAMMABLE LOGIC CONTROL (PLC)|POWER SUPPLY INCOMING CONVERTER RX/TX 12VDC|PLC hang|WS20
Supervisory Control and Data Acquisition (SCADA)|PROGRAMMABLE LOGIC CONTROL (PLC)|NETWORK FIBER CONVERTER TO RJ45 (SSZ)|SFP issue|WS20
Supervisory Control and Data Acquisition (SCADA)|PROGRAMMABLE LOGIC CONTROL (PLC)|NETWORK FIBER CONVERTER TO RJ45 (SSZ)|System intermittent|WS20
Supervisory Control and Data Acquisition (SCADA)|PROGRAMMABLE LOGIC CONTROL (PLC)|NETWORK FIBER CONVERTER TO RJ45 (SSZ)|Cable interface card PLC faulty|WS20
Supervisory Control and Data Acquisition (SCADA)|PROGRAMMABLE LOGIC CONTROL (PLC)|NETWORK FIBER CONVERTER TO RJ45 (SSZ)|Self-refresh due to system bugs|WS20
Supervisory Control and Data Acquisition (SCADA)|PROGRAMMABLE LOGIC CONTROL (PLC)|NETWORK FIBER CONVERTER TO RJ45 (SSZ)|PLC hang|WS20
Supervisory Control and Data Acquisition (SCADA)|PROGRAMMABLE LOGIC CONTROL (PLC)|POWER ADAPTER CONVERTER FIBER (SSZ)|SFP issue|WS20
Supervisory Control and Data Acquisition (SCADA)|PROGRAMMABLE LOGIC CONTROL (PLC)|POWER ADAPTER CONVERTER FIBER (SSZ)|System intermittent|WS20
Supervisory Control and Data Acquisition (SCADA)|PROGRAMMABLE LOGIC CONTROL (PLC)|POWER ADAPTER CONVERTER FIBER (SSZ)|Cable interface card PLC faulty|WS20
Supervisory Control and Data Acquisition (SCADA)|PROGRAMMABLE LOGIC CONTROL (PLC)|POWER ADAPTER CONVERTER FIBER (SSZ)|Self-refresh due to system bugs|WS20
Supervisory Control and Data Acquisition (SCADA)|PROGRAMMABLE LOGIC CONTROL (PLC)|POWER ADAPTER CONVERTER FIBER (SSZ)|PLC hang|WS20
Supervisory Control and Data Acquisition (SCADA)|PROGRAMMABLE LOGIC CONTROL (PLC)|FIBER CABLE|SFP issue|WS20
Supervisory Control and Data Acquisition (SCADA)|PROGRAMMABLE LOGIC CONTROL (PLC)|FIBER CABLE|System intermittent|WS20
Supervisory Control and Data Acquisition (SCADA)|PROGRAMMABLE LOGIC CONTROL (PLC)|FIBER CABLE|Cable interface card PLC faulty|WS20
Supervisory Control and Data Acquisition (SCADA)|PROGRAMMABLE LOGIC CONTROL (PLC)|FIBER CABLE|Self-refresh due to system bugs|WS20
Supervisory Control and Data Acquisition (SCADA)|PROGRAMMABLE LOGIC CONTROL (PLC)|FIBER CABLE|PLC hang|WS20
PABX|NEAX® 2000 IPS|DIGITAL CARD|Cordless phone broken|WS20
PABX|NEAX® 2000 IPS|DIGITAL CARD|Intermittent|WS20
PABX|NEAX® 2000 IPS|DIGITAL CARD|Connector port loose|WS20
PABX|NEAX® 2000 IPS|DIGITAL CARD|Battery issue|WS20
PABX|NEAX® 2000 IPS|DIGITAL CARD|Cable RJ11 loose|WS20
PABX|NEAX® 2000 IPS|DIGITAL CARD|Cable power loose|WS20
PABX|NEAX® 2000 IPS|DIGITAL CARD|Fuse blow|WS20
PABX|NEAX® 2000 IPS|DIGITAL CARD|UTP cable loose / broken|WS20
PABX|NEAX® 2000 IPS|DIGITAL CARD|No power|WS20
PABX|NEAX® 2000 IPS|DIGITAL CARD|Power supply burst / broken|WS20
PABX|NEAX® 2000 IPS|DIGITAL CARD|Cable phone loose|WS20
PABX|NEAX® 2000 IPS|ANALOG CARD|Cordless phone broken|WS20
PABX|NEAX® 2000 IPS|ANALOG CARD|Intermittent|WS20
PABX|NEAX® 2000 IPS|ANALOG CARD|Connector port loose|WS20
PABX|NEAX® 2000 IPS|ANALOG CARD|Battery issue|WS20
PABX|NEAX® 2000 IPS|ANALOG CARD|Cable RJ11 loose|WS20
PABX|NEAX® 2000 IPS|ANALOG CARD|Cable power loose|WS20
PABX|NEAX® 2000 IPS|ANALOG CARD|Fuse blow|WS20
PABX|NEAX® 2000 IPS|ANALOG CARD|UTP cable loose / broken|WS20
PABX|NEAX® 2000 IPS|ANALOG CARD|No power|WS20
PABX|NEAX® 2000 IPS|ANALOG CARD|Power supply burst / broken|WS20
PABX|NEAX® 2000 IPS|ANALOG CARD|Cable phone loose|WS20
PABX|NEAX® 2000 IPS|E1 CARD|Cordless phone broken|WS20
PABX|NEAX® 2000 IPS|E1 CARD|Intermittent|WS20
PABX|NEAX® 2000 IPS|E1 CARD|Connector port loose|WS20
PABX|NEAX® 2000 IPS|E1 CARD|Battery issue|WS20
PABX|NEAX® 2000 IPS|E1 CARD|Cable RJ11 loose|WS20
PABX|NEAX® 2000 IPS|E1 CARD|Cable power loose|WS20
PABX|NEAX® 2000 IPS|E1 CARD|Fuse blow|WS20
PABX|NEAX® 2000 IPS|E1 CARD|UTP cable loose / broken|WS20
PABX|NEAX® 2000 IPS|E1 CARD|No power|WS20
PABX|NEAX® 2000 IPS|E1 CARD|Power supply burst / broken|WS20
PABX|NEAX® 2000 IPS|E1 CARD|Cable phone loose|WS20
PABX|NEAX® 2000 IPS|E1 CARD|Cordless phone broken|WS20
PABX|NEAX® 2000 IPS|E1 CARD|Intermittent|WS20
PABX|NEAX® 2000 IPS|E1 CARD|Connector port loose|WS20
PABX|NEAX® 2000 IPS|E1 CARD|Battery issue|WS20
PABX|NEAX® 2000 IPS|E1 CARD|Cable RJ11 loose|WS20
PABX|NEAX® 2000 IPS|E1 CARD|Cable power loose|WS20
PABX|NEAX® 2000 IPS|E1 CARD|Fuse blow|WS20
PABX|NEAX® 2000 IPS|E1 CARD|UTP cable loose / broken|WS20
PABX|NEAX® 2000 IPS|E1 CARD|No power|WS20
PABX|NEAX® 2000 IPS|E1 CARD|Power supply burst / broken|WS20
PABX|NEAX® 2000 IPS|E1 CARD|Cable phone loose|WS20
PABX|NEAX® 2000 IPS|E1 CARD|Cordless phone broken|WS20
PABX|NEAX® 2000 IPS|E1 CARD|Intermittent|WS20
PABX|NEAX® 2000 IPS|E1 CARD|Connector port loose|WS20
PABX|NEAX® 2000 IPS|E1 CARD|Battery issue|WS20
PABX|NEAX® 2000 IPS|E1 CARD|Cable RJ11 loose|WS20
PABX|NEAX® 2000 IPS|E1 CARD|Cable power loose|WS20
PABX|NEAX® 2000 IPS|E1 CARD|Fuse blow|WS20
PABX|NEAX® 2000 IPS|E1 CARD|UTP cable loose / broken|WS20
PABX|NEAX® 2000 IPS|E1 CARD|No power|WS20
PABX|NEAX® 2000 IPS|E1 CARD|Power supply burst / broken|WS20
PABX|NEAX® 2000 IPS|E1 CARD|Cable phone loose|WS20
PABX|NEAX® 2000 IPS|ISDN CARD|Cordless phone broken|WS20
PABX|NEAX® 2000 IPS|ISDN CARD|Intermittent|WS20
PABX|NEAX® 2000 IPS|ISDN CARD|Connector port loose|WS20
PABX|NEAX® 2000 IPS|ISDN CARD|Battery issue|WS20
PABX|NEAX® 2000 IPS|ISDN CARD|Cable RJ11 loose|WS20
PABX|NEAX® 2000 IPS|ISDN CARD|Cable power loose|WS20
PABX|NEAX® 2000 IPS|ISDN CARD|Fuse blow|WS20
PABX|NEAX® 2000 IPS|ISDN CARD|UTP cable loose / broken|WS20
PABX|NEAX® 2000 IPS|ISDN CARD|No power|WS20
PABX|NEAX® 2000 IPS|ISDN CARD|Power supply burst / broken|WS20
PABX|NEAX® 2000 IPS|ISDN CARD|Cable phone loose|WS20
PABX|NEAX® 2000 IPS|MAIN PROCESSOR CARD|Cordless phone broken|WS20
PABX|NEAX® 2000 IPS|MAIN PROCESSOR CARD|Intermittent|WS20
PABX|NEAX® 2000 IPS|MAIN PROCESSOR CARD|Connector port loose|WS20
PABX|NEAX® 2000 IPS|MAIN PROCESSOR CARD|Battery issue|WS20
PABX|NEAX® 2000 IPS|MAIN PROCESSOR CARD|Cable RJ11 loose|WS20
PABX|NEAX® 2000 IPS|MAIN PROCESSOR CARD|Cable power loose|WS20
PABX|NEAX® 2000 IPS|MAIN PROCESSOR CARD|Fuse blow|WS20
PABX|NEAX® 2000 IPS|MAIN PROCESSOR CARD|UTP cable loose / broken|WS20
PABX|NEAX® 2000 IPS|MAIN PROCESSOR CARD|No power|WS20
PABX|NEAX® 2000 IPS|MAIN PROCESSOR CARD|Power supply burst / broken|WS20
PABX|NEAX® 2000 IPS|MAIN PROCESSOR CARD|Cable phone loose|WS20
PABX|NEAX® 2000 IPS|POWER SUPPLY|Cordless phone broken|WS20
PABX|NEAX® 2000 IPS|POWER SUPPLY|Intermittent|WS20
PABX|NEAX® 2000 IPS|POWER SUPPLY|Connector port loose|WS20
PABX|NEAX® 2000 IPS|POWER SUPPLY|Battery issue|WS20
PABX|NEAX® 2000 IPS|POWER SUPPLY|Cable RJ11 loose|WS20
PABX|NEAX® 2000 IPS|POWER SUPPLY|Cable power loose|WS20
PABX|NEAX® 2000 IPS|POWER SUPPLY|Fuse blow|WS20
PABX|NEAX® 2000 IPS|POWER SUPPLY|UTP cable loose / broken|WS20
PABX|NEAX® 2000 IPS|POWER SUPPLY|No power|WS20
PABX|NEAX® 2000 IPS|POWER SUPPLY|Power supply burst / broken|WS20
PABX|NEAX® 2000 IPS|POWER SUPPLY|Cable phone loose|WS20
PABX|NEAX® 2000 IPS|MAIN BATTERY|Cordless phone broken|WS20
PABX|NEAX® 2000 IPS|MAIN BATTERY|Intermittent|WS20
PABX|NEAX® 2000 IPS|MAIN BATTERY|Connector port loose|WS20
PABX|NEAX® 2000 IPS|MAIN BATTERY|Battery issue|WS20
PABX|NEAX® 2000 IPS|MAIN BATTERY|Cable RJ11 loose|WS20
PABX|NEAX® 2000 IPS|MAIN BATTERY|Cable power loose|WS20
PABX|NEAX® 2000 IPS|MAIN BATTERY|Fuse blow|WS20
PABX|NEAX® 2000 IPS|MAIN BATTERY|UTP cable loose / broken|WS20
PABX|NEAX® 2000 IPS|MAIN BATTERY|No power|WS20
PABX|NEAX® 2000 IPS|MAIN BATTERY|Power supply burst / broken|WS20
PABX|NEAX® 2000 IPS|MAIN BATTERY|Cable phone loose|WS20
PABX|NEAX® 2000 IPS|BATTERY BACKUP|Cordless phone broken|WS20
PABX|NEAX® 2000 IPS|BATTERY BACKUP|Intermittent|WS20
PABX|NEAX® 2000 IPS|BATTERY BACKUP|Connector port loose|WS20
PABX|NEAX® 2000 IPS|BATTERY BACKUP|Battery issue|WS20
PABX|NEAX® 2000 IPS|BATTERY BACKUP|Cable RJ11 loose|WS20
PABX|NEAX® 2000 IPS|BATTERY BACKUP|Cable power loose|WS20
PABX|NEAX® 2000 IPS|BATTERY BACKUP|Fuse blow|WS20
PABX|NEAX® 2000 IPS|BATTERY BACKUP|UTP cable loose / broken|WS20
PABX|NEAX® 2000 IPS|BATTERY BACKUP|No power|WS20
PABX|NEAX® 2000 IPS|BATTERY BACKUP|Power supply burst / broken|WS20
PABX|NEAX® 2000 IPS|BATTERY BACKUP|Cable phone loose|WS20
PABX|NEAX® 2000 IPS|CABLE POWER|Cordless phone broken|WS20
PABX|NEAX® 2000 IPS|CABLE POWER|Intermittent|WS20
PABX|NEAX® 2000 IPS|CABLE POWER|Connector port loose|WS20
PABX|NEAX® 2000 IPS|CABLE POWER|Battery issue|WS20
PABX|NEAX® 2000 IPS|CABLE POWER|Cable RJ11 loose|WS20
PABX|NEAX® 2000 IPS|CABLE POWER|Cable power loose|WS20
PABX|NEAX® 2000 IPS|CABLE POWER|Fuse blow|WS20
PABX|NEAX® 2000 IPS|CABLE POWER|UTP cable loose / broken|WS20
PABX|NEAX® 2000 IPS|CABLE POWER|No power|WS20
PABX|NEAX® 2000 IPS|CABLE POWER|Power supply burst / broken|WS20
PABX|NEAX® 2000 IPS|CABLE POWER|Cable phone loose|WS20
PABX|NEAX® 2000 IPS|RAINBOW CABLE|Cordless phone broken|WS20
PABX|NEAX® 2000 IPS|RAINBOW CABLE|Intermittent|WS20
PABX|NEAX® 2000 IPS|RAINBOW CABLE|Connector port loose|WS20
PABX|NEAX® 2000 IPS|RAINBOW CABLE|Battery issue|WS20
PABX|NEAX® 2000 IPS|RAINBOW CABLE|Cable RJ11 loose|WS20
PABX|NEAX® 2000 IPS|RAINBOW CABLE|Cable power loose|WS20
PABX|NEAX® 2000 IPS|RAINBOW CABLE|Fuse blow|WS20
PABX|NEAX® 2000 IPS|RAINBOW CABLE|UTP cable loose / broken|WS20
PABX|NEAX® 2000 IPS|RAINBOW CABLE|No power|WS20
PABX|NEAX® 2000 IPS|RAINBOW CABLE|Power supply burst / broken|WS20
PABX|NEAX® 2000 IPS|RAINBOW CABLE|Cable phone loose|WS20
PABX|NEAX® 2000 IPS|FUSE|Cordless phone broken|WS20
PABX|NEAX® 2000 IPS|FUSE|Intermittent|WS20
PABX|NEAX® 2000 IPS|FUSE|Connector port loose|WS20
PABX|NEAX® 2000 IPS|FUSE|Battery issue|WS20
PABX|NEAX® 2000 IPS|FUSE|Cable RJ11 loose|WS20
PABX|NEAX® 2000 IPS|FUSE|Cable power loose|WS20
PABX|NEAX® 2000 IPS|FUSE|Fuse blow|WS20
PABX|NEAX® 2000 IPS|FUSE|UTP cable loose / broken|WS20
PABX|NEAX® 2000 IPS|FUSE|No power|WS20
PABX|NEAX® 2000 IPS|FUSE|Power supply burst / broken|WS20
PABX|NEAX® 2000 IPS|FUSE|Cable phone loose|WS20
PABX|NEAX® 2000 IPS|BALUN(CONVERTER RJ45 TO BNC)|Cordless phone broken|WS20
PABX|NEAX® 2000 IPS|BALUN(CONVERTER RJ45 TO BNC)|Intermittent|WS20
PABX|NEAX® 2000 IPS|BALUN(CONVERTER RJ45 TO BNC)|Connector port loose|WS20
PABX|NEAX® 2000 IPS|BALUN(CONVERTER RJ45 TO BNC)|Battery issue|WS20
PABX|NEAX® 2000 IPS|BALUN(CONVERTER RJ45 TO BNC)|Cable RJ11 loose|WS20
PABX|NEAX® 2000 IPS|BALUN(CONVERTER RJ45 TO BNC)|Cable power loose|WS20
PABX|NEAX® 2000 IPS|BALUN(CONVERTER RJ45 TO BNC)|Fuse blow|WS20
PABX|NEAX® 2000 IPS|BALUN(CONVERTER RJ45 TO BNC)|UTP cable loose / broken|WS20
PABX|NEAX® 2000 IPS|BALUN(CONVERTER RJ45 TO BNC)|No power|WS20
PABX|NEAX® 2000 IPS|BALUN(CONVERTER RJ45 TO BNC)|Power supply burst / broken|WS20
PABX|NEAX® 2000 IPS|BALUN(CONVERTER RJ45 TO BNC)|Cable phone loose|WS20
PABX|NEAX® 2000 IPS|UTP CABLE|Cordless phone broken|WS20
PABX|NEAX® 2000 IPS|UTP CABLE|Intermittent|WS20
PABX|NEAX® 2000 IPS|UTP CABLE|Connector port loose|WS20
PABX|NEAX® 2000 IPS|UTP CABLE|Battery issue|WS20
PABX|NEAX® 2000 IPS|UTP CABLE|Cable RJ11 loose|WS20
PABX|NEAX® 2000 IPS|UTP CABLE|Cable power loose|WS20
PABX|NEAX® 2000 IPS|UTP CABLE|Fuse blow|WS20
PABX|NEAX® 2000 IPS|UTP CABLE|UTP cable loose / broken|WS20
PABX|NEAX® 2000 IPS|UTP CABLE|No power|WS20
PABX|NEAX® 2000 IPS|UTP CABLE|Power supply burst / broken|WS20
PABX|NEAX® 2000 IPS|UTP CABLE|Cable phone loose|WS20
PA - PIS|IPPA|UTP Cable|System hang|WS20
PA - PIS|IPPA|UTP Cable|NAC hang|WS20
PA - PIS|IPPA|UTP Cable|Board problem|WS20
PA - PIS|IPPA|UTP Cable|Cable loose|WS20
PA - PIS|IPPA|UTP Cable|Fan problem|WS20
PA - PIS|IPPA|UTP Cable|UTP cable loose|WS20
PA - PIS|IPPA|UTP Cable|Power supply burst|WS20
PA - PIS|IPPA|UTP Cable|Cable clip broken|WS20
PA - PIS|IPPA|UTP Cable|Outdated program|WS20
PA - PIS|IPPA|UTP Cable|PID hang|WS20
PA - PIS|IPPA|UTP Cable|System glitch|WS20
PA - PIS|IPPA|UTP Cable|Phone broken|WS20
PA - PIS|IPPA|UTP Cable|Overheating|WS20
PA - PIS|IPPA|UTP Cable|Cable connection loose|WS20
PA - PIS|IPPA|UTP Cable|PCB display faulty|WS20
PA - PIS|IPPA|UTP Cable|System error|WS20
PA - PIS|IPPA|UTP Cable|Cbale loose|WS20
PA - PIS|IPPA|UTP Cable|LED panel board issue|WS20
PA - PIS|IPPA|UTP Cable|Power supply burst/broken|WS20
PA - PIS|IPPA|UTP Cable|Fan issue|WS20
PA - PIS|IPPA|UTP Cable|Information board blank|WS20
PA - PIS|IPPA|UTP Cable|Audio speaker faulty|WS20
PA - PIS|IPPA|UTP Cable|Help point damage|WS20
PA - PIS|IPPA|UTP Cable|Network connection hang|WS20
PA - PIS|IPPA|Display panel|System hang|WS20
PA - PIS|IPPA|Display panel|NAC hang|WS20
PA - PIS|IPPA|Display panel|Board problem|WS20
PA - PIS|IPPA|Display panel|Cable loose|WS20
PA - PIS|IPPA|Display panel|Fan problem|WS20
PA - PIS|IPPA|Display panel|UTP cable loose|WS20
PA - PIS|IPPA|Display panel|Power supply burst|WS20
PA - PIS|IPPA|Display panel|Cable clip broken|WS20
PA - PIS|IPPA|Display panel|Outdated program|WS20
PA - PIS|IPPA|Display panel|PID hang|WS20
PA - PIS|IPPA|Display panel|System glitch|WS20
PA - PIS|IPPA|Display panel|Phone broken|WS20
PA - PIS|IPPA|Display panel|Overheating|WS20
PA - PIS|IPPA|Display panel|Cable connection loose|WS20
PA - PIS|IPPA|Display panel|PCB display faulty|WS20
PA - PIS|IPPA|Display panel|System error|WS20
PA - PIS|IPPA|Display panel|Cbale loose|WS20
PA - PIS|IPPA|Display panel|LED panel board issue|WS20
PA - PIS|IPPA|Display panel|Power supply burst/broken|WS20
PA - PIS|IPPA|Display panel|Fan issue|WS20
PA - PIS|IPPA|Display panel|Information board blank|WS20
PA - PIS|IPPA|Display panel|Audio speaker faulty|WS20
PA - PIS|IPPA|Display panel|Help point damage|WS20
PA - PIS|IPPA|Display panel|Network connection hang|WS20
PA - PIS|IPPA|Gooseneck|System hang|WS20
PA - PIS|IPPA|Gooseneck|NAC hang|WS20
PA - PIS|IPPA|Gooseneck|Board problem|WS20
PA - PIS|IPPA|Gooseneck|Cable loose|WS20
PA - PIS|IPPA|Gooseneck|Fan problem|WS20
PA - PIS|IPPA|Gooseneck|UTP cable loose|WS20
PA - PIS|IPPA|Gooseneck|Power supply burst|WS20
PA - PIS|IPPA|Gooseneck|Cable clip broken|WS20
PA - PIS|IPPA|Gooseneck|Outdated program|WS20
PA - PIS|IPPA|Gooseneck|PID hang|WS20
PA - PIS|IPPA|Gooseneck|System glitch|WS20
PA - PIS|IPPA|Gooseneck|Phone broken|WS20
PA - PIS|IPPA|Gooseneck|Overheating|WS20
PA - PIS|IPPA|Gooseneck|Cable connection loose|WS20
PA - PIS|IPPA|Gooseneck|PCB display faulty|WS20
PA - PIS|IPPA|Gooseneck|System error|WS20
PA - PIS|IPPA|Gooseneck|Cbale loose|WS20
PA - PIS|IPPA|Gooseneck|LED panel board issue|WS20
PA - PIS|IPPA|Gooseneck|Power supply burst/broken|WS20
PA - PIS|IPPA|Gooseneck|Fan issue|WS20
PA - PIS|IPPA|Gooseneck|Information board blank|WS20
PA - PIS|IPPA|Gooseneck|Audio speaker faulty|WS20
PA - PIS|IPPA|Gooseneck|Help point damage|WS20
PA - PIS|IPPA|Gooseneck|Network connection hang|WS20
PA - PIS|NAC|Connector Amplifier|System hang|WS20
PA - PIS|NAC|Connector Amplifier|NAC hang|WS20
PA - PIS|NAC|Connector Amplifier|Board problem|WS20
PA - PIS|NAC|Connector Amplifier|Cable loose|WS20
PA - PIS|NAC|Connector Amplifier|Fan problem|WS20
PA - PIS|NAC|Connector Amplifier|UTP cable loose|WS20
PA - PIS|NAC|Connector Amplifier|Power supply burst|WS20
PA - PIS|NAC|Connector Amplifier|Cable clip broken|WS20
PA - PIS|NAC|Connector Amplifier|Outdated program|WS20
PA - PIS|NAC|Connector Amplifier|PID hang|WS20
PA - PIS|NAC|Connector Amplifier|System glitch|WS20
PA - PIS|NAC|Connector Amplifier|Phone broken|WS20
PA - PIS|NAC|Connector Amplifier|Overheating|WS20
PA - PIS|NAC|Connector Amplifier|Cable connection loose|WS20
PA - PIS|NAC|Connector Amplifier|PCB display faulty|WS20
PA - PIS|NAC|Connector Amplifier|System error|WS20
PA - PIS|NAC|Connector Amplifier|Cbale loose|WS20
PA - PIS|NAC|Connector Amplifier|LED panel board issue|WS20
PA - PIS|NAC|Connector Amplifier|Power supply burst/broken|WS20
PA - PIS|NAC|Connector Amplifier|Fan issue|WS20
PA - PIS|NAC|Connector Amplifier|Information board blank|WS20
PA - PIS|NAC|Connector Amplifier|Audio speaker faulty|WS20
PA - PIS|NAC|Connector Amplifier|Help point damage|WS20
PA - PIS|NAC|Connector Amplifier|Network connection hang|WS20
PA - PIS|NAC|Cable power|System hang|WS20
PA - PIS|NAC|Cable power|NAC hang|WS20
PA - PIS|NAC|Cable power|Board problem|WS20
PA - PIS|NAC|Cable power|Cable loose|WS20
PA - PIS|NAC|Cable power|Fan problem|WS20
PA - PIS|NAC|Cable power|UTP cable loose|WS20
PA - PIS|NAC|Cable power|Power supply burst|WS20
PA - PIS|NAC|Cable power|Cable clip broken|WS20
PA - PIS|NAC|Cable power|Outdated program|WS20
PA - PIS|NAC|Cable power|PID hang|WS20
PA - PIS|NAC|Cable power|System glitch|WS20
PA - PIS|NAC|Cable power|Phone broken|WS20
PA - PIS|NAC|Cable power|Overheating|WS20
PA - PIS|NAC|Cable power|Cable connection loose|WS20
PA - PIS|NAC|Cable power|PCB display faulty|WS20
PA - PIS|NAC|Cable power|System error|WS20
PA - PIS|NAC|Cable power|Cbale loose|WS20
PA - PIS|NAC|Cable power|LED panel board issue|WS20
PA - PIS|NAC|Cable power|Power supply burst/broken|WS20
PA - PIS|NAC|Cable power|Fan issue|WS20
PA - PIS|NAC|Cable power|Information board blank|WS20
PA - PIS|NAC|Cable power|Audio speaker faulty|WS20
PA - PIS|NAC|Cable power|Help point damage|WS20
PA - PIS|NAC|Cable power|Network connection hang|WS20
PA - PIS|Speaker|Cable Audio|System hang|WS20
PA - PIS|Speaker|Cable Audio|NAC hang|WS20
PA - PIS|Speaker|Cable Audio|Board problem|WS20
PA - PIS|Speaker|Cable Audio|Cable loose|WS20
PA - PIS|Speaker|Cable Audio|Fan problem|WS20
PA - PIS|Speaker|Cable Audio|UTP cable loose|WS20
PA - PIS|Speaker|Cable Audio|Power supply burst|WS20
PA - PIS|Speaker|Cable Audio|Cable clip broken|WS20
PA - PIS|Speaker|Cable Audio|Outdated program|WS20
PA - PIS|Speaker|Cable Audio|PID hang|WS20
PA - PIS|Speaker|Cable Audio|System glitch|WS20
PA - PIS|Speaker|Cable Audio|Phone broken|WS20
PA - PIS|Speaker|Cable Audio|Overheating|WS20
PA - PIS|Speaker|Cable Audio|Cable connection loose|WS20
PA - PIS|Speaker|Cable Audio|PCB display faulty|WS20
PA - PIS|Speaker|Cable Audio|System error|WS20
PA - PIS|Speaker|Cable Audio|Cbale loose|WS20
PA - PIS|Speaker|Cable Audio|LED panel board issue|WS20
PA - PIS|Speaker|Cable Audio|Power supply burst/broken|WS20
PA - PIS|Speaker|Cable Audio|Fan issue|WS20
PA - PIS|Speaker|Cable Audio|Information board blank|WS20
PA - PIS|Speaker|Cable Audio|Audio speaker faulty|WS20
PA - PIS|Speaker|Cable Audio|Help point damage|WS20
PA - PIS|Speaker|Cable Audio|Network connection hang|WS20
PA - PIS|Speaker|Cable Audio|System hang|WS20
PA - PIS|Speaker|Cable Audio|NAC hang|WS20
PA - PIS|Speaker|Cable Audio|Board problem|WS20
PA - PIS|Speaker|Cable Audio|Cable loose|WS20
PA - PIS|Speaker|Cable Audio|Fan problem|WS20
PA - PIS|Speaker|Cable Audio|UTP cable loose|WS20
PA - PIS|Speaker|Cable Audio|Power supply burst|WS20
PA - PIS|Speaker|Cable Audio|Cable clip broken|WS20
PA - PIS|Speaker|Cable Audio|Outdated program|WS20
PA - PIS|Speaker|Cable Audio|PID hang|WS20
PA - PIS|Speaker|Cable Audio|System glitch|WS20
PA - PIS|Speaker|Cable Audio|Phone broken|WS20
PA - PIS|Speaker|Cable Audio|Overheating|WS20
PA - PIS|Speaker|Cable Audio|Cable connection loose|WS20
PA - PIS|Speaker|Cable Audio|PCB display faulty|WS20
PA - PIS|Speaker|Cable Audio|System error|WS20
PA - PIS|Speaker|Cable Audio|Cbale loose|WS20
PA - PIS|Speaker|Cable Audio|LED panel board issue|WS20
PA - PIS|Speaker|Cable Audio|Power supply burst/broken|WS20
PA - PIS|Speaker|Cable Audio|Fan issue|WS20
PA - PIS|Speaker|Cable Audio|Information board blank|WS20
PA - PIS|Speaker|Cable Audio|Audio speaker faulty|WS20
PA - PIS|Speaker|Cable Audio|Help point damage|WS20
PA - PIS|Speaker|Cable Audio|Network connection hang|WS20
PA - PIS|Speaker|Cable Audio|System hang|WS20
PA - PIS|Speaker|Cable Audio|NAC hang|WS20
PA - PIS|Speaker|Cable Audio|Board problem|WS20
PA - PIS|Speaker|Cable Audio|Cable loose|WS20
PA - PIS|Speaker|Cable Audio|Fan problem|WS20
PA - PIS|Speaker|Cable Audio|UTP cable loose|WS20
PA - PIS|Speaker|Cable Audio|Power supply burst|WS20
PA - PIS|Speaker|Cable Audio|Cable clip broken|WS20
PA - PIS|Speaker|Cable Audio|Outdated program|WS20
PA - PIS|Speaker|Cable Audio|PID hang|WS20
PA - PIS|Speaker|Cable Audio|System glitch|WS20
PA - PIS|Speaker|Cable Audio|Phone broken|WS20
PA - PIS|Speaker|Cable Audio|Overheating|WS20
PA - PIS|Speaker|Cable Audio|Cable connection loose|WS20
PA - PIS|Speaker|Cable Audio|PCB display faulty|WS20
PA - PIS|Speaker|Cable Audio|System error|WS20
PA - PIS|Speaker|Cable Audio|Cbale loose|WS20
PA - PIS|Speaker|Cable Audio|LED panel board issue|WS20
PA - PIS|Speaker|Cable Audio|Power supply burst/broken|WS20
PA - PIS|Speaker|Cable Audio|Fan issue|WS20
PA - PIS|Speaker|Cable Audio|Information board blank|WS20
PA - PIS|Speaker|Cable Audio|Audio speaker faulty|WS20
PA - PIS|Speaker|Cable Audio|Help point damage|WS20
PA - PIS|Speaker|Cable Audio|Network connection hang|WS20
PA - PIS|Speaker|Cable Audio|System hang|WS20
PA - PIS|Speaker|Cable Audio|NAC hang|WS20
PA - PIS|Speaker|Cable Audio|Board problem|WS20
PA - PIS|Speaker|Cable Audio|Cable loose|WS20
PA - PIS|Speaker|Cable Audio|Fan problem|WS20
PA - PIS|Speaker|Cable Audio|UTP cable loose|WS20
PA - PIS|Speaker|Cable Audio|Power supply burst|WS20
PA - PIS|Speaker|Cable Audio|Cable clip broken|WS20
PA - PIS|Speaker|Cable Audio|Outdated program|WS20
PA - PIS|Speaker|Cable Audio|PID hang|WS20
PA - PIS|Speaker|Cable Audio|System glitch|WS20
PA - PIS|Speaker|Cable Audio|Phone broken|WS20
PA - PIS|Speaker|Cable Audio|Overheating|WS20
PA - PIS|Speaker|Cable Audio|Cable connection loose|WS20
PA - PIS|Speaker|Cable Audio|PCB display faulty|WS20
PA - PIS|Speaker|Cable Audio|System error|WS20
PA - PIS|Speaker|Cable Audio|Cbale loose|WS20
PA - PIS|Speaker|Cable Audio|LED panel board issue|WS20
PA - PIS|Speaker|Cable Audio|Power supply burst/broken|WS20
PA - PIS|Speaker|Cable Audio|Fan issue|WS20
PA - PIS|Speaker|Cable Audio|Information board blank|WS20
PA - PIS|Speaker|Cable Audio|Audio speaker faulty|WS20
PA - PIS|Speaker|Cable Audio|Help point damage|WS20
PA - PIS|Speaker|Cable Audio|Network connection hang|WS20
PA - PIS|Speaker|Cable Audio|System hang|WS20
PA - PIS|Speaker|Cable Audio|NAC hang|WS20
PA - PIS|Speaker|Cable Audio|Board problem|WS20
PA - PIS|Speaker|Cable Audio|Cable loose|WS20
PA - PIS|Speaker|Cable Audio|Fan problem|WS20
PA - PIS|Speaker|Cable Audio|UTP cable loose|WS20
PA - PIS|Speaker|Cable Audio|Power supply burst|WS20
PA - PIS|Speaker|Cable Audio|Cable clip broken|WS20
PA - PIS|Speaker|Cable Audio|Outdated program|WS20
PA - PIS|Speaker|Cable Audio|PID hang|WS20
PA - PIS|Speaker|Cable Audio|System glitch|WS20
PA - PIS|Speaker|Cable Audio|Phone broken|WS20
PA - PIS|Speaker|Cable Audio|Overheating|WS20
PA - PIS|Speaker|Cable Audio|Cable connection loose|WS20
PA - PIS|Speaker|Cable Audio|PCB display faulty|WS20
PA - PIS|Speaker|Cable Audio|System error|WS20
PA - PIS|Speaker|Cable Audio|Cbale loose|WS20
PA - PIS|Speaker|Cable Audio|LED panel board issue|WS20
PA - PIS|Speaker|Cable Audio|Power supply burst/broken|WS20
PA - PIS|Speaker|Cable Audio|Fan issue|WS20
PA - PIS|Speaker|Cable Audio|Information board blank|WS20
PA - PIS|Speaker|Cable Audio|Audio speaker faulty|WS20
PA - PIS|Speaker|Cable Audio|Help point damage|WS20
PA - PIS|Speaker|Cable Audio|Network connection hang|WS20
PA - PIS|Speaker|Cable Audio|System hang|WS20
PA - PIS|Speaker|Cable Audio|NAC hang|WS20
PA - PIS|Speaker|Cable Audio|Board problem|WS20
PA - PIS|Speaker|Cable Audio|Cable loose|WS20
PA - PIS|Speaker|Cable Audio|Fan problem|WS20
PA - PIS|Speaker|Cable Audio|UTP cable loose|WS20
PA - PIS|Speaker|Cable Audio|Power supply burst|WS20
PA - PIS|Speaker|Cable Audio|Cable clip broken|WS20
PA - PIS|Speaker|Cable Audio|Outdated program|WS20
PA - PIS|Speaker|Cable Audio|PID hang|WS20
PA - PIS|Speaker|Cable Audio|System glitch|WS20
PA - PIS|Speaker|Cable Audio|Phone broken|WS20
PA - PIS|Speaker|Cable Audio|Overheating|WS20
PA - PIS|Speaker|Cable Audio|Cable connection loose|WS20
PA - PIS|Speaker|Cable Audio|PCB display faulty|WS20
PA - PIS|Speaker|Cable Audio|System error|WS20
PA - PIS|Speaker|Cable Audio|Cbale loose|WS20
PA - PIS|Speaker|Cable Audio|LED panel board issue|WS20
PA - PIS|Speaker|Cable Audio|Power supply burst/broken|WS20
PA - PIS|Speaker|Cable Audio|Fan issue|WS20
PA - PIS|Speaker|Cable Audio|Information board blank|WS20
PA - PIS|Speaker|Cable Audio|Audio speaker faulty|WS20
PA - PIS|Speaker|Cable Audio|Help point damage|WS20
PA - PIS|Speaker|Cable Audio|Network connection hang|WS20
PA - PIS|Speaker|Cable Audio|System hang|WS20
PA - PIS|Speaker|Cable Audio|NAC hang|WS20
PA - PIS|Speaker|Cable Audio|Board problem|WS20
PA - PIS|Speaker|Cable Audio|Cable loose|WS20
PA - PIS|Speaker|Cable Audio|Fan problem|WS20
PA - PIS|Speaker|Cable Audio|UTP cable loose|WS20
PA - PIS|Speaker|Cable Audio|Power supply burst|WS20
PA - PIS|Speaker|Cable Audio|Cable clip broken|WS20
PA - PIS|Speaker|Cable Audio|Outdated program|WS20
PA - PIS|Speaker|Cable Audio|PID hang|WS20
PA - PIS|Speaker|Cable Audio|System glitch|WS20
PA - PIS|Speaker|Cable Audio|Phone broken|WS20
PA - PIS|Speaker|Cable Audio|Overheating|WS20
PA - PIS|Speaker|Cable Audio|Cable connection loose|WS20
PA - PIS|Speaker|Cable Audio|PCB display faulty|WS20
PA - PIS|Speaker|Cable Audio|System error|WS20
PA - PIS|Speaker|Cable Audio|Cbale loose|WS20
PA - PIS|Speaker|Cable Audio|LED panel board issue|WS20
PA - PIS|Speaker|Cable Audio|Power supply burst/broken|WS20
PA - PIS|Speaker|Cable Audio|Fan issue|WS20
PA - PIS|Speaker|Cable Audio|Information board blank|WS20
PA - PIS|Speaker|Cable Audio|Audio speaker faulty|WS20
PA - PIS|Speaker|Cable Audio|Help point damage|WS20
PA - PIS|Speaker|Cable Audio|Network connection hang|WS20
PA - PIS|Speaker|Cable Audio|System hang|WS20
PA - PIS|Speaker|Cable Audio|NAC hang|WS20
PA - PIS|Speaker|Cable Audio|Board problem|WS20
PA - PIS|Speaker|Cable Audio|Cable loose|WS20
PA - PIS|Speaker|Cable Audio|Fan problem|WS20
PA - PIS|Speaker|Cable Audio|UTP cable loose|WS20
PA - PIS|Speaker|Cable Audio|Power supply burst|WS20
PA - PIS|Speaker|Cable Audio|Cable clip broken|WS20
PA - PIS|Speaker|Cable Audio|Outdated program|WS20
PA - PIS|Speaker|Cable Audio|PID hang|WS20
PA - PIS|Speaker|Cable Audio|System glitch|WS20
PA - PIS|Speaker|Cable Audio|Phone broken|WS20
PA - PIS|Speaker|Cable Audio|Overheating|WS20
PA - PIS|Speaker|Cable Audio|Cable connection loose|WS20
PA - PIS|Speaker|Cable Audio|PCB display faulty|WS20
PA - PIS|Speaker|Cable Audio|System error|WS20
PA - PIS|Speaker|Cable Audio|Cbale loose|WS20
PA - PIS|Speaker|Cable Audio|LED panel board issue|WS20
PA - PIS|Speaker|Cable Audio|Power supply burst/broken|WS20
PA - PIS|Speaker|Cable Audio|Fan issue|WS20
PA - PIS|Speaker|Cable Audio|Information board blank|WS20
PA - PIS|Speaker|Cable Audio|Audio speaker faulty|WS20
PA - PIS|Speaker|Cable Audio|Help point damage|WS20
PA - PIS|Speaker|Cable Audio|Network connection hang|WS20
PA - PIS|NAC|Cable audio|System hang|WS20
PA - PIS|NAC|Cable audio|NAC hang|WS20
PA - PIS|NAC|Cable audio|Board problem|WS20
PA - PIS|NAC|Cable audio|Cable loose|WS20
PA - PIS|NAC|Cable audio|Fan problem|WS20
PA - PIS|NAC|Cable audio|UTP cable loose|WS20
PA - PIS|NAC|Cable audio|Power supply burst|WS20
PA - PIS|NAC|Cable audio|Cable clip broken|WS20
PA - PIS|NAC|Cable audio|Outdated program|WS20
PA - PIS|NAC|Cable audio|PID hang|WS20
PA - PIS|NAC|Cable audio|System glitch|WS20
PA - PIS|NAC|Cable audio|Phone broken|WS20
PA - PIS|NAC|Cable audio|Overheating|WS20
PA - PIS|NAC|Cable audio|Cable connection loose|WS20
PA - PIS|NAC|Cable audio|PCB display faulty|WS20
PA - PIS|NAC|Cable audio|System error|WS20
PA - PIS|NAC|Cable audio|Cbale loose|WS20
PA - PIS|NAC|Cable audio|LED panel board issue|WS20
PA - PIS|NAC|Cable audio|Power supply burst/broken|WS20
PA - PIS|NAC|Cable audio|Fan issue|WS20
PA - PIS|NAC|Cable audio|Information board blank|WS20
PA - PIS|NAC|Cable audio|Audio speaker faulty|WS20
PA - PIS|NAC|Cable audio|Help point damage|WS20
PA - PIS|NAC|Cable audio|Network connection hang|WS20
PA - PIS|HELP POINT|Spiral Cable|System hang|WS20
PA - PIS|HELP POINT|Spiral Cable|NAC hang|WS20
PA - PIS|HELP POINT|Spiral Cable|Board problem|WS20
PA - PIS|HELP POINT|Spiral Cable|Cable loose|WS20
PA - PIS|HELP POINT|Spiral Cable|Fan problem|WS20
PA - PIS|HELP POINT|Spiral Cable|UTP cable loose|WS20
PA - PIS|HELP POINT|Spiral Cable|Power supply burst|WS20
PA - PIS|HELP POINT|Spiral Cable|Cable clip broken|WS20
PA - PIS|HELP POINT|Spiral Cable|Outdated program|WS20
PA - PIS|HELP POINT|Spiral Cable|PID hang|WS20
PA - PIS|HELP POINT|Spiral Cable|System glitch|WS20
PA - PIS|HELP POINT|Spiral Cable|Phone broken|WS20
PA - PIS|HELP POINT|Spiral Cable|Overheating|WS20
PA - PIS|HELP POINT|Spiral Cable|Cable connection loose|WS20
PA - PIS|HELP POINT|Spiral Cable|PCB display faulty|WS20
PA - PIS|HELP POINT|Spiral Cable|System error|WS20
PA - PIS|HELP POINT|Spiral Cable|Cbale loose|WS20
PA - PIS|HELP POINT|Spiral Cable|LED panel board issue|WS20
PA - PIS|HELP POINT|Spiral Cable|Power supply burst/broken|WS20
PA - PIS|HELP POINT|Spiral Cable|Fan issue|WS20
PA - PIS|HELP POINT|Spiral Cable|Information board blank|WS20
PA - PIS|HELP POINT|Spiral Cable|Audio speaker faulty|WS20
PA - PIS|HELP POINT|Spiral Cable|Help point damage|WS20
PA - PIS|HELP POINT|Spiral Cable|Network connection hang|WS20
PA - PIS|HELP POINT|Main Board|System hang|WS20
PA - PIS|HELP POINT|Main Board|NAC hang|WS20
PA - PIS|HELP POINT|Main Board|Board problem|WS20
PA - PIS|HELP POINT|Main Board|Cable loose|WS20
PA - PIS|HELP POINT|Main Board|Fan problem|WS20
PA - PIS|HELP POINT|Main Board|UTP cable loose|WS20
PA - PIS|HELP POINT|Main Board|Power supply burst|WS20
PA - PIS|HELP POINT|Main Board|Cable clip broken|WS20
PA - PIS|HELP POINT|Main Board|Outdated program|WS20
PA - PIS|HELP POINT|Main Board|PID hang|WS20
PA - PIS|HELP POINT|Main Board|System glitch|WS20
PA - PIS|HELP POINT|Main Board|Phone broken|WS20
PA - PIS|HELP POINT|Main Board|Overheating|WS20
PA - PIS|HELP POINT|Main Board|Cable connection loose|WS20
PA - PIS|HELP POINT|Main Board|PCB display faulty|WS20
PA - PIS|HELP POINT|Main Board|System error|WS20
PA - PIS|HELP POINT|Main Board|Cbale loose|WS20
PA - PIS|HELP POINT|Main Board|LED panel board issue|WS20
PA - PIS|HELP POINT|Main Board|Power supply burst/broken|WS20
PA - PIS|HELP POINT|Main Board|Fan issue|WS20
PA - PIS|HELP POINT|Main Board|Information board blank|WS20
PA - PIS|HELP POINT|Main Board|Audio speaker faulty|WS20
PA - PIS|HELP POINT|Main Board|Help point damage|WS20
PA - PIS|HELP POINT|Main Board|Network connection hang|WS20
PA - PIS|HELP POINT|Sealing Gaskets|System hang|WS20
PA - PIS|HELP POINT|Sealing Gaskets|NAC hang|WS20
PA - PIS|HELP POINT|Sealing Gaskets|Board problem|WS20
PA - PIS|HELP POINT|Sealing Gaskets|Cable loose|WS20
PA - PIS|HELP POINT|Sealing Gaskets|Fan problem|WS20
PA - PIS|HELP POINT|Sealing Gaskets|UTP cable loose|WS20
PA - PIS|HELP POINT|Sealing Gaskets|Power supply burst|WS20
PA - PIS|HELP POINT|Sealing Gaskets|Cable clip broken|WS20
PA - PIS|HELP POINT|Sealing Gaskets|Outdated program|WS20
PA - PIS|HELP POINT|Sealing Gaskets|PID hang|WS20
PA - PIS|HELP POINT|Sealing Gaskets|System glitch|WS20
PA - PIS|HELP POINT|Sealing Gaskets|Phone broken|WS20
PA - PIS|HELP POINT|Sealing Gaskets|Overheating|WS20
PA - PIS|HELP POINT|Sealing Gaskets|Cable connection loose|WS20
PA - PIS|HELP POINT|Sealing Gaskets|PCB display faulty|WS20
PA - PIS|HELP POINT|Sealing Gaskets|System error|WS20
PA - PIS|HELP POINT|Sealing Gaskets|Cbale loose|WS20
PA - PIS|HELP POINT|Sealing Gaskets|LED panel board issue|WS20
PA - PIS|HELP POINT|Sealing Gaskets|Power supply burst/broken|WS20
PA - PIS|HELP POINT|Sealing Gaskets|Fan issue|WS20
PA - PIS|HELP POINT|Sealing Gaskets|Information board blank|WS20
PA - PIS|HELP POINT|Sealing Gaskets|Audio speaker faulty|WS20
PA - PIS|HELP POINT|Sealing Gaskets|Help point damage|WS20
PA - PIS|HELP POINT|Sealing Gaskets|Network connection hang|WS20
PA - PIS|HELP POINT|Phone Handle|System hang|WS20
PA - PIS|HELP POINT|Phone Handle|NAC hang|WS20
PA - PIS|HELP POINT|Phone Handle|Board problem|WS20
PA - PIS|HELP POINT|Phone Handle|Cable loose|WS20
PA - PIS|HELP POINT|Phone Handle|Fan problem|WS20
PA - PIS|HELP POINT|Phone Handle|UTP cable loose|WS20
PA - PIS|HELP POINT|Phone Handle|Power supply burst|WS20
PA - PIS|HELP POINT|Phone Handle|Cable clip broken|WS20
PA - PIS|HELP POINT|Phone Handle|Outdated program|WS20
PA - PIS|HELP POINT|Phone Handle|PID hang|WS20
PA - PIS|HELP POINT|Phone Handle|System glitch|WS20
PA - PIS|HELP POINT|Phone Handle|Phone broken|WS20
PA - PIS|HELP POINT|Phone Handle|Overheating|WS20
PA - PIS|HELP POINT|Phone Handle|Cable connection loose|WS20
PA - PIS|HELP POINT|Phone Handle|PCB display faulty|WS20
PA - PIS|HELP POINT|Phone Handle|System error|WS20
PA - PIS|HELP POINT|Phone Handle|Cbale loose|WS20
PA - PIS|HELP POINT|Phone Handle|LED panel board issue|WS20
PA - PIS|HELP POINT|Phone Handle|Power supply burst/broken|WS20
PA - PIS|HELP POINT|Phone Handle|Fan issue|WS20
PA - PIS|HELP POINT|Phone Handle|Information board blank|WS20
PA - PIS|HELP POINT|Phone Handle|Audio speaker faulty|WS20
PA - PIS|HELP POINT|Phone Handle|Help point damage|WS20
PA - PIS|HELP POINT|Phone Handle|Network connection hang|WS20
PA - PIS|HELP POINT|UTP Cable|System hang|WS20
PA - PIS|HELP POINT|UTP Cable|NAC hang|WS20
PA - PIS|HELP POINT|UTP Cable|Board problem|WS20
PA - PIS|HELP POINT|UTP Cable|Cable loose|WS20
PA - PIS|HELP POINT|UTP Cable|Fan problem|WS20
PA - PIS|HELP POINT|UTP Cable|UTP cable loose|WS20
PA - PIS|HELP POINT|UTP Cable|Power supply burst|WS20
PA - PIS|HELP POINT|UTP Cable|Cable clip broken|WS20
PA - PIS|HELP POINT|UTP Cable|Outdated program|WS20
PA - PIS|HELP POINT|UTP Cable|PID hang|WS20
PA - PIS|HELP POINT|UTP Cable|System glitch|WS20
PA - PIS|HELP POINT|UTP Cable|Phone broken|WS20
PA - PIS|HELP POINT|UTP Cable|Overheating|WS20
PA - PIS|HELP POINT|UTP Cable|Cable connection loose|WS20
PA - PIS|HELP POINT|UTP Cable|PCB display faulty|WS20
PA - PIS|HELP POINT|UTP Cable|System error|WS20
PA - PIS|HELP POINT|UTP Cable|Cbale loose|WS20
PA - PIS|HELP POINT|UTP Cable|LED panel board issue|WS20
PA - PIS|HELP POINT|UTP Cable|Power supply burst/broken|WS20
PA - PIS|HELP POINT|UTP Cable|Fan issue|WS20
PA - PIS|HELP POINT|UTP Cable|Information board blank|WS20
PA - PIS|HELP POINT|UTP Cable|Audio speaker faulty|WS20
PA - PIS|HELP POINT|UTP Cable|Help point damage|WS20
PA - PIS|HELP POINT|UTP Cable|Network connection hang|WS20
PA - PIS|PIDS|LED Panel board|System hang|WS20
PA - PIS|PIDS|LED Panel board|NAC hang|WS20
PA - PIS|PIDS|LED Panel board|Board problem|WS20
PA - PIS|PIDS|LED Panel board|Cable loose|WS20
PA - PIS|PIDS|LED Panel board|Fan problem|WS20
PA - PIS|PIDS|LED Panel board|UTP cable loose|WS20
PA - PIS|PIDS|LED Panel board|Power supply burst|WS20
PA - PIS|PIDS|LED Panel board|Cable clip broken|WS20
PA - PIS|PIDS|LED Panel board|Outdated program|WS20
PA - PIS|PIDS|LED Panel board|PID hang|WS20
PA - PIS|PIDS|LED Panel board|System glitch|WS20
PA - PIS|PIDS|LED Panel board|Phone broken|WS20
PA - PIS|PIDS|LED Panel board|Overheating|WS20
PA - PIS|PIDS|LED Panel board|Cable connection loose|WS20
PA - PIS|PIDS|LED Panel board|PCB display faulty|WS20
PA - PIS|PIDS|LED Panel board|System error|WS20
PA - PIS|PIDS|LED Panel board|Cbale loose|WS20
PA - PIS|PIDS|LED Panel board|LED panel board issue|WS20
PA - PIS|PIDS|LED Panel board|Power supply burst/broken|WS20
PA - PIS|PIDS|LED Panel board|Fan issue|WS20
PA - PIS|PIDS|LED Panel board|Information board blank|WS20
PA - PIS|PIDS|LED Panel board|Audio speaker faulty|WS20
PA - PIS|PIDS|LED Panel board|Help point damage|WS20
PA - PIS|PIDS|LED Panel board|Network connection hang|WS20
PA - PIS|PIDS|Power Supply 240-24|System hang|WS20
PA - PIS|PIDS|Power Supply 240-24|NAC hang|WS20
PA - PIS|PIDS|Power Supply 240-24|Board problem|WS20
PA - PIS|PIDS|Power Supply 240-24|Cable loose|WS20
PA - PIS|PIDS|Power Supply 240-24|Fan problem|WS20
PA - PIS|PIDS|Power Supply 240-24|UTP cable loose|WS20
PA - PIS|PIDS|Power Supply 240-24|Power supply burst|WS20
PA - PIS|PIDS|Power Supply 240-24|Cable clip broken|WS20
PA - PIS|PIDS|Power Supply 240-24|Outdated program|WS20
PA - PIS|PIDS|Power Supply 240-24|PID hang|WS20
PA - PIS|PIDS|Power Supply 240-24|System glitch|WS20
PA - PIS|PIDS|Power Supply 240-24|Phone broken|WS20
PA - PIS|PIDS|Power Supply 240-24|Overheating|WS20
PA - PIS|PIDS|Power Supply 240-24|Cable connection loose|WS20
PA - PIS|PIDS|Power Supply 240-24|PCB display faulty|WS20
PA - PIS|PIDS|Power Supply 240-24|System error|WS20
PA - PIS|PIDS|Power Supply 240-24|Cbale loose|WS20
PA - PIS|PIDS|Power Supply 240-24|LED panel board issue|WS20
PA - PIS|PIDS|Power Supply 240-24|Power supply burst/broken|WS20
PA - PIS|PIDS|Power Supply 240-24|Fan issue|WS20
PA - PIS|PIDS|Power Supply 240-24|Information board blank|WS20
PA - PIS|PIDS|Power Supply 240-24|Audio speaker faulty|WS20
PA - PIS|PIDS|Power Supply 240-24|Help point damage|WS20
PA - PIS|PIDS|Power Supply 240-24|Network connection hang|WS20
PA - PIS|PIDS|Clock Board|System hang|WS20
PA - PIS|PIDS|Clock Board|NAC hang|WS20
PA - PIS|PIDS|Clock Board|Board problem|WS20
PA - PIS|PIDS|Clock Board|Cable loose|WS20
PA - PIS|PIDS|Clock Board|Fan problem|WS20
PA - PIS|PIDS|Clock Board|UTP cable loose|WS20
PA - PIS|PIDS|Clock Board|Power supply burst|WS20
PA - PIS|PIDS|Clock Board|Cable clip broken|WS20
PA - PIS|PIDS|Clock Board|Outdated program|WS20
PA - PIS|PIDS|Clock Board|PID hang|WS20
PA - PIS|PIDS|Clock Board|System glitch|WS20
PA - PIS|PIDS|Clock Board|Phone broken|WS20
PA - PIS|PIDS|Clock Board|Overheating|WS20
PA - PIS|PIDS|Clock Board|Cable connection loose|WS20
PA - PIS|PIDS|Clock Board|PCB display faulty|WS20
PA - PIS|PIDS|Clock Board|System error|WS20
PA - PIS|PIDS|Clock Board|Cbale loose|WS20
PA - PIS|PIDS|Clock Board|LED panel board issue|WS20
PA - PIS|PIDS|Clock Board|Power supply burst/broken|WS20
PA - PIS|PIDS|Clock Board|Fan issue|WS20
PA - PIS|PIDS|Clock Board|Information board blank|WS20
PA - PIS|PIDS|Clock Board|Audio speaker faulty|WS20
PA - PIS|PIDS|Clock Board|Help point damage|WS20
PA - PIS|PIDS|Clock Board|Network connection hang|WS20
PA - PIS|PIDS|Network Switch|System hang|WS20
PA - PIS|PIDS|Network Switch|NAC hang|WS20
PA - PIS|PIDS|Network Switch|Board problem|WS20
PA - PIS|PIDS|Network Switch|Cable loose|WS20
PA - PIS|PIDS|Network Switch|Fan problem|WS20
PA - PIS|PIDS|Network Switch|UTP cable loose|WS20
PA - PIS|PIDS|Network Switch|Power supply burst|WS20
PA - PIS|PIDS|Network Switch|Cable clip broken|WS20
PA - PIS|PIDS|Network Switch|Outdated program|WS20
PA - PIS|PIDS|Network Switch|PID hang|WS20
PA - PIS|PIDS|Network Switch|System glitch|WS20
PA - PIS|PIDS|Network Switch|Phone broken|WS20
PA - PIS|PIDS|Network Switch|Overheating|WS20
PA - PIS|PIDS|Network Switch|Cable connection loose|WS20
PA - PIS|PIDS|Network Switch|PCB display faulty|WS20
PA - PIS|PIDS|Network Switch|System error|WS20
PA - PIS|PIDS|Network Switch|Cbale loose|WS20
PA - PIS|PIDS|Network Switch|LED panel board issue|WS20
PA - PIS|PIDS|Network Switch|Power supply burst/broken|WS20
PA - PIS|PIDS|Network Switch|Fan issue|WS20
PA - PIS|PIDS|Network Switch|Information board blank|WS20
PA - PIS|PIDS|Network Switch|Audio speaker faulty|WS20
PA - PIS|PIDS|Network Switch|Help point damage|WS20
PA - PIS|PIDS|Network Switch|Network connection hang|WS20
PA - PIS|PIDS|Fan|System hang|WS20
PA - PIS|PIDS|Fan|NAC hang|WS20
PA - PIS|PIDS|Fan|Board problem|WS20
PA - PIS|PIDS|Fan|Cable loose|WS20
PA - PIS|PIDS|Fan|Fan problem|WS20
PA - PIS|PIDS|Fan|UTP cable loose|WS20
PA - PIS|PIDS|Fan|Power supply burst|WS20
PA - PIS|PIDS|Fan|Cable clip broken|WS20
PA - PIS|PIDS|Fan|Outdated program|WS20
PA - PIS|PIDS|Fan|PID hang|WS20
PA - PIS|PIDS|Fan|System glitch|WS20
PA - PIS|PIDS|Fan|Phone broken|WS20
PA - PIS|PIDS|Fan|Overheating|WS20
PA - PIS|PIDS|Fan|Cable connection loose|WS20
PA - PIS|PIDS|Fan|PCB display faulty|WS20
PA - PIS|PIDS|Fan|System error|WS20
PA - PIS|PIDS|Fan|Cbale loose|WS20
PA - PIS|PIDS|Fan|LED panel board issue|WS20
PA - PIS|PIDS|Fan|Power supply burst/broken|WS20
PA - PIS|PIDS|Fan|Fan issue|WS20
PA - PIS|PIDS|Fan|Information board blank|WS20
PA - PIS|PIDS|Fan|Audio speaker faulty|WS20
PA - PIS|PIDS|Fan|Help point damage|WS20
PA - PIS|PIDS|Fan|Network connection hang|WS20
PA - PIS|PIDS|Information Board|System hang|WS20
PA - PIS|PIDS|Information Board|NAC hang|WS20
PA - PIS|PIDS|Information Board|Board problem|WS20
PA - PIS|PIDS|Information Board|Cable loose|WS20
PA - PIS|PIDS|Information Board|Fan problem|WS20
PA - PIS|PIDS|Information Board|UTP cable loose|WS20
PA - PIS|PIDS|Information Board|Power supply burst|WS20
PA - PIS|PIDS|Information Board|Cable clip broken|WS20
PA - PIS|PIDS|Information Board|Outdated program|WS20
PA - PIS|PIDS|Information Board|PID hang|WS20
PA - PIS|PIDS|Information Board|System glitch|WS20
PA - PIS|PIDS|Information Board|Phone broken|WS20
PA - PIS|PIDS|Information Board|Overheating|WS20
PA - PIS|PIDS|Information Board|Cable connection loose|WS20
PA - PIS|PIDS|Information Board|PCB display faulty|WS20
PA - PIS|PIDS|Information Board|System error|WS20
PA - PIS|PIDS|Information Board|Cbale loose|WS20
PA - PIS|PIDS|Information Board|LED panel board issue|WS20
PA - PIS|PIDS|Information Board|Power supply burst/broken|WS20
PA - PIS|PIDS|Information Board|Fan issue|WS20
PA - PIS|PIDS|Information Board|Information board blank|WS20
PA - PIS|PIDS|Information Board|Audio speaker faulty|WS20
PA - PIS|PIDS|Information Board|Help point damage|WS20
PA - PIS|PIDS|Information Board|Network connection hang|WS20
RADIO QS2|RSU - REMOTE SITE UNIT/SIMULCAST MODULE (T805-24)|SIMULCAST|System intermittent|WS20
RADIO QS2|RSU - REMOTE SITE UNIT/SIMULCAST MODULE (T805-24)|SIMULCAST|Charger broken|WS20
RADIO QS2|RSU - REMOTE SITE UNIT/SIMULCAST MODULE (T805-24)|SIMULCAST|Button radio broken|WS20
RADIO QS2|RSU - REMOTE SITE UNIT/SIMULCAST MODULE (T805-24)|SIMULCAST|Battery issue|WS20
RADIO QS2|RSU - REMOTE SITE UNIT/SIMULCAST MODULE (T805-24)|SIMULCAST|Charger port problem|WS20
RADIO QS2|RSU - REMOTE SITE UNIT/SIMULCAST MODULE (T805-24)|SIMULCAST|Connection Intermittent|WS20
RADIO QS2|RSU - REMOTE SITE UNIT/SIMULCAST MODULE (T805-24)|SIMULCAST|No power|WS20
RADIO QS2|RSU - REMOTE SITE UNIT/SIMULCAST MODULE (T805-24)|SIMULCAST|Cable loose|WS20
RADIO QS2|RSU - REMOTE SITE UNIT/SIMULCAST MODULE (T805-24)|SIMULCAST|No voice|WS20
RADIO QS2|RSU - REMOTE SITE UNIT/SIMULCAST MODULE (T805-24)|SIMULCAST|System mulfunction|WS20
RADIO QS2|RSU - REMOTE SITE UNIT/SIMULCAST MODULE (T805-24)|SIMULCAST|No connection|WS20
RADIO QS2|RSU - REMOTE SITE UNIT/SIMULCAST MODULE (T805-24)|SIMULCAST|Voice intermittent|WS20
RADIO QS3|RSU - REMOTE SITE UNIT/SIMULCAST MODULE (T805-24)|T805-26 RSU J9|System intermittent|WS20
RADIO QS3|RSU - REMOTE SITE UNIT/SIMULCAST MODULE (T805-24)|T805-26 RSU J9|Charger broken|WS20
RADIO QS3|RSU - REMOTE SITE UNIT/SIMULCAST MODULE (T805-24)|T805-26 RSU J9|Button radio broken|WS20
RADIO QS3|RSU - REMOTE SITE UNIT/SIMULCAST MODULE (T805-24)|T805-26 RSU J9|Battery issue|WS20
RADIO QS3|RSU - REMOTE SITE UNIT/SIMULCAST MODULE (T805-24)|T805-26 RSU J9|Charger port problem|WS20
RADIO QS3|RSU - REMOTE SITE UNIT/SIMULCAST MODULE (T805-24)|T805-26 RSU J9|Connection Intermittent|WS20
RADIO QS3|RSU - REMOTE SITE UNIT/SIMULCAST MODULE (T805-24)|T805-26 RSU J9|No power|WS20
RADIO QS3|RSU - REMOTE SITE UNIT/SIMULCAST MODULE (T805-24)|T805-26 RSU J9|Cable loose|WS20
RADIO QS3|RSU - REMOTE SITE UNIT/SIMULCAST MODULE (T805-24)|T805-26 RSU J9|No voice|WS20
RADIO QS3|RSU - REMOTE SITE UNIT/SIMULCAST MODULE (T805-24)|T805-26 RSU J9|System mulfunction|WS20
RADIO QS3|RSU - REMOTE SITE UNIT/SIMULCAST MODULE (T805-24)|T805-26 RSU J9|No connection|WS20
RADIO QS3|RSU - REMOTE SITE UNIT/SIMULCAST MODULE (T805-24)|T805-26 RSU J9|Voice intermittent|WS20
RADIO QS4|RSU - REMOTE SITE UNIT/SIMULCAST MODULE (T805-24)|T805-26 RSU J6|System intermittent|WS20
RADIO QS4|RSU - REMOTE SITE UNIT/SIMULCAST MODULE (T805-24)|T805-26 RSU J6|Charger broken|WS20
RADIO QS4|RSU - REMOTE SITE UNIT/SIMULCAST MODULE (T805-24)|T805-26 RSU J6|Button radio broken|WS20
RADIO QS4|RSU - REMOTE SITE UNIT/SIMULCAST MODULE (T805-24)|T805-26 RSU J6|Battery issue|WS20
RADIO QS4|RSU - REMOTE SITE UNIT/SIMULCAST MODULE (T805-24)|T805-26 RSU J6|Charger port problem|WS20
RADIO QS4|RSU - REMOTE SITE UNIT/SIMULCAST MODULE (T805-24)|T805-26 RSU J6|Connection Intermittent|WS20
RADIO QS4|RSU - REMOTE SITE UNIT/SIMULCAST MODULE (T805-24)|T805-26 RSU J6|No power|WS20
RADIO QS4|RSU - REMOTE SITE UNIT/SIMULCAST MODULE (T805-24)|T805-26 RSU J6|Cable loose|WS20
RADIO QS4|RSU - REMOTE SITE UNIT/SIMULCAST MODULE (T805-24)|T805-26 RSU J6|No voice|WS20
RADIO QS4|RSU - REMOTE SITE UNIT/SIMULCAST MODULE (T805-24)|T805-26 RSU J6|System mulfunction|WS20
RADIO QS4|RSU - REMOTE SITE UNIT/SIMULCAST MODULE (T805-24)|T805-26 RSU J6|No connection|WS20
RADIO QS4|RSU - REMOTE SITE UNIT/SIMULCAST MODULE (T805-24)|T805-26 RSU J6|Voice intermittent|WS20
RADIO QS5|RSU - REMOTE SITE UNIT/SIMULCAST MODULE (T805-24)|T805-26 RSU J414|System intermittent|WS20
RADIO QS5|RSU - REMOTE SITE UNIT/SIMULCAST MODULE (T805-24)|T805-26 RSU J414|Charger broken|WS20
RADIO QS5|RSU - REMOTE SITE UNIT/SIMULCAST MODULE (T805-24)|T805-26 RSU J414|Button radio broken|WS20
RADIO QS5|RSU - REMOTE SITE UNIT/SIMULCAST MODULE (T805-24)|T805-26 RSU J414|Battery issue|WS20
RADIO QS5|RSU - REMOTE SITE UNIT/SIMULCAST MODULE (T805-24)|T805-26 RSU J414|Charger port problem|WS20
RADIO QS5|RSU - REMOTE SITE UNIT/SIMULCAST MODULE (T805-24)|T805-26 RSU J414|Connection Intermittent|WS20
RADIO QS5|RSU - REMOTE SITE UNIT/SIMULCAST MODULE (T805-24)|T805-26 RSU J414|No power|WS20
RADIO QS5|RSU - REMOTE SITE UNIT/SIMULCAST MODULE (T805-24)|T805-26 RSU J414|Cable loose|WS20
RADIO QS5|RSU - REMOTE SITE UNIT/SIMULCAST MODULE (T805-24)|T805-26 RSU J414|No voice|WS20
RADIO QS5|RSU - REMOTE SITE UNIT/SIMULCAST MODULE (T805-24)|T805-26 RSU J414|System mulfunction|WS20
RADIO QS5|RSU - REMOTE SITE UNIT/SIMULCAST MODULE (T805-24)|T805-26 RSU J414|No connection|WS20
RADIO QS5|RSU - REMOTE SITE UNIT/SIMULCAST MODULE (T805-24)|T805-26 RSU J414|Voice intermittent|WS20
RADIO QS6|RSU - REMOTE SITE UNIT/SIMULCAST MODULE (T805-24)|T805-26 RSU J7|System intermittent|WS20
RADIO QS6|RSU - REMOTE SITE UNIT/SIMULCAST MODULE (T805-24)|T805-26 RSU J7|Charger broken|WS20
RADIO QS6|RSU - REMOTE SITE UNIT/SIMULCAST MODULE (T805-24)|T805-26 RSU J7|Button radio broken|WS20
RADIO QS6|RSU - REMOTE SITE UNIT/SIMULCAST MODULE (T805-24)|T805-26 RSU J7|Battery issue|WS20
RADIO QS6|RSU - REMOTE SITE UNIT/SIMULCAST MODULE (T805-24)|T805-26 RSU J7|Charger port problem|WS20
RADIO QS6|RSU - REMOTE SITE UNIT/SIMULCAST MODULE (T805-24)|T805-26 RSU J7|Connection Intermittent|WS20
RADIO QS6|RSU - REMOTE SITE UNIT/SIMULCAST MODULE (T805-24)|T805-26 RSU J7|No power|WS20
RADIO QS6|RSU - REMOTE SITE UNIT/SIMULCAST MODULE (T805-24)|T805-26 RSU J7|Cable loose|WS20
RADIO QS6|RSU - REMOTE SITE UNIT/SIMULCAST MODULE (T805-24)|T805-26 RSU J7|No voice|WS20
RADIO QS6|RSU - REMOTE SITE UNIT/SIMULCAST MODULE (T805-24)|T805-26 RSU J7|System mulfunction|WS20
RADIO QS6|RSU - REMOTE SITE UNIT/SIMULCAST MODULE (T805-24)|T805-26 RSU J7|No connection|WS20
RADIO QS6|RSU - REMOTE SITE UNIT/SIMULCAST MODULE (T805-24)|T805-26 RSU J7|Voice intermittent|WS20
RADIO QS7|RSU - REMOTE SITE UNIT/SIMULCAST MODULE (T805-24)|T805-26 RSU J8|System intermittent|WS20
RADIO QS7|RSU - REMOTE SITE UNIT/SIMULCAST MODULE (T805-24)|T805-26 RSU J8|Charger broken|WS20
RADIO QS7|RSU - REMOTE SITE UNIT/SIMULCAST MODULE (T805-24)|T805-26 RSU J8|Button radio broken|WS20
RADIO QS7|RSU - REMOTE SITE UNIT/SIMULCAST MODULE (T805-24)|T805-26 RSU J8|Battery issue|WS20
RADIO QS7|RSU - REMOTE SITE UNIT/SIMULCAST MODULE (T805-24)|T805-26 RSU J8|Charger port problem|WS20
RADIO QS7|RSU - REMOTE SITE UNIT/SIMULCAST MODULE (T805-24)|T805-26 RSU J8|Connection Intermittent|WS20
RADIO QS7|RSU - REMOTE SITE UNIT/SIMULCAST MODULE (T805-24)|T805-26 RSU J8|No power|WS20
RADIO QS7|RSU - REMOTE SITE UNIT/SIMULCAST MODULE (T805-24)|T805-26 RSU J8|Cable loose|WS20
RADIO QS7|RSU - REMOTE SITE UNIT/SIMULCAST MODULE (T805-24)|T805-26 RSU J8|No voice|WS20
RADIO QS7|RSU - REMOTE SITE UNIT/SIMULCAST MODULE (T805-24)|T805-26 RSU J8|System mulfunction|WS20
RADIO QS7|RSU - REMOTE SITE UNIT/SIMULCAST MODULE (T805-24)|T805-26 RSU J8|No connection|WS20
RADIO QS7|RSU - REMOTE SITE UNIT/SIMULCAST MODULE (T805-24)|T805-26 RSU J8|Voice intermittent|WS20
RADIO QS8|RSU - REMOTE SITE UNIT/SIMULCAST MODULE (T805-24)|T805-26 RSU J9|System intermittent|WS20
RADIO QS8|RSU - REMOTE SITE UNIT/SIMULCAST MODULE (T805-24)|T805-26 RSU J9|Charger broken|WS20
RADIO QS8|RSU - REMOTE SITE UNIT/SIMULCAST MODULE (T805-24)|T805-26 RSU J9|Button radio broken|WS20
RADIO QS8|RSU - REMOTE SITE UNIT/SIMULCAST MODULE (T805-24)|T805-26 RSU J9|Battery issue|WS20
RADIO QS8|RSU - REMOTE SITE UNIT/SIMULCAST MODULE (T805-24)|T805-26 RSU J9|Charger port problem|WS20
RADIO QS8|RSU - REMOTE SITE UNIT/SIMULCAST MODULE (T805-24)|T805-26 RSU J9|Connection Intermittent|WS20
RADIO QS8|RSU - REMOTE SITE UNIT/SIMULCAST MODULE (T805-24)|T805-26 RSU J9|No power|WS20
RADIO QS8|RSU - REMOTE SITE UNIT/SIMULCAST MODULE (T805-24)|T805-26 RSU J9|Cable loose|WS20
RADIO QS8|RSU - REMOTE SITE UNIT/SIMULCAST MODULE (T805-24)|T805-26 RSU J9|No voice|WS20
RADIO QS8|RSU - REMOTE SITE UNIT/SIMULCAST MODULE (T805-24)|T805-26 RSU J9|System mulfunction|WS20
RADIO QS8|RSU - REMOTE SITE UNIT/SIMULCAST MODULE (T805-24)|T805-26 RSU J9|No connection|WS20
RADIO QS8|RSU - REMOTE SITE UNIT/SIMULCAST MODULE (T805-24)|T805-26 RSU J9|Voice intermittent|WS20
RADIO QS9|NOTCH DUPLEXER MODULE|N Duplexfilter|System intermittent|WS20
RADIO QS9|NOTCH DUPLEXER MODULE|N Duplexfilter|Charger broken|WS20
RADIO QS9|NOTCH DUPLEXER MODULE|N Duplexfilter|Button radio broken|WS20
RADIO QS9|NOTCH DUPLEXER MODULE|N Duplexfilter|Battery issue|WS20
RADIO QS9|NOTCH DUPLEXER MODULE|N Duplexfilter|Charger port problem|WS20
RADIO QS9|NOTCH DUPLEXER MODULE|N Duplexfilter|Connection Intermittent|WS20
RADIO QS9|NOTCH DUPLEXER MODULE|N Duplexfilter|No power|WS20
RADIO QS9|NOTCH DUPLEXER MODULE|N Duplexfilter|Cable loose|WS20
RADIO QS9|NOTCH DUPLEXER MODULE|N Duplexfilter|No voice|WS20
RADIO QS9|NOTCH DUPLEXER MODULE|N Duplexfilter|System mulfunction|WS20
RADIO QS9|NOTCH DUPLEXER MODULE|N Duplexfilter|No connection|WS20
RADIO QS9|NOTCH DUPLEXER MODULE|N Duplexfilter|Voice intermittent|WS20
RADIO QS10|NOTCH DUPLEXER MODULE|N Duplexfilter|System intermittent|WS20
RADIO QS10|NOTCH DUPLEXER MODULE|N Duplexfilter|Charger broken|WS20
RADIO QS10|NOTCH DUPLEXER MODULE|N Duplexfilter|Button radio broken|WS20
RADIO QS10|NOTCH DUPLEXER MODULE|N Duplexfilter|Battery issue|WS20
RADIO QS10|NOTCH DUPLEXER MODULE|N Duplexfilter|Charger port problem|WS20
RADIO QS10|NOTCH DUPLEXER MODULE|N Duplexfilter|Connection Intermittent|WS20
RADIO QS10|NOTCH DUPLEXER MODULE|N Duplexfilter|No power|WS20
RADIO QS10|NOTCH DUPLEXER MODULE|N Duplexfilter|Cable loose|WS20
RADIO QS10|NOTCH DUPLEXER MODULE|N Duplexfilter|No voice|WS20
RADIO QS10|NOTCH DUPLEXER MODULE|N Duplexfilter|System mulfunction|WS20
RADIO QS10|NOTCH DUPLEXER MODULE|N Duplexfilter|No connection|WS20
RADIO QS10|NOTCH DUPLEXER MODULE|N Duplexfilter|Voice intermittent|WS20
RADIO QS11|GPS FREQUENCY REFERENCE MODULE (T801-41)|GPS|System intermittent|WS20
RADIO QS11|GPS FREQUENCY REFERENCE MODULE (T801-41)|GPS|Charger broken|WS20
RADIO QS11|GPS FREQUENCY REFERENCE MODULE (T801-41)|GPS|Button radio broken|WS20
RADIO QS11|GPS FREQUENCY REFERENCE MODULE (T801-41)|GPS|Battery issue|WS20
RADIO QS11|GPS FREQUENCY REFERENCE MODULE (T801-41)|GPS|Charger port problem|WS20
RADIO QS11|GPS FREQUENCY REFERENCE MODULE (T801-41)|GPS|Connection Intermittent|WS20
RADIO QS11|GPS FREQUENCY REFERENCE MODULE (T801-41)|GPS|No power|WS20
RADIO QS11|GPS FREQUENCY REFERENCE MODULE (T801-41)|GPS|Cable loose|WS20
RADIO QS11|GPS FREQUENCY REFERENCE MODULE (T801-41)|GPS|No voice|WS20
RADIO QS11|GPS FREQUENCY REFERENCE MODULE (T801-41)|GPS|System mulfunction|WS20
RADIO QS11|GPS FREQUENCY REFERENCE MODULE (T801-41)|GPS|No connection|WS20
RADIO QS11|GPS FREQUENCY REFERENCE MODULE (T801-41)|GPS|Voice intermittent|WS20
RADIO QS12|GPS FREQUENCY REFERENCE MODULE (T801-41)|Indicator|System intermittent|WS20
RADIO QS12|GPS FREQUENCY REFERENCE MODULE (T801-41)|Indicator|Charger broken|WS20
RADIO QS12|GPS FREQUENCY REFERENCE MODULE (T801-41)|Indicator|Button radio broken|WS20
RADIO QS12|GPS FREQUENCY REFERENCE MODULE (T801-41)|Indicator|Battery issue|WS20
RADIO QS12|GPS FREQUENCY REFERENCE MODULE (T801-41)|Indicator|Charger port problem|WS20
RADIO QS12|GPS FREQUENCY REFERENCE MODULE (T801-41)|Indicator|Connection Intermittent|WS20
RADIO QS12|GPS FREQUENCY REFERENCE MODULE (T801-41)|Indicator|No power|WS20
RADIO QS12|GPS FREQUENCY REFERENCE MODULE (T801-41)|Indicator|Cable loose|WS20
RADIO QS12|GPS FREQUENCY REFERENCE MODULE (T801-41)|Indicator|No voice|WS20
RADIO QS12|GPS FREQUENCY REFERENCE MODULE (T801-41)|Indicator|System mulfunction|WS20
RADIO QS12|GPS FREQUENCY REFERENCE MODULE (T801-41)|Indicator|No connection|WS20
RADIO QS12|GPS FREQUENCY REFERENCE MODULE (T801-41)|Indicator|Voice intermittent|WS20
RADIO QS13|GPS FREQUENCY REFERENCE MODULE (T801-41)|INCOMING SUPPLY|System intermittent|WS20
RADIO QS13|GPS FREQUENCY REFERENCE MODULE (T801-41)|INCOMING SUPPLY|Charger broken|WS20
RADIO QS13|GPS FREQUENCY REFERENCE MODULE (T801-41)|INCOMING SUPPLY|Button radio broken|WS20
RADIO QS13|GPS FREQUENCY REFERENCE MODULE (T801-41)|INCOMING SUPPLY|Battery issue|WS20
RADIO QS13|GPS FREQUENCY REFERENCE MODULE (T801-41)|INCOMING SUPPLY|Charger port problem|WS20
RADIO QS13|GPS FREQUENCY REFERENCE MODULE (T801-41)|INCOMING SUPPLY|Connection Intermittent|WS20
RADIO QS13|GPS FREQUENCY REFERENCE MODULE (T801-41)|INCOMING SUPPLY|No power|WS20
RADIO QS13|GPS FREQUENCY REFERENCE MODULE (T801-41)|INCOMING SUPPLY|Cable loose|WS20
RADIO QS13|GPS FREQUENCY REFERENCE MODULE (T801-41)|INCOMING SUPPLY|No voice|WS20
RADIO QS13|GPS FREQUENCY REFERENCE MODULE (T801-41)|INCOMING SUPPLY|System mulfunction|WS20
RADIO QS13|GPS FREQUENCY REFERENCE MODULE (T801-41)|INCOMING SUPPLY|No connection|WS20
RADIO QS13|GPS FREQUENCY REFERENCE MODULE (T801-41)|INCOMING SUPPLY|Voice intermittent|WS20
RADIO QS14|RADIO BASE STATION (RBS) MODULE (TB8100)|Front panel|System intermittent|WS20
RADIO QS14|RADIO BASE STATION (RBS) MODULE (TB8100)|Front panel|Charger broken|WS20
RADIO QS14|RADIO BASE STATION (RBS) MODULE (TB8100)|Front panel|Button radio broken|WS20
RADIO QS14|RADIO BASE STATION (RBS) MODULE (TB8100)|Front panel|Battery issue|WS20
RADIO QS14|RADIO BASE STATION (RBS) MODULE (TB8100)|Front panel|Charger port problem|WS20
RADIO QS14|RADIO BASE STATION (RBS) MODULE (TB8100)|Front panel|Connection Intermittent|WS20
RADIO QS14|RADIO BASE STATION (RBS) MODULE (TB8100)|Front panel|No power|WS20
RADIO QS14|RADIO BASE STATION (RBS) MODULE (TB8100)|Front panel|Cable loose|WS20
RADIO QS14|RADIO BASE STATION (RBS) MODULE (TB8100)|Front panel|No voice|WS20
RADIO QS14|RADIO BASE STATION (RBS) MODULE (TB8100)|Front panel|System mulfunction|WS20
RADIO QS14|RADIO BASE STATION (RBS) MODULE (TB8100)|Front panel|No connection|WS20
RADIO QS14|RADIO BASE STATION (RBS) MODULE (TB8100)|Front panel|Voice intermittent|WS20
RADIO QS15|RADIO BASE STATION (RBS) MODULE (TB8100)|Power supply (PMU)|System intermittent|WS20
RADIO QS15|RADIO BASE STATION (RBS) MODULE (TB8100)|Power supply (PMU)|Charger broken|WS20
RADIO QS15|RADIO BASE STATION (RBS) MODULE (TB8100)|Power supply (PMU)|Button radio broken|WS20
RADIO QS15|RADIO BASE STATION (RBS) MODULE (TB8100)|Power supply (PMU)|Battery issue|WS20
RADIO QS15|RADIO BASE STATION (RBS) MODULE (TB8100)|Power supply (PMU)|Charger port problem|WS20
RADIO QS15|RADIO BASE STATION (RBS) MODULE (TB8100)|Power supply (PMU)|Connection Intermittent|WS20
RADIO QS15|RADIO BASE STATION (RBS) MODULE (TB8100)|Power supply (PMU)|No power|WS20
RADIO QS15|RADIO BASE STATION (RBS) MODULE (TB8100)|Power supply (PMU)|Cable loose|WS20
RADIO QS15|RADIO BASE STATION (RBS) MODULE (TB8100)|Power supply (PMU)|No voice|WS20
RADIO QS15|RADIO BASE STATION (RBS) MODULE (TB8100)|Power supply (PMU)|System mulfunction|WS20
RADIO QS15|RADIO BASE STATION (RBS) MODULE (TB8100)|Power supply (PMU)|No connection|WS20
RADIO QS15|RADIO BASE STATION (RBS) MODULE (TB8100)|Power supply (PMU)|Voice intermittent|WS20
RADIO QS16|RADIO BASE STATION (RBS) MODULE (TB8100)|Power Amplifier|System intermittent|WS20
RADIO QS16|RADIO BASE STATION (RBS) MODULE (TB8100)|Power Amplifier|Charger broken|WS20
RADIO QS16|RADIO BASE STATION (RBS) MODULE (TB8100)|Power Amplifier|Button radio broken|WS20
RADIO QS16|RADIO BASE STATION (RBS) MODULE (TB8100)|Power Amplifier|Battery issue|WS20
RADIO QS16|RADIO BASE STATION (RBS) MODULE (TB8100)|Power Amplifier|Charger port problem|WS20
RADIO QS16|RADIO BASE STATION (RBS) MODULE (TB8100)|Power Amplifier|Connection Intermittent|WS20
RADIO QS16|RADIO BASE STATION (RBS) MODULE (TB8100)|Power Amplifier|No power|WS20
RADIO QS16|RADIO BASE STATION (RBS) MODULE (TB8100)|Power Amplifier|Cable loose|WS20
RADIO QS16|RADIO BASE STATION (RBS) MODULE (TB8100)|Power Amplifier|No voice|WS20
RADIO QS16|RADIO BASE STATION (RBS) MODULE (TB8100)|Power Amplifier|System mulfunction|WS20
RADIO QS16|RADIO BASE STATION (RBS) MODULE (TB8100)|Power Amplifier|No connection|WS20
RADIO QS16|RADIO BASE STATION (RBS) MODULE (TB8100)|Power Amplifier|Voice intermittent|WS20
RADIO QS17|RADIO BASE STATION (RBS) MODULE (TB8100)|Monitor Receiver|System intermittent|WS20
RADIO QS17|RADIO BASE STATION (RBS) MODULE (TB8100)|Monitor Receiver|Charger broken|WS20
RADIO QS17|RADIO BASE STATION (RBS) MODULE (TB8100)|Monitor Receiver|Button radio broken|WS20
RADIO QS17|RADIO BASE STATION (RBS) MODULE (TB8100)|Monitor Receiver|Battery issue|WS20
RADIO QS17|RADIO BASE STATION (RBS) MODULE (TB8100)|Monitor Receiver|Charger port problem|WS20
RADIO QS17|RADIO BASE STATION (RBS) MODULE (TB8100)|Monitor Receiver|Connection Intermittent|WS20
RADIO QS17|RADIO BASE STATION (RBS) MODULE (TB8100)|Monitor Receiver|No power|WS20
RADIO QS17|RADIO BASE STATION (RBS) MODULE (TB8100)|Monitor Receiver|Cable loose|WS20
RADIO QS17|RADIO BASE STATION (RBS) MODULE (TB8100)|Monitor Receiver|No voice|WS20
RADIO QS17|RADIO BASE STATION (RBS) MODULE (TB8100)|Monitor Receiver|System mulfunction|WS20
RADIO QS17|RADIO BASE STATION (RBS) MODULE (TB8100)|Monitor Receiver|No connection|WS20
RADIO QS17|RADIO BASE STATION (RBS) MODULE (TB8100)|Monitor Receiver|Voice intermittent|WS20
RADIO QS18|RADIO BASE STATION (RBS) MODULE (TB8100)|Reciter|System intermittent|WS20
RADIO QS18|RADIO BASE STATION (RBS) MODULE (TB8100)|Reciter|Charger broken|WS20
RADIO QS18|RADIO BASE STATION (RBS) MODULE (TB8100)|Reciter|Button radio broken|WS20
RADIO QS18|RADIO BASE STATION (RBS) MODULE (TB8100)|Reciter|Battery issue|WS20
RADIO QS18|RADIO BASE STATION (RBS) MODULE (TB8100)|Reciter|Charger port problem|WS20
RADIO QS18|RADIO BASE STATION (RBS) MODULE (TB8100)|Reciter|Connection Intermittent|WS20
RADIO QS18|RADIO BASE STATION (RBS) MODULE (TB8100)|Reciter|No power|WS20
RADIO QS18|RADIO BASE STATION (RBS) MODULE (TB8100)|Reciter|Cable loose|WS20
RADIO QS18|RADIO BASE STATION (RBS) MODULE (TB8100)|Reciter|No voice|WS20
RADIO QS18|RADIO BASE STATION (RBS) MODULE (TB8100)|Reciter|System mulfunction|WS20
RADIO QS18|RADIO BASE STATION (RBS) MODULE (TB8100)|Reciter|No connection|WS20
RADIO QS18|RADIO BASE STATION (RBS) MODULE (TB8100)|Reciter|Voice intermittent|WS20
RADIO QS19|RADIO BASE STATION (RBS) MODULE (TB8100)|Coxial Relay|System intermittent|WS20
RADIO QS19|RADIO BASE STATION (RBS) MODULE (TB8100)|Coxial Relay|Charger broken|WS20
RADIO QS19|RADIO BASE STATION (RBS) MODULE (TB8100)|Coxial Relay|Button radio broken|WS20
RADIO QS19|RADIO BASE STATION (RBS) MODULE (TB8100)|Coxial Relay|Battery issue|WS20
RADIO QS19|RADIO BASE STATION (RBS) MODULE (TB8100)|Coxial Relay|Charger port problem|WS20
RADIO QS19|RADIO BASE STATION (RBS) MODULE (TB8100)|Coxial Relay|Connection Intermittent|WS20
RADIO QS19|RADIO BASE STATION (RBS) MODULE (TB8100)|Coxial Relay|No power|WS20
RADIO QS19|RADIO BASE STATION (RBS) MODULE (TB8100)|Coxial Relay|Cable loose|WS20
RADIO QS19|RADIO BASE STATION (RBS) MODULE (TB8100)|Coxial Relay|No voice|WS20
RADIO QS19|RADIO BASE STATION (RBS) MODULE (TB8100)|Coxial Relay|System mulfunction|WS20
RADIO QS19|RADIO BASE STATION (RBS) MODULE (TB8100)|Coxial Relay|No connection|WS20
RADIO QS19|RADIO BASE STATION (RBS) MODULE (TB8100)|Coxial Relay|Voice intermittent|WS20
RADIO QS20|RADIO BASE STATION (RBS) MODULE (TB8100)|NETWORK CABLE|System intermittent|WS20
RADIO QS20|RADIO BASE STATION (RBS) MODULE (TB8100)|NETWORK CABLE|Charger broken|WS20
RADIO QS20|RADIO BASE STATION (RBS) MODULE (TB8100)|NETWORK CABLE|Button radio broken|WS20
RADIO QS20|RADIO BASE STATION (RBS) MODULE (TB8100)|NETWORK CABLE|Battery issue|WS20
RADIO QS20|RADIO BASE STATION (RBS) MODULE (TB8100)|NETWORK CABLE|Charger port problem|WS20
RADIO QS20|RADIO BASE STATION (RBS) MODULE (TB8100)|NETWORK CABLE|Connection Intermittent|WS20
RADIO QS20|RADIO BASE STATION (RBS) MODULE (TB8100)|NETWORK CABLE|No power|WS20
RADIO QS20|RADIO BASE STATION (RBS) MODULE (TB8100)|NETWORK CABLE|Cable loose|WS20
RADIO QS20|RADIO BASE STATION (RBS) MODULE (TB8100)|NETWORK CABLE|No voice|WS20
RADIO QS20|RADIO BASE STATION (RBS) MODULE (TB8100)|NETWORK CABLE|System mulfunction|WS20
RADIO QS20|RADIO BASE STATION (RBS) MODULE (TB8100)|NETWORK CABLE|No connection|WS20
RADIO QS20|RADIO BASE STATION (RBS) MODULE (TB8100)|NETWORK CABLE|Voice intermittent|WS20
RADIO QS21|RADIO BASE STATION (RBS) MODULE (TB8100)|KRONE DISCONNECTION MODULE|System intermittent|WS20
RADIO QS21|RADIO BASE STATION (RBS) MODULE (TB8100)|KRONE DISCONNECTION MODULE|Charger broken|WS20
RADIO QS21|RADIO BASE STATION (RBS) MODULE (TB8100)|KRONE DISCONNECTION MODULE|Button radio broken|WS20
RADIO QS21|RADIO BASE STATION (RBS) MODULE (TB8100)|KRONE DISCONNECTION MODULE|Battery issue|WS20
RADIO QS21|RADIO BASE STATION (RBS) MODULE (TB8100)|KRONE DISCONNECTION MODULE|Charger port problem|WS20
RADIO QS21|RADIO BASE STATION (RBS) MODULE (TB8100)|KRONE DISCONNECTION MODULE|Connection Intermittent|WS20
RADIO QS21|RADIO BASE STATION (RBS) MODULE (TB8100)|KRONE DISCONNECTION MODULE|No power|WS20
RADIO QS21|RADIO BASE STATION (RBS) MODULE (TB8100)|KRONE DISCONNECTION MODULE|Cable loose|WS20
RADIO QS21|RADIO BASE STATION (RBS) MODULE (TB8100)|KRONE DISCONNECTION MODULE|No voice|WS20
RADIO QS21|RADIO BASE STATION (RBS) MODULE (TB8100)|KRONE DISCONNECTION MODULE|System mulfunction|WS20
RADIO QS21|RADIO BASE STATION (RBS) MODULE (TB8100)|KRONE DISCONNECTION MODULE|No connection|WS20
RADIO QS21|RADIO BASE STATION (RBS) MODULE (TB8100)|KRONE DISCONNECTION MODULE|Voice intermittent|WS20
RADIO QS22|VOTER MODULE|power supply redundant|System intermittent|WS20
RADIO QS22|VOTER MODULE|power supply redundant|Charger broken|WS20
RADIO QS22|VOTER MODULE|power supply redundant|Button radio broken|WS20
RADIO QS22|VOTER MODULE|power supply redundant|Battery issue|WS20
RADIO QS22|VOTER MODULE|power supply redundant|Charger port problem|WS20
RADIO QS22|VOTER MODULE|power supply redundant|Connection Intermittent|WS20
RADIO QS22|VOTER MODULE|power supply redundant|No power|WS20
RADIO QS22|VOTER MODULE|power supply redundant|Cable loose|WS20
RADIO QS22|VOTER MODULE|power supply redundant|No voice|WS20
RADIO QS22|VOTER MODULE|power supply redundant|System mulfunction|WS20
RADIO QS22|VOTER MODULE|power supply redundant|No connection|WS20
RADIO QS22|VOTER MODULE|power supply redundant|Voice intermittent|WS20
RADIO QS23|VOTER MODULE|Power Supply Modue 1A|System intermittent|WS20
RADIO QS23|VOTER MODULE|Power Supply Modue 1A|Charger broken|WS20
RADIO QS23|VOTER MODULE|Power Supply Modue 1A|Button radio broken|WS20
RADIO QS23|VOTER MODULE|Power Supply Modue 1A|Battery issue|WS20
RADIO QS23|VOTER MODULE|Power Supply Modue 1A|Charger port problem|WS20
RADIO QS23|VOTER MODULE|Power Supply Modue 1A|Connection Intermittent|WS20
RADIO QS23|VOTER MODULE|Power Supply Modue 1A|No power|WS20
RADIO QS23|VOTER MODULE|Power Supply Modue 1A|Cable loose|WS20
RADIO QS23|VOTER MODULE|Power Supply Modue 1A|No voice|WS20
RADIO QS23|VOTER MODULE|Power Supply Modue 1A|System mulfunction|WS20
RADIO QS23|VOTER MODULE|Power Supply Modue 1A|No connection|WS20
RADIO QS23|VOTER MODULE|Power Supply Modue 1A|Voice intermittent|WS20
RADIO QS24|VOTER MODULE|Power Supply Modue 1A|System intermittent|WS20
RADIO QS24|VOTER MODULE|Power Supply Modue 1A|Charger broken|WS20
RADIO QS24|VOTER MODULE|Power Supply Modue 1A|Button radio broken|WS20
RADIO QS24|VOTER MODULE|Power Supply Modue 1A|Battery issue|WS20
RADIO QS24|VOTER MODULE|Power Supply Modue 1A|Charger port problem|WS20
RADIO QS24|VOTER MODULE|Power Supply Modue 1A|Connection Intermittent|WS20
RADIO QS24|VOTER MODULE|Power Supply Modue 1A|No power|WS20
RADIO QS24|VOTER MODULE|Power Supply Modue 1A|Cable loose|WS20
RADIO QS24|VOTER MODULE|Power Supply Modue 1A|No voice|WS20
RADIO QS24|VOTER MODULE|Power Supply Modue 1A|System mulfunction|WS20
RADIO QS24|VOTER MODULE|Power Supply Modue 1A|No connection|WS20
RADIO QS24|VOTER MODULE|Power Supply Modue 1A|Voice intermittent|WS20
RADIO QS25|VOTER MODULE|Consule Interface Module (CIM-2A)|System intermittent|WS20
RADIO QS25|VOTER MODULE|Consule Interface Module (CIM-2A)|Charger broken|WS20
RADIO QS25|VOTER MODULE|Consule Interface Module (CIM-2A)|Button radio broken|WS20
RADIO QS25|VOTER MODULE|Consule Interface Module (CIM-2A)|Battery issue|WS20
RADIO QS25|VOTER MODULE|Consule Interface Module (CIM-2A)|Charger port problem|WS20
RADIO QS25|VOTER MODULE|Consule Interface Module (CIM-2A)|Connection Intermittent|WS20
RADIO QS25|VOTER MODULE|Consule Interface Module (CIM-2A)|No power|WS20
RADIO QS25|VOTER MODULE|Consule Interface Module (CIM-2A)|Cable loose|WS20
RADIO QS25|VOTER MODULE|Consule Interface Module (CIM-2A)|No voice|WS20
RADIO QS25|VOTER MODULE|Consule Interface Module (CIM-2A)|System mulfunction|WS20
RADIO QS25|VOTER MODULE|Consule Interface Module (CIM-2A)|No connection|WS20
RADIO QS25|VOTER MODULE|Consule Interface Module (CIM-2A)|Voice intermittent|WS20
RADIO QS26|VOTER MODULE|Control Processor Module (CPM-3)|System intermittent|WS20
RADIO QS26|VOTER MODULE|Control Processor Module (CPM-3)|Charger broken|WS20
RADIO QS26|VOTER MODULE|Control Processor Module (CPM-3)|Button radio broken|WS20
RADIO QS26|VOTER MODULE|Control Processor Module (CPM-3)|Battery issue|WS20
RADIO QS26|VOTER MODULE|Control Processor Module (CPM-3)|Charger port problem|WS20
RADIO QS26|VOTER MODULE|Control Processor Module (CPM-3)|Connection Intermittent|WS20
RADIO QS26|VOTER MODULE|Control Processor Module (CPM-3)|No power|WS20
RADIO QS26|VOTER MODULE|Control Processor Module (CPM-3)|Cable loose|WS20
RADIO QS26|VOTER MODULE|Control Processor Module (CPM-3)|No voice|WS20
RADIO QS26|VOTER MODULE|Control Processor Module (CPM-3)|System mulfunction|WS20
RADIO QS26|VOTER MODULE|Control Processor Module (CPM-3)|No connection|WS20
RADIO QS26|VOTER MODULE|Control Processor Module (CPM-3)|Voice intermittent|WS20
RADIO QS27|VOTER MODULE|Signal Voter Module (SVM 2)|System intermittent|WS20
RADIO QS27|VOTER MODULE|Signal Voter Module (SVM 2)|Charger broken|WS20
RADIO QS27|VOTER MODULE|Signal Voter Module (SVM 2)|Button radio broken|WS20
RADIO QS27|VOTER MODULE|Signal Voter Module (SVM 2)|Battery issue|WS20
RADIO QS27|VOTER MODULE|Signal Voter Module (SVM 2)|Charger port problem|WS20
RADIO QS27|VOTER MODULE|Signal Voter Module (SVM 2)|Connection Intermittent|WS20
RADIO QS27|VOTER MODULE|Signal Voter Module (SVM 2)|No power|WS20
RADIO QS27|VOTER MODULE|Signal Voter Module (SVM 2)|Cable loose|WS20
RADIO QS27|VOTER MODULE|Signal Voter Module (SVM 2)|No voice|WS20
RADIO QS27|VOTER MODULE|Signal Voter Module (SVM 2)|System mulfunction|WS20
RADIO QS27|VOTER MODULE|Signal Voter Module (SVM 2)|No connection|WS20
RADIO QS27|VOTER MODULE|Signal Voter Module (SVM 2)|Voice intermittent|WS20
RADIO QS28|VOTER MODULE|Audio Signal Processor (ASP card)|System intermittent|WS20
RADIO QS28|VOTER MODULE|Audio Signal Processor (ASP card)|Charger broken|WS20
RADIO QS28|VOTER MODULE|Audio Signal Processor (ASP card)|Button radio broken|WS20
RADIO QS28|VOTER MODULE|Audio Signal Processor (ASP card)|Battery issue|WS20
RADIO QS28|VOTER MODULE|Audio Signal Processor (ASP card)|Charger port problem|WS20
RADIO QS28|VOTER MODULE|Audio Signal Processor (ASP card)|Connection Intermittent|WS20
RADIO QS28|VOTER MODULE|Audio Signal Processor (ASP card)|No power|WS20
RADIO QS28|VOTER MODULE|Audio Signal Processor (ASP card)|Cable loose|WS20
RADIO QS28|VOTER MODULE|Audio Signal Processor (ASP card)|No voice|WS20
RADIO QS28|VOTER MODULE|Audio Signal Processor (ASP card)|System mulfunction|WS20
RADIO QS28|VOTER MODULE|Audio Signal Processor (ASP card)|No connection|WS20
RADIO QS28|VOTER MODULE|Audio Signal Processor (ASP card)|Voice intermittent|WS20
RADIO QS29|VOTER MODULE|Krone Block|System intermittent|WS20
RADIO QS29|VOTER MODULE|Krone Block|Charger broken|WS20
RADIO QS29|VOTER MODULE|Krone Block|Button radio broken|WS20
RADIO QS29|VOTER MODULE|Krone Block|Battery issue|WS20
RADIO QS29|VOTER MODULE|Krone Block|Charger port problem|WS20
RADIO QS29|VOTER MODULE|Krone Block|Connection Intermittent|WS20
RADIO QS29|VOTER MODULE|Krone Block|No power|WS20
RADIO QS29|VOTER MODULE|Krone Block|Cable loose|WS20
RADIO QS29|VOTER MODULE|Krone Block|No voice|WS20
RADIO QS29|VOTER MODULE|Krone Block|System mulfunction|WS20
RADIO QS29|VOTER MODULE|Krone Block|No connection|WS20
RADIO QS29|VOTER MODULE|Krone Block|Voice intermittent|WS20
RADIO QS30|VOTER MODULE|Backplane board|System intermittent|WS20
RADIO QS30|VOTER MODULE|Backplane board|Charger broken|WS20
RADIO QS30|VOTER MODULE|Backplane board|Button radio broken|WS20
RADIO QS30|VOTER MODULE|Backplane board|Battery issue|WS20
RADIO QS30|VOTER MODULE|Backplane board|Charger port problem|WS20
RADIO QS30|VOTER MODULE|Backplane board|Connection Intermittent|WS20
RADIO QS30|VOTER MODULE|Backplane board|No power|WS20
RADIO QS30|VOTER MODULE|Backplane board|Cable loose|WS20
RADIO QS30|VOTER MODULE|Backplane board|No voice|WS20
RADIO QS30|VOTER MODULE|Backplane board|System mulfunction|WS20
RADIO QS30|VOTER MODULE|Backplane board|No connection|WS20
RADIO QS30|VOTER MODULE|Backplane board|Voice intermittent|WS20
RADIO QS31|VOTER MODULE|Backplane board|System intermittent|WS20
RADIO QS31|VOTER MODULE|Backplane board|Charger broken|WS20
RADIO QS31|VOTER MODULE|Backplane board|Button radio broken|WS20
RADIO QS31|VOTER MODULE|Backplane board|Battery issue|WS20
RADIO QS31|VOTER MODULE|Backplane board|Charger port problem|WS20
RADIO QS31|VOTER MODULE|Backplane board|Connection Intermittent|WS20
RADIO QS31|VOTER MODULE|Backplane board|No power|WS20
RADIO QS31|VOTER MODULE|Backplane board|Cable loose|WS20
RADIO QS31|VOTER MODULE|Backplane board|No voice|WS20
RADIO QS31|VOTER MODULE|Backplane board|System mulfunction|WS20
RADIO QS31|VOTER MODULE|Backplane board|No connection|WS20
RADIO QS31|VOTER MODULE|Backplane board|Voice intermittent|WS20
RADIO QS32|VMU Console MODULE|RADIO BASE CONSOLE|System intermittent|WS20
RADIO QS32|VMU Console MODULE|RADIO BASE CONSOLE|Charger broken|WS20
RADIO QS32|VMU Console MODULE|RADIO BASE CONSOLE|Button radio broken|WS20
RADIO QS32|VMU Console MODULE|RADIO BASE CONSOLE|Battery issue|WS20
RADIO QS32|VMU Console MODULE|RADIO BASE CONSOLE|Charger port problem|WS20
RADIO QS32|VMU Console MODULE|RADIO BASE CONSOLE|Connection Intermittent|WS20
RADIO QS32|VMU Console MODULE|RADIO BASE CONSOLE|No power|WS20
RADIO QS32|VMU Console MODULE|RADIO BASE CONSOLE|Cable loose|WS20
RADIO QS32|VMU Console MODULE|RADIO BASE CONSOLE|No voice|WS20
RADIO QS32|VMU Console MODULE|RADIO BASE CONSOLE|System mulfunction|WS20
RADIO QS32|VMU Console MODULE|RADIO BASE CONSOLE|No connection|WS20
RADIO QS32|VMU Console MODULE|RADIO BASE CONSOLE|Voice intermittent|WS20
RADIO QS33|VMU Console MODULE|RADIO BASE CONSOLE|System intermittent|WS20
RADIO QS33|VMU Console MODULE|RADIO BASE CONSOLE|Charger broken|WS20
RADIO QS33|VMU Console MODULE|RADIO BASE CONSOLE|Button radio broken|WS20
RADIO QS33|VMU Console MODULE|RADIO BASE CONSOLE|Battery issue|WS20
RADIO QS33|VMU Console MODULE|RADIO BASE CONSOLE|Charger port problem|WS20
RADIO QS33|VMU Console MODULE|RADIO BASE CONSOLE|Connection Intermittent|WS20
RADIO QS33|VMU Console MODULE|RADIO BASE CONSOLE|No power|WS20
RADIO QS33|VMU Console MODULE|RADIO BASE CONSOLE|Cable loose|WS20
RADIO QS33|VMU Console MODULE|RADIO BASE CONSOLE|No voice|WS20
RADIO QS33|VMU Console MODULE|RADIO BASE CONSOLE|System mulfunction|WS20
RADIO QS33|VMU Console MODULE|RADIO BASE CONSOLE|No connection|WS20
RADIO QS33|VMU Console MODULE|RADIO BASE CONSOLE|Voice intermittent|WS20
RADIO QS34|ANTENNA|GPS Antenna|System intermittent|WS20
RADIO QS34|ANTENNA|GPS Antenna|Charger broken|WS20
RADIO QS34|ANTENNA|GPS Antenna|Button radio broken|WS20
RADIO QS34|ANTENNA|GPS Antenna|Battery issue|WS20
RADIO QS34|ANTENNA|GPS Antenna|Charger port problem|WS20
RADIO QS34|ANTENNA|GPS Antenna|Connection Intermittent|WS20
RADIO QS34|ANTENNA|GPS Antenna|No power|WS20
RADIO QS34|ANTENNA|GPS Antenna|Cable loose|WS20
RADIO QS34|ANTENNA|GPS Antenna|No voice|WS20
RADIO QS34|ANTENNA|GPS Antenna|System mulfunction|WS20
RADIO QS34|ANTENNA|GPS Antenna|No connection|WS20
RADIO QS34|ANTENNA|GPS Antenna|Voice intermittent|WS20
RADIO QS35|ANTENNA|Collinear Antenna|System intermittent|WS20
RADIO QS35|ANTENNA|Collinear Antenna|Charger broken|WS20
RADIO QS35|ANTENNA|Collinear Antenna|Button radio broken|WS20
RADIO QS35|ANTENNA|Collinear Antenna|Battery issue|WS20
RADIO QS35|ANTENNA|Collinear Antenna|Charger port problem|WS20
RADIO QS35|ANTENNA|Collinear Antenna|Connection Intermittent|WS20
RADIO QS35|ANTENNA|Collinear Antenna|No power|WS20
RADIO QS35|ANTENNA|Collinear Antenna|Cable loose|WS20
RADIO QS35|ANTENNA|Collinear Antenna|No voice|WS20
RADIO QS35|ANTENNA|Collinear Antenna|System mulfunction|WS20
RADIO QS35|ANTENNA|Collinear Antenna|No connection|WS20
RADIO QS35|ANTENNA|Collinear Antenna|Voice intermittent|WS20
RADIO QS36|ANTENNA|Meander Collinear Antenna|System intermittent|WS20
RADIO QS36|ANTENNA|Meander Collinear Antenna|Charger broken|WS20
RADIO QS36|ANTENNA|Meander Collinear Antenna|Button radio broken|WS20
RADIO QS36|ANTENNA|Meander Collinear Antenna|Battery issue|WS20
RADIO QS36|ANTENNA|Meander Collinear Antenna|Charger port problem|WS20
RADIO QS36|ANTENNA|Meander Collinear Antenna|Connection Intermittent|WS20
RADIO QS36|ANTENNA|Meander Collinear Antenna|No power|WS20
RADIO QS36|ANTENNA|Meander Collinear Antenna|Cable loose|WS20
RADIO QS36|ANTENNA|Meander Collinear Antenna|No voice|WS20
RADIO QS36|ANTENNA|Meander Collinear Antenna|System mulfunction|WS20
RADIO QS36|ANTENNA|Meander Collinear Antenna|No connection|WS20
RADIO QS36|ANTENNA|Meander Collinear Antenna|Voice intermittent|WS20
RADIO ELECTCOM|VMU Console MODULE|RADIO BASE CONSOLE|System intermittent|WS20
RADIO ELECTCOM|VMU Console MODULE|RADIO BASE CONSOLE|Charger broken|WS20
RADIO ELECTCOM|VMU Console MODULE|RADIO BASE CONSOLE|Button radio broken|WS20
RADIO ELECTCOM|VMU Console MODULE|RADIO BASE CONSOLE|Battery issue|WS20
RADIO ELECTCOM|VMU Console MODULE|RADIO BASE CONSOLE|Charger port problem|WS20
RADIO ELECTCOM|VMU Console MODULE|RADIO BASE CONSOLE|Connection Intermittent|WS20
RADIO ELECTCOM|VMU Console MODULE|RADIO BASE CONSOLE|No power|WS20
RADIO ELECTCOM|VMU Console MODULE|RADIO BASE CONSOLE|Cable loose|WS20
RADIO ELECTCOM|VMU Console MODULE|RADIO BASE CONSOLE|No voice|WS20
RADIO ELECTCOM|VMU Console MODULE|RADIO BASE CONSOLE|System mulfunction|WS20
RADIO ELECTCOM|VMU Console MODULE|RADIO BASE CONSOLE|No connection|WS20
RADIO ELECTCOM|VMU Console MODULE|RADIO BASE CONSOLE|Voice intermittent|WS20
RADIO ELECTCOM|VMU Console MODULE|RADIO BASE CONSOLE|System intermittent|WS20
RADIO ELECTCOM|VMU Console MODULE|RADIO BASE CONSOLE|Charger broken|WS20
RADIO ELECTCOM|VMU Console MODULE|RADIO BASE CONSOLE|Button radio broken|WS20
RADIO ELECTCOM|VMU Console MODULE|RADIO BASE CONSOLE|Battery issue|WS20
RADIO ELECTCOM|VMU Console MODULE|RADIO BASE CONSOLE|Charger port problem|WS20
RADIO ELECTCOM|VMU Console MODULE|RADIO BASE CONSOLE|Connection Intermittent|WS20
RADIO ELECTCOM|VMU Console MODULE|RADIO BASE CONSOLE|No power|WS20
RADIO ELECTCOM|VMU Console MODULE|RADIO BASE CONSOLE|Cable loose|WS20
RADIO ELECTCOM|VMU Console MODULE|RADIO BASE CONSOLE|No voice|WS20
RADIO ELECTCOM|VMU Console MODULE|RADIO BASE CONSOLE|System mulfunction|WS20
RADIO ELECTCOM|VMU Console MODULE|RADIO BASE CONSOLE|No connection|WS20
RADIO ELECTCOM|VMU Console MODULE|RADIO BASE CONSOLE|Voice intermittent|WS20
RADIO ELECTCOM|VMU Console MODULE|POWER SUPLY MODULE|System intermittent|WS20
RADIO ELECTCOM|VMU Console MODULE|POWER SUPLY MODULE|Charger broken|WS20
RADIO ELECTCOM|VMU Console MODULE|POWER SUPLY MODULE|Button radio broken|WS20
RADIO ELECTCOM|VMU Console MODULE|POWER SUPLY MODULE|Battery issue|WS20
RADIO ELECTCOM|VMU Console MODULE|POWER SUPLY MODULE|Charger port problem|WS20
RADIO ELECTCOM|VMU Console MODULE|POWER SUPLY MODULE|Connection Intermittent|WS20
RADIO ELECTCOM|VMU Console MODULE|POWER SUPLY MODULE|No power|WS20
RADIO ELECTCOM|VMU Console MODULE|POWER SUPLY MODULE|Cable loose|WS20
RADIO ELECTCOM|VMU Console MODULE|POWER SUPLY MODULE|No voice|WS20
RADIO ELECTCOM|VMU Console MODULE|POWER SUPLY MODULE|System mulfunction|WS20
RADIO ELECTCOM|VMU Console MODULE|POWER SUPLY MODULE|No connection|WS20
RADIO ELECTCOM|VMU Console MODULE|POWER SUPLY MODULE|Voice intermittent|WS20
RADIO ELECTCOM|VMU Console MODULE|POWER SUPLY MODULE|System intermittent|WS20
RADIO ELECTCOM|VMU Console MODULE|POWER SUPLY MODULE|Charger broken|WS20
RADIO ELECTCOM|VMU Console MODULE|POWER SUPLY MODULE|Button radio broken|WS20
RADIO ELECTCOM|VMU Console MODULE|POWER SUPLY MODULE|Battery issue|WS20
RADIO ELECTCOM|VMU Console MODULE|POWER SUPLY MODULE|Charger port problem|WS20
RADIO ELECTCOM|VMU Console MODULE|POWER SUPLY MODULE|Connection Intermittent|WS20
RADIO ELECTCOM|VMU Console MODULE|POWER SUPLY MODULE|No power|WS20
RADIO ELECTCOM|VMU Console MODULE|POWER SUPLY MODULE|Cable loose|WS20
RADIO ELECTCOM|VMU Console MODULE|POWER SUPLY MODULE|No voice|WS20
RADIO ELECTCOM|VMU Console MODULE|POWER SUPLY MODULE|System mulfunction|WS20
RADIO ELECTCOM|VMU Console MODULE|POWER SUPLY MODULE|No connection|WS20
RADIO ELECTCOM|VMU Console MODULE|POWER SUPLY MODULE|Voice intermittent|WS20
RADIO QS2|RADIO BASE STATION (RBS) MODULE (TB8100)|RADIO BASE|System intermittent|WS20
RADIO QS2|RADIO BASE STATION (RBS) MODULE (TB8100)|RADIO BASE|Charger broken|WS20
RADIO QS2|RADIO BASE STATION (RBS) MODULE (TB8100)|RADIO BASE|Button radio broken|WS20
RADIO QS2|RADIO BASE STATION (RBS) MODULE (TB8100)|RADIO BASE|Battery issue|WS20
RADIO QS2|RADIO BASE STATION (RBS) MODULE (TB8100)|RADIO BASE|Charger port problem|WS20
RADIO QS2|RADIO BASE STATION (RBS) MODULE (TB8100)|RADIO BASE|Connection Intermittent|WS20
RADIO QS2|RADIO BASE STATION (RBS) MODULE (TB8100)|RADIO BASE|No power|WS20
RADIO QS2|RADIO BASE STATION (RBS) MODULE (TB8100)|RADIO BASE|Cable loose|WS20
RADIO QS2|RADIO BASE STATION (RBS) MODULE (TB8100)|RADIO BASE|No voice|WS20
RADIO QS2|RADIO BASE STATION (RBS) MODULE (TB8100)|RADIO BASE|System mulfunction|WS20
RADIO QS2|RADIO BASE STATION (RBS) MODULE (TB8100)|RADIO BASE|No connection|WS20
RADIO QS2|RADIO BASE STATION (RBS) MODULE (TB8100)|RADIO BASE|Voice intermittent|WS20
RADIO QS2|RADIO BASE STATION (RBS) MODULE (TB8100)|RADIO BASE|System intermittent|WS20
RADIO QS2|RADIO BASE STATION (RBS) MODULE (TB8100)|RADIO BASE|Charger broken|WS20
RADIO QS2|RADIO BASE STATION (RBS) MODULE (TB8100)|RADIO BASE|Button radio broken|WS20
RADIO QS2|RADIO BASE STATION (RBS) MODULE (TB8100)|RADIO BASE|Battery issue|WS20
RADIO QS2|RADIO BASE STATION (RBS) MODULE (TB8100)|RADIO BASE|Charger port problem|WS20
RADIO QS2|RADIO BASE STATION (RBS) MODULE (TB8100)|RADIO BASE|Connection Intermittent|WS20
RADIO QS2|RADIO BASE STATION (RBS) MODULE (TB8100)|RADIO BASE|No power|WS20
RADIO QS2|RADIO BASE STATION (RBS) MODULE (TB8100)|RADIO BASE|Cable loose|WS20
RADIO QS2|RADIO BASE STATION (RBS) MODULE (TB8100)|RADIO BASE|No voice|WS20
RADIO QS2|RADIO BASE STATION (RBS) MODULE (TB8100)|RADIO BASE|System mulfunction|WS20
RADIO QS2|RADIO BASE STATION (RBS) MODULE (TB8100)|RADIO BASE|No connection|WS20
RADIO QS2|RADIO BASE STATION (RBS) MODULE (TB8100)|RADIO BASE|Voice intermittent|WS20
RADIO QS2|RADIO BASE STATION (RBS) MODULE (TB8100)|RADIO BASE|System intermittent|WS20
RADIO QS2|RADIO BASE STATION (RBS) MODULE (TB8100)|RADIO BASE|Charger broken|WS20
RADIO QS2|RADIO BASE STATION (RBS) MODULE (TB8100)|RADIO BASE|Button radio broken|WS20
RADIO QS2|RADIO BASE STATION (RBS) MODULE (TB8100)|RADIO BASE|Battery issue|WS20
RADIO QS2|RADIO BASE STATION (RBS) MODULE (TB8100)|RADIO BASE|Charger port problem|WS20
RADIO QS2|RADIO BASE STATION (RBS) MODULE (TB8100)|RADIO BASE|Connection Intermittent|WS20
RADIO QS2|RADIO BASE STATION (RBS) MODULE (TB8100)|RADIO BASE|No power|WS20
RADIO QS2|RADIO BASE STATION (RBS) MODULE (TB8100)|RADIO BASE|Cable loose|WS20
RADIO QS2|RADIO BASE STATION (RBS) MODULE (TB8100)|RADIO BASE|No voice|WS20
RADIO QS2|RADIO BASE STATION (RBS) MODULE (TB8100)|RADIO BASE|System mulfunction|WS20
RADIO QS2|RADIO BASE STATION (RBS) MODULE (TB8100)|RADIO BASE|No connection|WS20
RADIO QS2|RADIO BASE STATION (RBS) MODULE (TB8100)|RADIO BASE|Voice intermittent|WS20
RADIO QS2|GPS FREQUENCY REFERENCE MODULE (T801-41)|GPS|System intermittent|WS20
RADIO QS2|GPS FREQUENCY REFERENCE MODULE (T801-41)|GPS|Charger broken|WS20
RADIO QS2|GPS FREQUENCY REFERENCE MODULE (T801-41)|GPS|Button radio broken|WS20
RADIO QS2|GPS FREQUENCY REFERENCE MODULE (T801-41)|GPS|Battery issue|WS20
RADIO QS2|GPS FREQUENCY REFERENCE MODULE (T801-41)|GPS|Charger port problem|WS20
RADIO QS2|GPS FREQUENCY REFERENCE MODULE (T801-41)|GPS|Connection Intermittent|WS20
RADIO QS2|GPS FREQUENCY REFERENCE MODULE (T801-41)|GPS|No power|WS20
RADIO QS2|GPS FREQUENCY REFERENCE MODULE (T801-41)|GPS|Cable loose|WS20
RADIO QS2|GPS FREQUENCY REFERENCE MODULE (T801-41)|GPS|No voice|WS20
RADIO QS2|GPS FREQUENCY REFERENCE MODULE (T801-41)|GPS|System mulfunction|WS20
RADIO QS2|GPS FREQUENCY REFERENCE MODULE (T801-41)|GPS|No connection|WS20
RADIO QS2|GPS FREQUENCY REFERENCE MODULE (T801-41)|GPS|Voice intermittent|WS20
VIDEO WALL|DISPLAY VIEW MONITORING|PROJECTOR (OCC)|Videowall hang|WS20
VIDEO WALL|DISPLAY VIEW MONITORING|PROJECTOR (OCC)|Burnt bulb|WS20
VIDEO WALL|DISPLAY VIEW MONITORING|PROJECTOR (OCC)|View blank|WS20
VIDEO WALL|DISPLAY VIEW MONITORING|PROJECTOR (OCC)|Connector cable loose|WS20
VIDEO WALL|DISPLAY VIEW MONITORING|PROJECTOR (OCC)|No power|WS20
VIDEO WALL|DISPLAY VIEW MONITORING|PROJECTOR (OCC)|View blur|WS20
VIDEO WALL|DISPLAY VIEW MONITORING|PROJECTOR (OCC)|Extender mulfunction|WS20
VIDEO WALL|DISPLAY VIEW MONITORING|PROJECTOR (OCC)|MATRIX problem|WS20
VIDEO WALL|DISPLAY VIEW MONITORING|TV MONITOR DCC|Videowall hang|WS20
VIDEO WALL|DISPLAY VIEW MONITORING|TV MONITOR DCC|Burnt bulb|WS20
VIDEO WALL|DISPLAY VIEW MONITORING|TV MONITOR DCC|View blank|WS20
VIDEO WALL|DISPLAY VIEW MONITORING|TV MONITOR DCC|Connector cable loose|WS20
VIDEO WALL|DISPLAY VIEW MONITORING|TV MONITOR DCC|No power|WS20
VIDEO WALL|DISPLAY VIEW MONITORING|TV MONITOR DCC|View blur|WS20
VIDEO WALL|DISPLAY VIEW MONITORING|TV MONITOR DCC|Extender mulfunction|WS20
VIDEO WALL|DISPLAY VIEW MONITORING|TV MONITOR DCC|MATRIX problem|WS20
VIDEO WALL|DISPLAY VIEW MONITORING|Alten|Videowall hang|WS20
VIDEO WALL|DISPLAY VIEW MONITORING|Alten|Burnt bulb|WS20
VIDEO WALL|DISPLAY VIEW MONITORING|Alten|View blank|WS20
VIDEO WALL|DISPLAY VIEW MONITORING|Alten|Connector cable loose|WS20
VIDEO WALL|DISPLAY VIEW MONITORING|Alten|No power|WS20
VIDEO WALL|DISPLAY VIEW MONITORING|Alten|View blur|WS20
VIDEO WALL|DISPLAY VIEW MONITORING|Alten|Extender mulfunction|WS20
VIDEO WALL|DISPLAY VIEW MONITORING|Alten|MATRIX problem|WS20
Radio Base Channel|DISPLAY VIEW MONITORING|Alten|Power supply trip|WS20
Radio Base Channel|DISPLAY VIEW MONITORING|Alten|Faulty PSU|WS20
Radio Base Channel|DISPLAY VIEW MONITORING|Alten|Network switch failure|WS20
Radio Base Channel|DISPLAY VIEW MONITORING|Alten|IP conflict|WS20
Radio Base Channel|DISPLAY VIEW MONITORING|Alten|Fiber/SFP issue|WS20
Radio Base Channel|DISPLAY VIEW MONITORING|Alten|LAN cable degradation|WS20
Radio Base Channel|DISPLAY VIEW MONITORING|Alten|VLAN misconfiguration|WS20
Radio Base Channel|DISPLAY VIEW MONITORING|Alten|Amplifier failure|WS20
Radio Base Channel|DISPLAY VIEW MONITORING|Alten|Loose XLR/Audio cable|WS20
Radio Base Channel|DISPLAY VIEW MONITORING|Alten|Impedance mismatch|WS20
Desktop Mic|DISPLAY VIEW MONITORING|Alten|Power supply trip|WS20
Desktop Mic|DISPLAY VIEW MONITORING|Alten|Faulty PSU|WS20
Desktop Mic|DISPLAY VIEW MONITORING|Alten|Network switch failure|WS20
Desktop Mic|DISPLAY VIEW MONITORING|Alten|IP conflict|WS20
Desktop Mic|DISPLAY VIEW MONITORING|Alten|Fiber/SFP issue|WS20
Desktop Mic|DISPLAY VIEW MONITORING|Alten|LAN cable degradation|WS20
Desktop Mic|DISPLAY VIEW MONITORING|Alten|VLAN misconfiguration|WS20
Desktop Mic|DISPLAY VIEW MONITORING|Alten|Amplifier failure|WS20
Desktop Mic|DISPLAY VIEW MONITORING|Alten|Loose XLR/Audio cable|WS20
Desktop Mic|DISPLAY VIEW MONITORING|Alten|Impedance mismatch|WS20
Speaker|Amplified Speaker|Alten|Power supply trip|WS20
Speaker|Amplified Speaker|Alten|Faulty PSU|WS20
Speaker|Amplified Speaker|Alten|Network switch failure|WS20
Speaker|Amplified Speaker|Alten|IP conflict|WS20
Speaker|Amplified Speaker|Alten|Fiber/SFP issue|WS20
Speaker|Amplified Speaker|Alten|LAN cable degradation|WS20
Speaker|Amplified Speaker|Alten|VLAN misconfiguration|WS20
Speaker|Amplified Speaker|Alten|Amplifier failure|WS20
Speaker|Amplified Speaker|Alten|Loose XLR/Audio cable|WS20
Speaker|Amplified Speaker|Alten|Impedance mismatch|WS20
IPPA Paging Station|Gooseneck|Alten|Power supply trip|WS20
IPPA Paging Station|Gooseneck|Alten|Faulty PSU|WS20
IPPA Paging Station|Gooseneck|Alten|Network switch failure|WS20
IPPA Paging Station|Gooseneck|Alten|IP conflict|WS20
IPPA Paging Station|Gooseneck|Alten|Fiber/SFP issue|WS20
IPPA Paging Station|Gooseneck|Alten|LAN cable degradation|WS20
IPPA Paging Station|Gooseneck|Alten|VLAN misconfiguration|WS20
IPPA Paging Station|Gooseneck|Alten|Amplifier failure|WS20
IPPA Paging Station|Gooseneck|Alten|Loose XLR/Audio cable|WS20
IPPA Paging Station|Gooseneck|Alten|Impedance mismatch|WS20
PTT Amplifier Headset|Gooseneck|Alten|Power supply trip|WS20
PTT Amplifier Headset|Gooseneck|Alten|Faulty PSU|WS20
PTT Amplifier Headset|Gooseneck|Alten|Network switch failure|WS20
PTT Amplifier Headset|Gooseneck|Alten|IP conflict|WS20
PTT Amplifier Headset|Gooseneck|Alten|Fiber/SFP issue|WS20
PTT Amplifier Headset|Gooseneck|Alten|LAN cable degradation|WS20
PTT Amplifier Headset|Gooseneck|Alten|VLAN misconfiguration|WS20
PTT Amplifier Headset|Gooseneck|Alten|Amplifier failure|WS20
PTT Amplifier Headset|Gooseneck|Alten|Loose XLR/Audio cable|WS20
PTT Amplifier Headset|Gooseneck|Alten|Impedance mismatch|WS20
Acom Media Dock XS|Gooseneck|Alten|Power supply trip|WS20
Acom Media Dock XS|Gooseneck|Alten|Faulty PSU|WS20
Acom Media Dock XS|Gooseneck|Alten|Network switch failure|WS20
Acom Media Dock XS|Gooseneck|Alten|IP conflict|WS20
Acom Media Dock XS|Gooseneck|Alten|Fiber/SFP issue|WS20
Acom Media Dock XS|Gooseneck|Alten|LAN cable degradation|WS20
Acom Media Dock XS|Gooseneck|Alten|VLAN misconfiguration|WS20
Acom Media Dock XS|Gooseneck|Alten|Amplifier failure|WS20
Acom Media Dock XS|Gooseneck|Alten|Loose XLR/Audio cable|WS20
Acom Media Dock XS|Gooseneck|Alten|Impedance mismatch|WS20
Headset Jackbox, No Volume Control|Gooseneck|Alten|Power supply trip|WS20
Headset Jackbox, No Volume Control|Gooseneck|Alten|Faulty PSU|WS20
Headset Jackbox, No Volume Control|Gooseneck|Alten|Network switch failure|WS20
Headset Jackbox, No Volume Control|Gooseneck|Alten|IP conflict|WS20
Headset Jackbox, No Volume Control|Gooseneck|Alten|Fiber/SFP issue|WS20
Headset Jackbox, No Volume Control|Gooseneck|Alten|LAN cable degradation|WS20
Headset Jackbox, No Volume Control|Gooseneck|Alten|VLAN misconfiguration|WS20
Headset Jackbox, No Volume Control|Gooseneck|Alten|Amplifier failure|WS20
Headset Jackbox, No Volume Control|Gooseneck|Alten|Loose XLR/Audio cable|WS20
Headset Jackbox, No Volume Control|Gooseneck|Alten|Impedance mismatch|WS20
Netlog|Gooseneck|Alten|Power supply trip|WS20
Netlog|Gooseneck|Alten|Faulty PSU|WS20
Netlog|Gooseneck|Alten|Network switch failure|WS20
Netlog|Gooseneck|Alten|IP conflict|WS20
Netlog|Gooseneck|Alten|Fiber/SFP issue|WS20
Netlog|Gooseneck|Alten|LAN cable degradation|WS20
Netlog|Gooseneck|Alten|VLAN misconfiguration|WS20
Netlog|Gooseneck|Alten|Amplifier failure|WS20
Netlog|Gooseneck|Alten|Loose XLR/Audio cable|WS20
Netlog|Gooseneck|Alten|Impedance mismatch|WS20
Radio Gateway|Portable radio Motorola|Alten|Power supply trip|WS20
Radio Gateway|Portable radio Motorola|Alten|Faulty PSU|WS20
Radio Gateway|Portable radio Motorola|Alten|Network switch failure|WS20
Radio Gateway|Portable radio Motorola|Alten|IP conflict|WS20
Radio Gateway|Portable radio Motorola|Alten|Fiber/SFP issue|WS20
Radio Gateway|Portable radio Motorola|Alten|LAN cable degradation|WS20
Radio Gateway|Portable radio Motorola|Alten|VLAN misconfiguration|WS20
Radio Gateway|Portable radio Motorola|Alten|Amplifier failure|WS20
Radio Gateway|Portable radio Motorola|Alten|Loose XLR/Audio cable|WS20
Radio Gateway|Portable radio Motorola|Alten|Impedance mismatch|WS20
Storage SCADA|Portable radio Motorola|Alten|Power supply trip|WS20
Storage SCADA|Portable radio Motorola|Alten|Faulty PSU|WS20
Storage SCADA|Portable radio Motorola|Alten|Network switch failure|WS20
Storage SCADA|Portable radio Motorola|Alten|IP conflict|WS20
Storage SCADA|Portable radio Motorola|Alten|Fiber/SFP issue|WS20
Storage SCADA|Portable radio Motorola|Alten|LAN cable degradation|WS20
Storage SCADA|Portable radio Motorola|Alten|VLAN misconfiguration|WS20
Storage SCADA|Portable radio Motorola|Alten|Amplifier failure|WS20
Storage SCADA|Portable radio Motorola|Alten|Loose XLR/Audio cable|WS20
Storage SCADA|Portable radio Motorola|Alten|Impedance mismatch|WS20
CPU|Portable radio Motorola|Alten|Power supply trip|WS20
CPU|Portable radio Motorola|Alten|Faulty PSU|WS20
CPU|Portable radio Motorola|Alten|Network switch failure|WS20
CPU|Portable radio Motorola|Alten|IP conflict|WS20
CPU|Portable radio Motorola|Alten|Fiber/SFP issue|WS20
CPU|Portable radio Motorola|Alten|LAN cable degradation|WS20
CPU|Portable radio Motorola|Alten|VLAN misconfiguration|WS20
CPU|Portable radio Motorola|Alten|Amplifier failure|WS20
CPU|Portable radio Motorola|Alten|Loose XLR/Audio cable|WS20
CPU|Portable radio Motorola|Alten|Impedance mismatch|WS20
CPU|Portable radio Motorola|Alten|Power supply trip|WS20
CPU|Portable radio Motorola|Alten|Faulty PSU|WS20
CPU|Portable radio Motorola|Alten|Network switch failure|WS20
CPU|Portable radio Motorola|Alten|IP conflict|WS20
CPU|Portable radio Motorola|Alten|Fiber/SFP issue|WS20
CPU|Portable radio Motorola|Alten|LAN cable degradation|WS20
CPU|Portable radio Motorola|Alten|VLAN misconfiguration|WS20
CPU|Portable radio Motorola|Alten|Amplifier failure|WS20
CPU|Portable radio Motorola|Alten|Loose XLR/Audio cable|WS20
CPU|Portable radio Motorola|Alten|Impedance mismatch|WS20
KVM Network Switch (Transmitter)|Portable radio Motorola|Alten|Power supply trip|WS20
KVM Network Switch (Transmitter)|Portable radio Motorola|Alten|Faulty PSU|WS20
KVM Network Switch (Transmitter)|Portable radio Motorola|Alten|Network switch failure|WS20
KVM Network Switch (Transmitter)|Portable radio Motorola|Alten|IP conflict|WS20
KVM Network Switch (Transmitter)|Portable radio Motorola|Alten|Fiber/SFP issue|WS20
KVM Network Switch (Transmitter)|Portable radio Motorola|Alten|LAN cable degradation|WS20
KVM Network Switch (Transmitter)|Portable radio Motorola|Alten|VLAN misconfiguration|WS20
KVM Network Switch (Transmitter)|Portable radio Motorola|Alten|Amplifier failure|WS20
KVM Network Switch (Transmitter)|Portable radio Motorola|Alten|Loose XLR/Audio cable|WS20
KVM Network Switch (Transmitter)|Portable radio Motorola|Alten|Impedance mismatch|WS20
Monitor KVM Switch|Portable radio Motorola|Alten|Power supply trip|WS20
Monitor KVM Switch|Portable radio Motorola|Alten|Faulty PSU|WS20
Monitor KVM Switch|Portable radio Motorola|Alten|Network switch failure|WS20
Monitor KVM Switch|Portable radio Motorola|Alten|IP conflict|WS20
Monitor KVM Switch|Portable radio Motorola|Alten|Fiber/SFP issue|WS20
Monitor KVM Switch|Portable radio Motorola|Alten|LAN cable degradation|WS20
Monitor KVM Switch|Portable radio Motorola|Alten|VLAN misconfiguration|WS20
Monitor KVM Switch|Portable radio Motorola|Alten|Amplifier failure|WS20
Monitor KVM Switch|Portable radio Motorola|Alten|Loose XLR/Audio cable|WS20
Monitor KVM Switch|Portable radio Motorola|Alten|Impedance mismatch|WS20
KVM Converter Receiver|Portable radio Motorola|Alten|Power supply trip|WS20
KVM Converter Receiver|Portable radio Motorola|Alten|Faulty PSU|WS20
KVM Converter Receiver|Portable radio Motorola|Alten|Network switch failure|WS20
KVM Converter Receiver|Portable radio Motorola|Alten|IP conflict|WS20
KVM Converter Receiver|Portable radio Motorola|Alten|Fiber/SFP issue|WS20
KVM Converter Receiver|Portable radio Motorola|Alten|LAN cable degradation|WS20
KVM Converter Receiver|Portable radio Motorola|Alten|VLAN misconfiguration|WS20
KVM Converter Receiver|Portable radio Motorola|Alten|Amplifier failure|WS20
KVM Converter Receiver|Portable radio Motorola|Alten|Loose XLR/Audio cable|WS20
KVM Converter Receiver|Portable radio Motorola|Alten|Impedance mismatch|WS20
|Auxiliary Power System (APS)||Reslot connector CN2DN|RSDM
|Auxiliary Power System (APS)||Device Net Connector problem|RSDM
|Auxiliary Power System (APS)||Cable loose|RSDM
|Auxiliary Power System (APS)||UOF|RSDM
|Auxiliary Power System (APS)||Reslot anybus|RSDM
|Auxiliary Power System (APS)||DNET Communication Loss|RSDM
|Auxiliary Power System (APS)||Retight Dnet card|RSDM
|Auxiliary Power System (APS)||Battery Charger faulty|RSDM
|Auxiliary Power System (APS)||APS faulty|RSDM
|Auxiliary Power System (APS)||Contronet Node faulty|RSDM
|Auxiliary Power System (APS)||Breaker trip|RSDM
|Auxiliary Power System (APS)||Dnet Module faulty|RSDM
|Car Body (BOD)||Mechanical Lock Nut damage|RSDM
|Car Body (BOD)||Apron Door Lock problem|RSDM
|Car Body (BOD)||Window glass is out of the frame position|RSDM
|Car Body (BOD)||Connector problem|RSDM
|Car Body (BOD)||UOF|RSDM
|Car Body (BOD)||Magnet Sensor faulty|RSDM
|Car Body (BOD)||Sensor Apron Door fail|RSDM
|Car Body (BOD)||Stinger door open|RSDM
|Car Body (BOD)||Magnet sensor missalign|RSDM
|Car Body (BOD)||limit switch fail|RSDM
|Car Body (BOD)||Others|RSDM
|Car Body (BOD)||T-handle damage|RSDM
|Bogie System (BOG)||Guide Wheel-Bearing Jammed|RSDM
|Bogie System (BOG)||TPMS Sensor Faulty|RSDM
|Bogie System (BOG)||UOF|RSDM
|Bogie System (BOG)||TPMS Loss Comms|RSDM
|Bogie System (BOG)||Bogie Parts Damage|RSDM
|Bogie System (BOG)||RTD Faulty|RSDM
|Bogie System (BOG)||Short cardan shaft broken|RSDM
|Bogie System (BOG)||Brake Actuator faulty|RSDM
|Bogie System (BOG)||Cam Roller faulty|RSDM
|Bogie System (BOG)||Guide Wheel-Leaking|RSDM
|Bogie System (BOG)||T-Valve leaking|RSDM
|Bogie System (BOG)||Wear Plate damage|RSDM
|Bogie System (BOG)||Levelling valve faulty|RSDM
|Bogie System (BOG)||RGB Faulty|RSDM
|Bogie System (BOG)||LW High Air Pressure|RSDM
|Bogie System (BOG)||Copper Pipe Damage|RSDM
|Bogie System (BOG)||Main Hub Faulty|RSDM
|Bogie System (BOG)||TPMS Any bus faulty|RSDM
|Bogie System (BOG)||Long Cardan Shaft faulty|RSDM
|Bogie System (BOG)||Rubber Puffer Wear|RSDM
|Cooling System (COS)||Low Coolant Flow|RSDM
|Cooling System (COS)||Cooling unit faulty|RSDM
|Cooling System (COS)||Flow switch faulty|RSDM
|Cooling System (COS)||Cooling Pump Fault|RSDM
|Cooling System (COS)||Cooling Fan Fault|RSDM
|Cooling System (COS)||air lock in|RSDM
|Cooling System (COS)||Low Speed Trip|RSDM
|Cooling System (COS)||UOF|RSDM
|Cooling System (COS)||High Speed Trip|RSDM
|Couple and Drawbar System (CDS)||Hose leaking|RSDM
|Couple and Drawbar System (CDS)||Others|RSDM
|Couple and Drawbar System (CDS)||head damage|RSDM
|Couple and Drawbar System (CDS)||shaft damage|RSDM
|Drivers Console (DRC)||Wiper faulty|RSDM
|Drivers Console (DRC)||Wiper Blade amage|RSDM
|Drivers Console (DRC)||UOF|RSDM
|Drivers Console (DRC)||Relay faulty|RSDM
|Drivers Console (DRC)||Wiper Motor failure|RSDM
|Drivers Console (DRC)||Master Controller failure|RSDM
|Drivers Console (DRC)||DeadMan Relay faulty|RSDM
|Drivers Console (DRC)||Deadman Relay Wire lose|RSDM
|Drivers Console (DRC)||Door Push Button failure|RSDM
|Drivers Console (DRC)||Magnet Sensor faulty|RSDM
|Drivers Console (DRC)||Magnetic Door out position|RSDM
|Drivers Console (DRC)||Key lock switch damage|RSDM
|Drivers Console (DRC)||Drivers Cab Screw loose|RSDM
|Earthing System (EAR)||Shoe Worn out|RSDM
|Earthing System (EAR)||Others|RSDM
|Earthing System (EAR)||Safety cable cutoff|RSDM
|Earthing System (EAR)||arm plate bended|RSDM
|Heating, Ventilation and Air Conditioning (HVAC)||Assemly Leaking|RSDM
|Heating, Ventilation and Air Conditioning (HVAC)||Braker trip|RSDM
|Heating, Ventilation and Air Conditioning (HVAC)||A/C Gas low|RSDM
|Heating, Ventilation and Air Conditioning (HVAC)||UOF|RSDM
|Heating, Ventilation and Air Conditioning (HVAC)||A/C Gas high|RSDM
|Heating, Ventilation and Air Conditioning (HVAC)||Supply fan faulty|RSDM
|Heating, Ventilation and Air Conditioning (HVAC)||Temperature Sensor Faulty|RSDM
|Heating, Ventilation and Air Conditioning (HVAC)||VMS - HVAC DNET Communication Lost|RSDM
|Heating, Ventilation and Air Conditioning (HVAC)||HVAC Damper Fault|RSDM
|Intercar General Assembly (ICR)||Gangway Leaking|RSDM
|Intercar General Assembly (ICR)||Others|RSDM
|Intercar General Assembly (ICR)||Gangway damage|RSDM
|Interior (TRM)||Glass Broken|RSDM
|Interior (TRM)||Others|RSDM
|Interior (TRM)||Hand grip broken|RSDM
|Interior (TRM)||Stanchion Broken|RSDM
|Interior (TRM)||Passenger Seat Broken|RSDM
|Low Voltage System (LVS)||Smoke detector faulty|RSDM
|Low Voltage System (LVS)||Power Supply fail|RSDM
|Low Voltage System (LVS)||Fuse blown|RSDM
|Low Voltage System (LVS)||Diode blown|RSDM
|Low Voltage System (LVS)||Ballast faulty|RSDM
|Low Voltage System (LVS)||Passengers Saloon Light faulty|RSDM
|Low Voltage System (LVS)||UOF|RSDM
|Low Voltage System (LVS)||Relay faulty|RSDM
|Low Voltage System (LVS)||110 VDC ground fault|RSDM
|Low Voltage System (LVS)||24 VDC ground fault|RSDM
|Low Voltage System (LVS)||Phase Sequence Relay faulty|RSDM
|Low Voltage System (LVS)||Cable loose|RSDM
|Low Voltage System (LVS)||Deadman relay faulty|RSDM
|Passenger Door System (DRS)||UOF|RSDM
|Passenger Door System (DRS)||Motor Encoder Faulty|RSDM
|Passenger Door System (DRS)||Door Railing Fail|RSDM
|Passenger Door System (DRS)||Door Obstruct (External)|RSDM
|Passenger Door System (DRS)||Teflon wear|RSDM
|Passenger Door System (DRS)||DCU faulty|RSDM
|Passenger Door System (DRS)||Belting Damage|RSDM
|Passenger Door System (DRS)||Spindle Shaft rough/stuck|RSDM
|Passenger Door System (DRS)||Door Obstruct (Internal)|RSDM
|Passenger Door System (DRS)||Door Driving Arm Loose|RSDM
|Passenger Door System (DRS)||Door limit switch stoper out position|RSDM
|Passenger Door System (DRS)||Limit switch out of position|RSDM
|Passenger Door System (DRS)||Fuse Blown|RSDM
|Passenger Door System (DRS)||Right Limit Switch Realign|RSDM
|Passenger Door System (DRS)||Lock Switch Not Activated|RSDM
|Passenger Door System (DRS)||Solenoid Faulty|RSDM
|Passenger Door System (DRS)||Cable loose|RSDM
|Passenger Door System (DRS)||Roller faulty|RSDM
|Passenger Door System (DRS)||Door Locking Pin fail|RSDM
|Passenger Door System (DRS)||Lock pin out position|RSDM
|Passenger Door System (DRS)||Bearing faulty|RSDM
|Passenger Door System (DRS)||Door Drive Assembly Crack|RSDM
|Passenger Door System (DRS)||Door Isolation plate bend|RSDM
|Passenger Door System (DRS)||Door motor enconder faulty|RSDM
|Pneumatic and Brake System (BRS)||BCU faulty|RSDM
|Pneumatic and Brake System (BRS)||Connecter faulty|RSDM
|Pneumatic and Brake System (BRS)||Double check valve broken|RSDM
|Pneumatic and Brake System (BRS)||UOF|RSDM
|Pneumatic and Brake System (BRS)||Hose leaking|RSDM
|Pneumatic and Brake System (BRS)||CMR relay fault|RSDM
|Pneumatic and Brake System (BRS)||Air Compressor faulty|RSDM
|Pneumatic and Brake System (BRS)||Levelling valve faulty|RSDM
|Pneumatic and Brake System (BRS)||Cable Loosen|RSDM
|Pneumatic and Brake System (BRS)||Park Brake Pressure faulty|RSDM
|Pneumatic and Brake System (BRS)||Breaker trip|RSDM
|Pneumatic and Brake System (BRS)||Pressure Switch fail|RSDM
|Pneumatic and Brake System (BRS)||Wire loosen|RSDM
|Pneumatic and Brake System (BRS)||Soft Starter faulty|RSDM
|Pneumatic and Brake System (BRS)||Pipe faulty|RSDM
|Pneumatic and Brake System (BRS)||Park Brake Pressure Switch fail|RSDM
|Pneumatic and Brake System (BRS)||Levelling valve faulty|RSDM
|Pneumatic and Brake System (BRS)||BCU gateway faulty|RSDM
|Pneumatic and Brake System (BRS)||RIO gateway faulty|RSDM
|Pneumatic and Brake System (BRS)||Emergency brake fail|RSDM
|Pneumatic and Brake System (BRS)||Reslot all connector|RSDM
|Pneumatic and Brake System (BRS)||Brakes not released|RSDM
|Pneumatic and Brake System (BRS)||BCU Speed Sensor faulty|RSDM
|Pneumatic and Brake System (BRS)||flexible hose faulty|RSDM
|Pneumatic and Brake System (BRS)||Valve faulty|RSDM
|Pneumatic and Brake System (BRS)||Governor faulty|RSDM
|Pneumatic and Brake System (BRS)||Brake accuator hose faulty|RSDM
|Pneumatic and Brake System (BRS)||EMBR motor faulty|RSDM
|Pneumatic and Brake System (BRS)||BCU RS485 Communication Lost|RSDM
|Pneumatic and Brake System (BRS)||BCU Translator faulty|RSDM
|Primary Power System (PPS)||Surge Arrester Fuse Blown|RSDM
|Primary Power System (PPS)||current collector shoe worn|RSDM
|Primary Power System (PPS)||Intercar fuse blown|RSDM
|Primary Power System (PPS)||current collector shoe worn|RSDM
|Primary Power System (PPS)||750Vdc Main Contactor Defective|RSDM
|Primary Power System (PPS)||UOF|RSDM
|Primary Power System (PPS)||Others|RSDM
|Primary Power System (PPS)||Limit Swicth faulty|RSDM
|Primary Power System (PPS)||Cabinet HV creck|RSDM
|Primary Power System (PPS)||Positive Current Collector Not OK|RSDM
|Primary Power System (PPS)||Negative Current Collector Not OK|RSDM
|Primary Power System (PPS)||Cable damage|RSDM
|Primary Power System (PPS)||Connector damage|RSDM
|Primary Power System (PPS)||Fuse blown|RSDM
|Primary Power System (PPS)||Cable loose|RSDM
|Propulsion System (PRS)||UOF|RSDM
|Propulsion System (PRS)||Cable Loose|RSDM
|Propulsion System (PRS)||GRU unit faulty|RSDM
|Propulsion System (PRS)||Card CTI faulty|RSDM
|Propulsion System (PRS)||Control Net Communication Error|RSDM
|Propulsion System (PRS)||SW Parameter incompatibality|RSDM
|Propulsion System (PRS)||Traction inverter faulty|RSDM
|Propulsion System (PRS)||Overtemp- Traction Motor|RSDM
|Propulsion System (PRS)||Encoder faulty|RSDM
|Propulsion System (PRS)||Cooling System Faulty- Breaker Trip|RSDM
|Propulsion System (PRS)||GRU Catcher Limit Switch Faulty|RSDM
|Propulsion System (PRS)||Power cable Faulty|RSDM
|Propulsion System (PRS)||GRU Catcher hook hinge problem|RSDM
|Propulsion System (PRS)||Overtemp- 2 traction Bypassed|RSDM
|Propulsion System (PRS)||Overtemp-RGB|RSDM
|Propulsion System (PRS)||Overtemp-GRU|RSDM
|Propulsion System (PRS)||Traction Motor Faulty|RSDM
|Rolling Stock Communication (RSC)||Connector Broken|RSDM
|Rolling Stock Communication (RSC)||Program Crash|RSDM
|Rolling Stock Communication (RSC)||PID Damage|RSDM
|Rolling Stock Communication (RSC)||UOF|RSDM
|Rolling Stock Communication (RSC)||MOXA Faulty|RSDM
|Rolling Stock Communication (RSC)||Screen Burn|RSDM
|Rolling Stock Communication (RSC)||Cable Loosen|RSDM
|Rolling Stock Communication (RSC)||HMI Faulty|RSDM
|Vehicle Management System (VMS)||UOF|RSDM
|Vehicle Management System (VMS)||Card Corrupted|RSDM
|Vehicle Management System (VMS)||PAC ChangeOver|RSDM
|Vehicle Management System (VMS)||BNC Cable Loosen|RSDM
|Vehicle Management System (VMS)||Processor program|RSDM
|Vehicle Management System (VMS)||PAC faulty|RSDM
|Vehicle Management System (VMS)||Adapter Module Faulty|RSDM
|Vehicle Management System (VMS)||Power Supply Faulty|RSDM
|Vehicle Management System (VMS)||T-Tap Loosen|RSDM
|Vehicle Management System (VMS)||Panel View Faulty|RSDM
|Vehicle Management System (VMS)||I/O Module Faulty|RSDM
|Vehicle Management System (VMS)||Cable Damage|RSDM
|Rolling Stock Signalling (RSS)||UOF|RSDM
|Rolling Stock Signalling (RSS)||EVC faulty|RSDM
|Rolling Stock Signalling (RSS)||BTM faulty|RSDM
|Rolling Stock Signalling (RSS)||Earth Shoe assembly faulty|RSDM
|Rolling Stock Signalling (RSS)||BTM Control Unit Card faulty|RSDM
|Rolling Stock Signalling (RSS)||Tag ID Faulty|RSDM
|Rolling Stock Signalling (RSS)||Cable loose|RSDM
|Rolling Stock Signalling (RSS)||Antenna faulty|RSDM
|Rolling Stock Signalling (RSS)||Overtemp|RSDM
|Rolling Stock Signalling (RSS)||Cable damage|RSDM
|Rolling Stock Signalling (RSS)||Overshoot|RSDM
|Rolling Stock Signalling (RSS)||BTM TXU/RXU Card faulty|RSDM
|Rolling Stock Signalling (RSS)||Earth unit fail|RSDM
SWITCH 1 & 2|Switchdeck & RC Beam|Flipper||TNMD
SWITCH 1 & 2|Switchdeck & RC Beam|Flashing Yellow Light (Patlite PSF-220-Y)||TNMD
SWITCH 1 & 2|Switchdeck & RC Beam|Static Blue Light (Patlite PS-220-B)||TNMD
SWITCH 1 & 2|Carriage Including Carriage Wheel|Roller||TNMD
SWITCH 1 & 2|Carriage Including Carriage Wheel|Refill non-rumba hand grease pump reservoir (Can get model)||TNMD
SWITCH 1 & 2|Lockpin|All Sensor on Lockpin||TNMD
SWITCH 1 & 2|Lockpin|Motor Cylinder||TNMD
SWITCH 1 & 2|Lockpin|3 PHASE BRAKE MOTOR||TNMD
SWITCH 1 & 2|Rotork system|Gear Motor||TNMD
SWITCH 1 & 2|Rotork system|Remote for setting||TNMD
SWITCH 1 & 2|Rotork system|Battery Remote Rotork||TNMD
SWITCH 1 & 2|Non - Rumba mechanism|Non-Rumba brake motor||TNMD
SWITCH 1 & 2|Non - Rumba mechanism|Non-Rumba motor cylinder||TNMD
SWITCH 1 & 2|Switch Beam|Arm guide||TNMD
SWITCH 1 & 2|Switch Beam|Finger plate switch beam||TNMD
SWITCH 1 & 2|Switch Beam|Brake Pad||TNMD
SWITCH 1 & 2|Switch Beam|GEAR MOTOR||TNMD
SWITCH 1 & 2|Gearbox assembly|Primary to secondary gearbox drive shaft couplings||TNMD
SWITCH 1 & 2|Gearbox assembly|Chain coupling (Attach Model Chain)||TNMD
SWITCH 1 & 2|Gearbox assembly|Reduction Gear SW1 GEARBOX 1 (PRIMARY) HITACHI TYPE - SCR-565 - BW X 2 MOTOR - 15kW GEAR RATIO - 1/50 OIL QTY - 70L WEIGHT - 1700KG MFG NO - 62582 SERIAL NO - 019||TNMD
SWITCH 1 & 2|Gearbox assembly|GEARBOX 2 HITACHI TYPE - SCR-275 - W X 1 MOTOR - 15kW GEAR RATIO - 1/50 OIL QTY - 35L WEIGHT - 1100KG MFG NO - 62582 SERIAL NO - 020||TNMD
SWITCH 1 & 2|Gearbox assembly|GEARBOX 3 HITACHI TYPE - SCR-275 - W X 1 MOTOR - 15kW GEAR RATIO - 1/50 OIL QTY - 35L WEIGHT - 1100KG MFG NO - 62582 SERIAL NO - 021||TNMD
SWITCH 1 & 2|Gearbox assembly|GEARBOX 4 HITACHI TYPE - SCR-275 - W X 1 MOTOR - 15kW GEAR RATIO - 1/50 OIL QTY - 35L WEIGHT - 1100KG MFG NO - 62582 SERIAL NO - 022||TNMD
SWITCH 1 & 2|Local Control Panel|24VDC White LED Pilot light (TELEMECANIQUE ZBV-B1)||TNMD
SWITCH 1 & 2|Local Control Panel|24VDC Green LED Pilot light (TELEMECANIQUE ZBV-B3)||TNMD
SWITCH 1 & 2|Local Control Panel|24VDC Red LED Pilot Light (TELEMECANIQUE ZBV-B3)||TNMD
SWITCH 1 & 2|Local Control Panel|24VDC Buzzer, Waterproof (IDEC IZUMI ANNZ-B10)||TNMD
SWITCH 1 & 2|Local Control Panel|Emergency Stop Pushbutton, Red Push-Turn to Release (Telemecanique ZBE 102)||TNMD
SWITCH 1 & 2|Local Control Panel|Pushbutton, Flush Head, Normally Open (Telemecanique ZBE 101)||TNMD
SWITCH 1 & 2|Fallback Control Panel|100A, 3P, 600V Circuit Breaker (NS 100-160-250)||TNMD
SWITCH 1 & 2|Fallback Control Panel|63A, 3P, 600V Circuit Breaker (ABB)||TNMD
SWITCH 1 & 2|Fallback Control Panel|32A, 3P, 600V Circuit Breaker (MERLIN GERMIN)||TNMD
SWITCH 1 & 2|Fallback Control Panel|10A, 1P, 240V Circuit Breaker (MERLIN GERMIN)||TNMD
SWITCH 1 & 2|Fallback Control Panel|6A, 2P, 240V Circuit Breaker (MERLIN GERMIN)||TNMD
SWITCH 1 & 2|Fallback Control Panel|Motor S1M Brake Control (HITACHI)||TNMD
SWITCH 1 & 2|Fallback Control Panel|Magnetic Contactor Assembly H35, Forward - Reverse with Thermal Overload (HITACHI) (Brpa Volt coil)||TNMD
SWITCH 1 & 2|Fallback Control Panel|Magnetic Contactor Assembly H20, Forward - Reverse (HITACHI) (Brpa Volt coil)||TNMD
SWITCH 1 & 2|Fallback Control Panel|Magnetic Contactor Assembly H11, Forward - Reverse with Thermal Overload (HITACHI) (Brpa Volt coil)||TNMD
SWITCH 1 & 2|Fallback Control Panel|Compact Fluorescent Light 10W 240Vac (GENERIC)||TNMD
SWITCH 1 & 2|Fallback Control Panel|Anti Condensation Heater 240Vac 25W (GENERIC)||TNMD
SWITCH 1 & 2|Fallback Control Panel|240VAC Receptacle (GENERIC)||TNMD
SWITCH 1 & 2|Fallback Control Panel|DC Neutral Relay (Safety Relay) 24Vdc Coil (NIPPON SIGNAL)||TNMD
SWITCH 1 & 2|Fallback Control Panel|DC Neutral Relay Base (NIPPON SIGNAL)||TNMD
SWITCH 1 & 2|Fallback Control Panel|General Purpose Under-voltage Relay, 110Vac (OMRON)||TNMD
SWITCH 1 & 2|Fallback Control Panel|Silicon Rectifier (NIPPON SIGNAL) (Attach Input & Output)||TNMD
SWITCH 1 & 2|Fallback Control Panel|General Purpose Timer, Delay-Off Adjustable (OMRON)||TNMD
SWITCH 1 & 2|Fallback Control Panel|Control Transformer, 240V - 120V, 1000VA (Attach Output)||TNMD
SWITCH 1 & 2|Fallback Control Panel|Switch OFF - ON 240VAC||TNMD
SWITCH 1 & 2|Fallback Control Panel|2 Position key-switch, 1 N/O and 2 N/C contacts, stay put with key withdrawal on LH (Telemecanique ZBE-101)||TNMD
SWITCH 1 & 2|Fallback Control Panel|Lightning Arrester, TDS 277V 80kA SURGE SUPPRESSOR (ERICO)||TNMD
SWITCH 1 & 2|Fallback Control Panel|Lightning Arrester, 1 PHASE, 50kA 8/2us, 10A SERIES TVSS protector (ERICO)||TNMD
SWITCH 1 & 2|Fallback Control Panel|Phase Sequence/Failure Relay (ANV)||TNMD
SWITCH 1 & 2|Electrial Part|Attach Sensor & Limit Switch||TNMD
SWITCH 3|Switchdeck & RC Beam|Flipper||TNMD
SWITCH 3|Switchdeck & RC Beam|Flashing Yellow Light (Patlite PSF-220-Y)||TNMD
SWITCH 3|Switchdeck & RC Beam|Static Blue Light (Patlite PS-220-B)||TNMD
SWITCH 3|Carriage Including Carriage Wheel|Roller||TNMD
SWITCH 3|Carriage Including Carriage Wheel|Refill non-rumba hand grease pump reservoir||TNMD
SWITCH 3|Lockpin|Attach Sensor & Limit Switch on Lockpin||TNMD
SWITCH 3|Lockpin|Motor Cylinder (COSMIC INDUSTRY) TYPE - BN1T FORM - 0.9J STROKE - 90MM POWER - 1000KG SPEED - 71 / 85 (MM/SEC) RATING - SPECIAL MIN VOLT - 400V /400V CYCLES - 50Hz / 60Hz AMP'S - 40A / 40A INSULATION - E MOTOR - 1.5 kW WEIGHT - 70KG MFG NO - J 2191311||TNMD
SWITCH 3|Lockpin|3 PHASE BRAKE MOTOR (ECONOSTOP YASKAWA ELECTRIC) TYPE - EELYQ-50 RATING - SPECIAL INS. CLASS - E kW - 1.5 POLES - 4 V - 400 / 400 HZ - 50 / 60 BRG . NO - 6204ZZ / 6204UU SER.NO - 6V53081||TNMD
SWITCH 3|Switch Beam|Arm guide||TNMD
SWITCH 3|Switch Beam|Finger plate switch beam||TNMD
SWITCH 3|Motor|Motor brake||TNMD
SWITCH 3|Motor|GEAR MOTOR (HITACHI) TYPE - T 0 2 6 POLES - 4 HERTZ - 50 kW - 1.5 RPM - 180 G.F TYPE - MH 438 J GEAR RATIO - 1 : 8 G.NO - U 80329 MFG NO - Y 79163706 DATE - 1997 THREE PHASE INDUCTION MOTOR (HITACHI) 1.5kW Y 79163702||TNMD
SWITCH 3|Gearbox assembly|Primary to secondary gearbox drive shaft couplings||TNMD
SWITCH 3|Gearbox assembly|Chain coupling (Attach Model Chain)||TNMD
SWITCH 3|Gearbox assembly|Reduction Gear SW1 GEARBOX 1 (PRIMARY) HITACHI TYPE - SCR-565 - BW X 2 MOTOR - 15kW GEAR RATIO - 1/50 OIL QTY - 70L WEIGHT - 1700KG MFG NO - 62582 SERIAL NO - 019||TNMD
SWITCH 3|Gearbox assembly|GEARBOX 2 HITACHI TYPE - SCR-275 - W X 1 MOTOR - 15kW GEAR RATIO - 1/50 OIL QTY - 35L WEIGHT - 1100KG MFG NO - 62582 SERIAL NO - 020||TNMD
SWITCH 3|Gearbox assembly|GEARBOX 3 HITACHI TYPE - SCR-275 - W X 1 MOTOR - 15kW GEAR RATIO - 1/50 OIL QTY - 35L WEIGHT - 1100KG MFG NO - 62582 SERIAL NO - 021||TNMD
SWITCH 3|Gearbox assembly|GEARBOX 4 HITACHI TYPE - SCR-275 - W X 1 MOTOR - 15kW GEAR RATIO - 1/50 OIL QTY - 35L WEIGHT - 1100KG MFG NO - 62582 SERIAL NO - 022||TNMD
SWITCH 3|Local Control Panel|24VDC White LED Pilot light (TELEMECANIQUE ZBV-B1)||TNMD
SWITCH 3|Local Control Panel|24VDC Green LED Pilot light (TELEMECANIQUE ZBV-B3)||TNMD
SWITCH 3|Local Control Panel|24VDC Red LED Pilot Light (TELEMECANIQUE ZBV-B3)||TNMD
SWITCH 3|Local Control Panel|24VDC Buzzer, Waterproof (IDEC IZUMI ANNZ-B10)||TNMD
SWITCH 3|Local Control Panel|Emergency Stop Pushbutton, Red Push-Turn to Release (Telemecanique ZBE 102)||TNMD
SWITCH 3|Local Control Panel|Pushbutton, Flush Head, Normally Open (Telemecanique ZBE 101)||TNMD
SWITCH 3|Fallback Control Panel|100A, 3P, 600V Circuit Breaker (NS 100-160-250)||TNMD
SWITCH 3|Fallback Control Panel|63A, 3P, 600V Circuit Breaker (ABB)||TNMD
SWITCH 3|Fallback Control Panel|32A, 3P, 600V Circuit Breaker (MERLIN GERMIN)||TNMD
SWITCH 3|Fallback Control Panel|10A, 1P, 240V Circuit Breaker (MERLIN GERMIN)||TNMD
SWITCH 3|Fallback Control Panel|6A, 2P, 240V Circuit Breaker (MERLIN GERMIN)||TNMD
SWITCH 3|Fallback Control Panel|Motor S1M Brake Control (HITACHI)||TNMD
SWITCH 3|Fallback Control Panel|Magnetic Contactor Assembly H35, Forward - Reverse with Thermal Overload (HITACHI)||TNMD
SWITCH 3|Fallback Control Panel|Magnetic Contactor Assembly H20, Forward - Reverse (HITACHI)||TNMD
SWITCH 3|Fallback Control Panel|Magnetic Contactor Assembly H11, Forward - Reverse with Thermal Overload (HITACHI)||TNMD
SWITCH 3|Fallback Control Panel|Compact Fluorescent Light 10W 240Vac (GENERIC)||TNMD
SWITCH 3|Fallback Control Panel|Anti Condensation Heater 240Vac 25W (GENERIC)||TNMD
SWITCH 3|Fallback Control Panel|240Vac Receptacle (GENERIC)||TNMD
SWITCH 3|Fallback Control Panel|DC Neutral Relay (Safety Relay) 24Vdc Coil (NIPPON SIGNAL)||TNMD
SWITCH 3|Fallback Control Panel|DC Neutral Relay Base (NIPPON SIGNAL)||TNMD
SWITCH 3|Fallback Control Panel|General Purpose Under-voltage Relay, 110Vac (OMRON)||TNMD
SWITCH 3|Fallback Control Panel|Silicon Rectifier (NIPPON SIGNAL)||TNMD
SWITCH 3|Fallback Control Panel|General Purpose Timer, Delay-Off Adjustable (OMRON)||TNMD
SWITCH 3|Fallback Control Panel|Control Transformer, 240V - 120V, 1000VA||TNMD
SWITCH 3|Fallback Control Panel|Switch OFF - ON 240Vac||TNMD
SWITCH 3|Fallback Control Panel|2 Position key-switch, 1 N/O and 2 N/C contacts, stay put with key withdrawal on LH (Telemecanique ZBE-101)||TNMD
SWITCH 3|Fallback Control Panel|Lightning Arrester, TDS 277V 80kA SURGE SUPPRESSOR (ERICO)||TNMD
SWITCH 3|Fallback Control Panel|Lightning Arrester, 1 PHASE, 50kA 8/2us, 10A SERIES TVSS protector (ERICO)||TNMD
SWITCH 3|Fallback Control Panel|Phase Sequence/Failure Relay (ANV)||TNMD
SWITCH 3|Electrial Part|Attach Sensor & Limit Switch||TNMD
SWITCH 4|Switchdeck & RC Beam|Flipper||TNMD
SWITCH 4|Carriage Including Carriage Wheel|Roller||TNMD
SWITCH 4|Lockpin|Attach Sensor & Limit Switch on Lockpin||TNMD
SWITCH 4|Lockpin|Motor Cylinder (COSMIC INDUSTRY) TYPE - BN1T FORM - 0.9J STROKE - 90MM POWER - 1000KG SPEED - 71 / 85 (MM/SEC) RATING - SPECIAL MIN VOLT - 400V /400V CYCLES - 50Hz / 60Hz AMP'S - 40A / 40A INSULATION - E MOTOR - 1.5 kW WEIGHT - 70KG MFG NO - J 2191311||TNMD
SWITCH 4|Lockpin|3 PHASE BRAKE MOTOR (ECONOSTOP YASKAWA ELECTRIC) TYPE - EELYQ-50 RATING - SPECIAL INS. CLASS - E kW - 1.5 POLES - 4 V - 400 / 400 HZ - 50 / 60 BRG . NO - 6204ZZ / 6204UU SER.NO - 6V53081||TNMD
SWITCH 4|Switch Beam|Arm guide||TNMD
SWITCH 4|Switch Beam|Finger plate switch beam||TNMD
SWITCH 4|Motor|Motor brake||TNMD
SWITCH 4|Motor|GEAR MOTOR (HITACHI) TYPE - T 0 2 6 POLES - 4 HERTZ - 50 kW - 1.5 RPM - 180 G.F TYPE - MH 438 J GEAR RATIO - 1 : 8 G.NO - U 80329 MFG NO - Y 79163706 DATE - 1997 THREE PHASE INDUCTION MOTOR (HITACHI) 1.5kW Y 79163702||TNMD
SWITCH 4|Gearbox assembly|Primary to secondary gearbox drive shaft couplings||TNMD
SWITCH 4|Gearbox assembly|Chain coupling (Attach Model Chain)||TNMD
SWITCH 4|Gearbox assembly|Reduction Gear SW1 GEARBOX 1 (PRIMARY) HITACHI TYPE - SCR-800 - BW X 2 MOTOR - 15kW GEAR RATIO - 1/35 OIL QTY - 105L WEIGHT - 2100KG MFG NO - 62646 SERIAL NO - 027||TNMD
SWITCH 4|Gearbox assembly|GEARBOX 2 HITACHI TYPE - SCR-280 - W X 1 MOTOR - 15kW GEAR RATIO - 1/35 OIL QTY - 43L WEIGHT - 1450KG MFG NO - 62646 SERIAL NO - 028||TNMD
SWITCH 4|Gearbox assembly|GEARBOX 3 HITACHI TYPE - SCR-280 - W X 1 MOTOR - 15kW GEAR RATIO - 1/35 OIL QTY - 43L WEIGHT - 1450KG MFG NO - 62646 SERIAL NO - 029||TNMD
SWITCH 4|Gearbox assembly|GEARBOX 3 HITACHI TYPE - SCR-280 - W X 1 MOTOR - 15kW GEAR RATIO - 1/35 OIL QTY - 43L WEIGHT - 1450KG MFG NO - 62646 SERIAL NO - 030||TNMD
SWITCH 4|Local Control Panel|100A, 3P, 600V Circuit Breaker (NS 100-160-250)||TNMD
SWITCH 4|Local Control Panel|60A, 3P, 600V Circuit Breaker (F&G PX-100)||TNMD
SWITCH 4|Local Control Panel|32A, 3P, 600V Circuit Breaker (F&G PX100)||TNMD
SWITCH 4|Local Control Panel|6A, 1P, 240V Circuit Breaker (MULTI 9 C45N)||TNMD
SWITCH 4|Local Control Panel|25A, 2P, 240V Circuit Breaker (MERLIN GERIN)||TNMD
SWITCH 4|Local Control Panel|25A, 2P, 240V Circuit Breaker (MULTI 9 C45N)||TNMD
SWITCH 4|Local Control Panel|QPS Transformer TYPE - 07331 PH - 1 PRIMARY VOLT - 240 SEC VOLT - 110 CAP - 500VA CYCLE 50HZ : 60HZ PRI AMP - 2.08 SEC AMP - 4.54 SERIAL NO - 181-113-1||TNMD
SWITCH 4|Local Control Panel|Compact Fluorescent Light 10W 240Vac (HITACHI PM115S-G)||TNMD
SWITCH 4|Local Control Panel|TIMER RELAY (AH-3)||TNMD
SWITCH 4|Local Control Panel|RELAY (OMRON MK2P-I||TNMD
SWITCH 4|Local Control Panel|Auxillary Contact (SC-4-0) Contact Block Aux Contact (SZ-A11)||TNMD
SWITCH 4|Local Control Panel|Emergency Stop Pushbutton, Red Push-Turn to Release (Telemecanique ZBE 102)||TNMD
SWITCH 4|Local Control Panel|Pushbutton, Flush Head, Normally Open (Telemecanique ZBE 101)||TNMD
SWITCH 4|Local Control Panel|24VDC Red LED Pilot Light (TELEMECANIQUE ZBV-G4)||TNMD
SWITCH 4|Local Control Panel|24VDC Yellow LED Pilot Light (TELEMECANIQUE ZBV-G5)||TNMD
SWITCH 4|Local Control Panel|24VDC Blue LED Pilot Light (TELEMECANIQUE ZBV-G1)||TNMD
SWITCH 4|Local Control Panel|24VDC Green LED Pilot Light (TELEMECANIQUE ZBV-G3)||TNMD
SWITCH 4|Local Control Panel|2 Position key-switch, 1 N/O and 2 N/C contacts, stay put with key withdrawal on LH (Telemecanique ZBE-101)||TNMD
SWITCH 4|FALLBACK PANEL|Magnetic Contactor Assembly H35, Forward - Reverse with Thermal Overload (HITACHI)||TNMD
SWITCH 4|FALLBACK PANEL|Magnetic Contactor Assembly H20, Forward - Reverse (HITACHI)||TNMD
SWITCH 4|FALLBACK PANEL|Magnetic Contactor Assembly H11 with Thermal Overload (HITACHI)||TNMD
SWITCH 4|FALLBACK PANEL|Motor S1M Brake Control (HITACHI)||TNMD
SWITCH 4|FALLBACK PANEL|AUXILLARY CONTACT||TNMD
SWITCH 4|FALLBACK PANEL|HOUR METER ( Müller BW70.18 )||TNMD
SWITCH 4|FALLBACK PANEL|MAGNETIC CONTACTOR (Fuji Electric SC-05)||TNMD
SWITCH 4|FALLBACK PANEL|RELAY SOCKET (OMRON G7T - 112S 04Z7E7)||TNMD
SWITCH 4|FALLBACK PANEL|AUXILLARY CONTACT BLOCK (Schneider Electric TeSys LADN04)||TNMD
SWITCH 4|FALLBACK PANEL|AUXILLARY CONTACT BLOCK (Telemecanique LA1 DN 13 )||TNMD
SWITCH 4|FALLBACK PANEL|TIMER With Base (OMRON Omron H3CR-A8)||TNMD
SWITCH 4|FALLBACK PANEL|RELAY CONTACT With Base (NIPPON MK2PN-I)||TNMD
SWITCH 4|FALLBACK PANEL|Attach Sensor & Limit Switch||TNMD
SWITCH 5 & 6|Switchdeck & RC Beam|RC Beam||TNMD
SWITCH 5 & 6|Switchdeck & RC Beam|Stopper And Carriage Way||TNMD
SWITCH 5 & 6|Carriage Including Carriage Wheel|(Attach Sensor Carriage)||TNMD
SWITCH 5 & 6|Carriage Including Carriage Wheel|Serial No. 480-0050-0703-A Motor Carriage- Typ: ADE50DD Length- 3 971mm Width- 300mm 400Vac , 3P 1.1 kW SAE 90 Gear Oil||TNMD
SWITCH 5 & 6|Carriage Including Carriage Wheel|ZBA 80/90A B020 BRAKE||TNMD
SWITCH 5 & 6|Locking Pin Assembly|(Attach Lockpin Depan)||TNMD
SWITCH 5 & 6|Locking Pin Assembly|Serial No. 9434 8042 50Hz Hook- 5m 415V - 3P||TNMD
SWITCH 5 & 6|Locking Pin Assembly|Proximity Sensor PEPPERL FUCHS NBB15-30GM50-WS Part No. 801650||TNMD
SWITCH 5 & 6|Switch Beam|T-Shaft / T-Coupler||TNMD
SWITCH 5 & 6|Switch Beam|Pivot||TNMD
SWITCH 5 & 6|VFD/Inverter Motor|Dedrive Pro 880 50/60Hz 400vac , 3P||TNMD
SWITCH 5 & 6|Resistor ( Perintang )|Serial No. 232461 Part No. Or Drawing LC729DBR 1.6kW 120 ohm 3.65 amph||TNMD
SWITCH 5 & 6|Local Control Panel|Schneider CAD32 (Detail Contactor Brpa Volt)||TNMD
SWITCH 5 & 6|Local Control Panel|Schneider LC1 D09 (Detail Contactor Brpa Volt)||TNMD
SWITCH 5 & 6|Local Control Panel|Power Supply 110V / 220V (Detail Input & Output)||TNMD
SWITCH 5 & 6|Local Control Panel|Relay ICE225 5A 24VDC||TNMD
SWITCH 5 & 6|Local Control Panel|Telemecanique LADN40||TNMD
SWITCH 5 & 6|Local Control Panel|Telemecanique LADN22||TNMD
SWITCH 5 & 6|Local Control Panel|Hager L 503 01 10079||TNMD
SWITCH 5 & 6|Local Control Panel|MERLIN GERIN multi9 NC45a C10||TNMD
SWITCH 5 & 6|Local Control Panel|MERLIN GERIN multi9 NC45a C6||TNMD
SWITCH 5 & 6|Local Control Panel|MERLIN GERIN multi9 NC45a C20||TNMD
SWITCH 5 & 6|Local Control Panel|MAXGUARD Q24TS||TNMD
SWITCH 5 & 6|Local Control Panel|ABB S 251 1 C6||TNMD
SWITCH 5 & 6|Local Control Panel|OMRON MY4NGS||TNMD
SWITCH 5 & 6|Local Control Panel|Schneider IC60N D 16A||TNMD
SWITCH 5 & 6|Local Control Panel|ABB AX09-30-01||TNMD
SWITCH 5 & 6|Local Control Panel|MERLIN GERIN multi9 NC45a C60N||TNMD
SWITCH 5 & 6|Local Control Panel|Telemecanique GV2-LE 16 14A||TNMD
SWITCH 5 & 6|Local Control Panel|Telemecanique LAD04 LA1 DN04||TNMD
SWITCH 5 & 6|Local Control Panel|MAX GUARD MB63-1 C20||TNMD
SWITCH 5 & 6|Local Control Panel|OMRON MY2N||TNMD
SWITCH 5 & 6|Local Control Panel|LC1 D25 (Detail Contactor Brpa Volt)||TNMD
SWITCH 5 & 6|Local Control Panel|CAD 50 (Detail Contactor Brpa Volt)||TNMD
SWITCH 5 & 6|Local Control Panel|C60N (D63)||TNMD
SWITCH 5 & 6|Local Control Panel|REMOTE AND LOCAL PANEL||TNMD
SWITCH 5 & 6|Local Control Panel|Q24TS||TNMD
SWITCH 5 & 6|Local Control Panel|LIGHT INDICATOR ZBV-G3||TNMD
SWITCH 5 & 6|Local Control Panel|LIGHT INDICATOR ZBV-G4||TNMD
SWITCH 5 & 6|Local Control Panel|SWING BEAM BUTTON ZBE-101||TNMD
SWITCH 5 & 6|Local Control Panel|MOTOR KEY ZB2-BE101||TNMD
SWITCH 5 & 6|Local Control Panel|EMERGENCY BUTTON ZB2-BE102||TNMD
SWITCH 5 & 6|Local Control Panel|TRANSFORMER 240V-110V||TNMD
SWITCH 5 & 6|Local Control Panel|Power Supply 220VAC - 24VDC 2.1 Amp||TNMD
SWITCH 5 & 6|Local Control Panel|RELAY MY2N 24VDC||TNMD
SWITCH 7 & 8|Switchdeck & RC Beam|Ventilation Fan Brand : ORIX Specifications : 119mm, standard. Speed, 1 phase, 230 Vac, 16watt||TNMD
SWITCH 7 & 8|Switchdeck & RC Beam|Panel Switchdeck||TNMD
SWITCH 7 & 8|Switchdeck & RC Beam|Panel local control||TNMD
SWITCH 7 & 8|Switchdeck & RC Beam|Panel Fall Back Control||TNMD
SWITCH 7 & 8|Switchdeck & RC Beam|Diagnostic Panel||TNMD
SWITCH 7 & 8|Switchdeck & RC Beam|Connector Terminal Block||TNMD
SWITCH 7 & 8|Switchdeck & RC Beam|Junction Box||TNMD
SWITCH 7 & 8|Switchdeck & RC Beam|Emergency Stop Push Button||TNMD
SWITCH 7 & 8|Carriage Including Carriage Wheel|Carriage||TNMD
SWITCH 7 & 8|Carriage Including Carriage Wheel|Roller carriage||TNMD
SWITCH 7 & 8|Locking Pin Assembly|Lockpin||TNMD
SWITCH 7 & 8|Locking Pin Assembly|Limit Switch Brand : Omron Type : D4A-6501N||TNMD
SWITCH 7 & 8|Locking Pin Assembly|3 Phase Induction Motor 1.5 kW Brand : Tsubaki Specifications : volt 400-440, frequency 50-60Hz, current 2.9- 3.2A, speed 1430- 1720 r/min||TNMD
SWITCH 7 & 8|Locking Pin Assembly|Cylinder lockpin||TNMD
SWITCH 7 & 8|Locking Pin Assembly|Housing lockpin||TNMD
SWITCH 7 & 8|Locking Pin Assembly|3-Phase Brake Motor Brand : Tsubaki Specifications : VDC 171-207, IDC 0.13-0.17A, TORQUE 14.7N.m||TNMD
SWITCH 7 & 8|Locking Pin Assembly|Bracket Mounting Lockpin||TNMD
SWITCH 7 & 8|Switch Beam|Flipper||TNMD
SWITCH 7 & 8|Switch Beam|Flipper||TNMD
SWITCH 7 & 8|Switch Beam|Top Finger Plate||TNMD
SWITCH 7 & 8|Switch Beam|Side Finger Plate||TNMD
SWITCH 7 & 8|Switch Beam|T-Shaft - Nipple Point Grease||TNMD
SWITCH 7 & 8|Switch Beam|T-Shaft - Nipple Point Grease||TNMD
SWITCH 7 & 8|Switch Beam|Pivot||TNMD
SWITCH 7 & 8|Switch Beam|Pivot Bearing||TNMD
SWITCH 7 & 8|Switch Beam|Identification Plate Pivot||TNMD
SWITCH 7 & 8|Local Control Panel|Thermostat switch Brand : DEMEX Specifications : Heat Process, 1NC , Cool Process, 1NO||TNMD
SWITCH 7 & 8|Local Control Panel|Push button Specifications : Momentary, Round Flush 1NO Black||TNMD
SWITCH 7 & 8|Local Control Panel|Selector Key Switch Specifications : 2-Pos Left Key Withdraw 1NO, diameter 22mm||TNMD
SWITCH 7 & 8|Local Control Panel|Pilot Lamp Specifications : Round Flush, Without Lamp, White and Amber||TNMD
SWITCH 7 & 8|Local Control Panel|Pilot Lamp Specifications : Round Flush, Without Lamp, White and Amber||TNMD
SWITCH 7 & 8|Local Control Panel|Emergency Stop Push Button Specifications : Push Lock Turn Reset 2NC Red, diameter 22mm||TNMD
SWITCH 7 & 8|Local Control Panel|Power supply unit Brand : Meanwell Specifications : 120/230VAC 24VDC, 20A||TNMD
SWITCH 7 & 8|Local Control Panel|Auxiliary Switch (ChangeOver) Brand : MERLIN GERIN Specifications : Used for MCCB , OF/SD/SDE/SDV||TNMD
SWITCH 7 & 8|Local Control Panel|MCCB Compact NS 100L Brand: MERLIN GERIN Specifications : 4 pole 63A 150kA||TNMD
SWITCH 7 & 8|Local Control Panel|MCCB Compact NS 100L Brand: MERLIN GERIN Specifications : 4 pole 63A 150kA||TNMD
SWITCH 7 & 8|Local Control Panel|MCB C60N Brand : MERLIN GERIN Specifications : 2 pole, 6A, 10kA, C-Curve, 3 pole, 40A, 10kA, D-curve, 4 pole, 2A, 10kA, C-Curve||TNMD
SWITCH 7 & 8|Local Control Panel|MCB C60N Brand : MERLIN GERIN Specifications : 2 pole, 6A, 10kA, C-Curve, 3 pole, 40A, 10kA, D-curve, 4 pole, 2A, 10kA, C-Curve||TNMD
SWITCH 7 & 8|Local Control Panel|MCB C60N Brand : MERLIN GERIN Specifications : 2 pole, 6A, 10kA, C-Curve, 3 pole, 40A, 10kA, D-curve, 4 pole, 2A, 10kA, C-Curve||TNMD
SWITCH 7 & 8|Local Control Panel|MCB C60H Brand : MERLIN GERIN Specifications: 2Pole, 40A, 15kA, C-Curve||TNMD
SWITCH 7 & 8|Fallback Control Panel|PRD65r Surge Arresters Brand : MERLIN GERIN Specifications : 3Pole+N 230/400Vac 65kA, 1Pole+N 230/400Vac 65kA||TNMD
SWITCH 7 & 8|Fallback Control Panel|Ammeter Selector Switch Brand : Salzer Specifications : Off, R, Y and B||TNMD
SWITCH 7 & 8|Fallback Control Panel|Voltmeter Cam Switch Brand : SALZER Specifications : Off, RY, YB, BR, RN ,YN and BN||TNMD
SWITCH 7 & 8|Fallback Control Panel|Current Transformer (SES) Brand : SES Specifications: : with mouting bracket||TNMD
SWITCH 7 & 8|Fallback Control Panel|Contactor (K1) Brand : TELEMECANIQUE Specifications : 3 Pole 32A 24VDC 1NO/1NC Aux, 3 Pole 50A 24 VDC 1NO/NC Aux (Pic Atas & Bwh Barang x sama) (Attach Detail)||TNMD
SWITCH 7 & 8|Fallback Control Panel|Contactor (K1) Brand : TELEMECANIQUE Specifications : 3 Pole 32A 24VDC 1NO/1NC Aux, 3 Pole 50A 24 VDC 1NO/NC Aux (Pic Atas & Bwh Barang x sama) (Attach Detail)||TNMD
SWITCH 7 & 8|Fallback Control Panel|Contactor (KM1, KM2) Brand : TELEMECANIQUE LC1D50A Specifications : 3 Pole 50A 24 VDC 1NO/NC Aux (Attach Brpa volt Contactor)||TNMD
SWITCH 7 & 8|Fallback Control Panel|Zelio Control Voltage Measurement Relay (VVR1) Brand : TELEMECANIQUE Specifications : Over/Under Voltage 50-500Vac 1-30s (Detail Model)||TNMD
SWITCH 7 & 8|Fallback Control Panel|Overload Relay (QM1, QM2) Brand : TELEMECANIQUE LRD 06 Specifications: : 4A TeSys D Class 20 1NO/NC Aux||TNMD
SWITCH 7 & 8|Fallback Control Panel|Contactor Brand : TELEMECANIQUE Specifications: 3 Pole 6A 24VDC 1NC Aux (Pic Atas & Bwh Barang x sama) (Attach Detail)||TNMD
SWITCH 7 & 8|Fallback Control Panel|Contactor Brand : TELEMECANIQUE Specifications: 3 Pole 6A 24VDC 1NC Aux (Pic Atas & Bwh Barang x sama) (Attach Detail)||TNMD
SWITCH 7 & 8|Fallback Control Panel|Contactor Brand : TELEMECANIQUE Specifications: 3 Pole 6A 24VDC 1NC Aux (Pic Atas & Bwh Barang x sama) (Attach Detail)||TNMD
SWITCH 7 & 8|Winch Assembly|3 Phase Motor SEW-EURODRIVE DRN160L4/BE20HR/FG/C 50 Hz 15kW 1474 r/min||TNMD
SWITCH 7 & 8|Winch Assembly|Rotary Limit Switch (Attach Detail)||TNMD
SWITCH 7 & 8|Winch Assembly|Brake Motor||TNMD
SWITCH 7 & 8|Winch Assembly|Winch Drum||TNMD
SWITCH 7 & 8|VFD/Inverter Motor|Variable Speed Drive / Variable Frequency Drive Brand : ABB Specifications: (Attach Detail)||TNMD
SWITCH 7 & 8|P.L.C|PLC-Power Supply Unit (PSU) (Attach Detail)||TNMD
SWITCH 7 & 8|P.L.C|PLC-Central Processing Unit (CPU) (Attach Detail)||TNMD
SWITCH 7 & 8|P.L.C|PLC-Digital Input (DI 1 DI 2) (Attach Detail)||TNMD
SWITCH 7 & 8|P.L.C|PLC-Digital Output (DO 1 DO 2) (Attach Detail)||TNMD
SWITCH 7 & 8|P.L.C|PLC-Failsafe Digital Inputs (FDI) (Attach Detail)||TNMD
SWITCH 7 & 8|P.L.C|PLC-Failsafe Digital Outputs (FDO) Brand : Siemens Serial.no : 6ES7 326 -2BF01-0AB0||TNMD
SWITCH 7 & 8|P.L.C|PLC-Failsafe Digital Outputs (FDO) Brand : Siemens Serial.no : 6ES7 326 -2BF01-0AB1||TNMD
SWITCH 7 & 8|P.L.C|PLC-Base Plate||TNMD
SWITCH 7 & 8|Wire rope assembly|Wire Rope Brand : GOFORTH Specifications : Bottom wire rope 3P comes with CROSBY open SWAG (13970mm - length), Top wire rope 3P comes with CROSBY open SWAG (7350 mm - length)||TNMD
SWITCH 7 & 8|Wire rope assembly|Wire Rope Brand : GOFORTH Specifications : Bottom wire rope 3P comes with CROSBY open SWAG (13970mm - length), Top wire rope 3P comes with CROSBY open SWAG (7350 mm - length)||TNMD
SWITCH 7 & 8|Wire rope assembly|Turnbuckle Brand : CROSBY Serial.No : HG 2771-1/4||TNMD
SWITCH 7 & 8|Wire rope assembly|Winch Connecting Plate||TNMD
SWITCH 7 & 8|Wire rope assembly|Winch Roller||TNMD
SWITCH 7 & 8|Wire rope assembly|Return Sheave||TNMD
SWITCH 7 & 8|Guidance truck|Track Roller||TNMD
SWITCH 7 & 8|Guidance truck|Track Roller||TNMD
SWITCH 7 & 8|Guidance truck|Plate Sensor||TNMD
SWITCH 7 & 8|Guidance truck|Proximity Sensor (Attach Model)||TNMD
SWITCH 7 & 8|Guidance truck|Proximity Sensor (Attach Model)||TNMD
SWITCH 7 & 8|Guidance truck|Stopper||TNMD
SWITCH 7 & 8|Inner / Outer link beam|Inner link beam||TNMD
SWITCH 7 & 8|Inner / Outer link beam|Outer link beam||TNMD
Powerrail|Insulator assembly|Insulator||TNMD
Powerrail|Insulator assembly|Support bracket mainline||TNMD
Powerrail|Insulator assembly|Support bracket butterfly (mid angker)||TNMD
Powerrail|Insulator assembly|Support bracket ramp (Angle 3/5 degree)||TNMD
Powerrail|Rail|Cover board||TNMD
Powerrail|Rail|Connection power rail||TNMD
Powerrail|Rail|Expansion joint||TNMD
Powerrail|Electrical Joint|Heavy duty industrial cable lug||TNMD
Powerrail|Electrical Joint|Heavy duty bellmouthed cable lug||TNMD
Powerrail|Electrical Joint|Heavy duty bellmouthed cable lug (Switch)||TNMD
GUIDEWAY BEAM STRUCTURE|Expended Metal|CHECKER PLATE LENGTH 123.5CM x WIDE 245.8CM||TNMD
GUIDEWAY BEAM STRUCTURE|Bridge|Skru Bridge & Nut||TNMD
GUIDEWAY BEAM STRUCTURE|Bracket Horizontal and Vertical|Bracket Horizontal HILTI MQ-41 HDG PLUS C-CHANNEL||TNMD
GUIDEWAY BEAM STRUCTURE|nan|Bracket vertical HILTI MQP-21-72 CHANNEL FOOT||TNMD
GUIDEWAY BEAM STRUCTURE|Expended Metal|Center Walkway (113cm x 125.5cm)||TNMD
GUIDEWAY BEAM|Beam|Expansion joint plate||TNMD
GUIDEWAY BEAM|Beam|Buffer Stop||TNMD
GUIDEWAY BEAM|Finger Plate|Top plate 60mm||TNMD
GUIDEWAY BEAM|Finger Plate|Side plate 60mm||TNMD
GUIDEWAY BEAM|Finger Plate|Top plate 30mm||TNMD
GUIDEWAY BEAM|Finger Plate|Side plate 30mm||TNMD
GUIDEWAY BEAM|Finger Plate|Top plate Scomi||TNMD
GUIDEWAY BEAM|Finger Plate|Side plate Scomi||TNMD
GUIDEWAY BEAM|Earthing plate|Earthing bracket||TNMD
GUIDEWAY BEAM|Earthing plate|Earthing Rail||TNMD
GUIDEWAY BEAM|Earthing plate|Earthing poket||TNMD
Track Maintenance Vehicle 3|Electrical Appliance|METASOL MCCB 15A ABS 33C||TNMD
Track Maintenance Vehicle 3|Electrical Appliance|METASOL MCCB 30A BS 32C||TNMD
Track Maintenance Vehicle 3|Electrical Appliance|METASOL CONTACTOR MC-18A (Coil Brpa Volt)||TNMD
Track Maintenance Vehicle 3|Electrical Appliance|METASOL CONTACTOR MC-22B (Coil Brpa Volt)||TNMD
Track Maintenance Vehicle 3|Electrical Appliance|METASOL CONTACTOR MD-60A DC (Coil Brpa Volt)||TNMD
Track Maintenance Vehicle 3|Electrical Appliance|FUSE HOLDER HY-F15 DC 24V 10A||TNMD
Track Maintenance Vehicle 3|Electrical Appliance|OMRON RELAY 3A MY4N-GS-24 VDC||TNMD
Track Maintenance Vehicle 3|Electrical Appliance|OMRON RELAY 3A MY4N-GS-240 VAC||TNMD
Track Maintenance Vehicle 3|Electrical Appliance|OMRON RELAY 5A G2R-2-SN 24 VDC||TNMD
Track Maintenance Vehicle 3|Electrical Appliance|INVERTER LSLV10075S100-4EXFNS LS S100||TNMD
Track Maintenance Vehicle 3|Electrical Appliance|POWERBANK DV 24V 62.5A MODEL BK 1500-24||TNMD
Track Maintenance Vehicle 3|Electrical Appliance|THERMOSTAT FAN RUN ELECTRIC RTM-90F25 250V 5A||TNMD
Track Maintenance Vehicle 3|Electrical Appliance|FAN NMB 11938KA-24L-EL 0.40A||TNMD
Track Maintenance Vehicle 3|Electrical Appliance|MENNEKES SOCKET 3P+N 32A IP-67 TYPE 5608A||TNMD
Track Maintenance Vehicle 3|Electrical Appliance|SCHNEIDER SOCKET OUTLET 13A TYPE 56C313||TNMD
Track Maintenance Vehicle 3|Electrical Appliance|POWER INVERTER RS PRO DC TO AC 4000W||TNMD
Track Maintenance Vehicle 3|Electrical Appliance|LG DUAL INVERTER AIR CONDITIONER 1HP||TNMD
Track Maintenance Vehicle 3|Electrical Appliance|NETWORK VIDEO RECORDER XRN-8150||TNMD
Track Maintenance Vehicle 3|Electrical Appliance|TES SMART 1X2 SPLITTER||TNMD
Track Maintenance Vehicle 3|Electrical Appliance|NETWORK CAMERA (XNO-6020R) DC12||TNMD
Track Maintenance Vehicle 3|Electrical Appliance|IVIEWKOREA MONITER DISPLAY KCC-REM-IV0-IV IV240||TNMD
Track Maintenance Vehicle 3|Electrical Appliance|METASOL MCCB ABS 202C 150A 1000V||TNMD
Track Maintenance Vehicle 3|Electrical Appliance|METASOL MCCB ABS 52C 50A||TNMD
Track Maintenance Vehicle 3|Electrical Appliance|METASOL MCCB ABS 32C 30A||TNMD
Track Maintenance Vehicle 3|Electrical Appliance|METASOL MCCB ASB 33C 15A||TNMD
Track Maintenance Vehicle 3|Electrical Appliance|METASOL CONTACTOR DC MD100A LS (250Vdc 100A)||TNMD
Track Maintenance Vehicle 3|Electrical Appliance|METASOL CONTACTOR DC MD60A LS (250Vdc 60A)||TNMD
Track Maintenance Vehicle 3|Electrical Appliance|METASOL CONTACTOR MC40A LS (Coil Brpa Volt)||TNMD
Track Maintenance Vehicle 3|Electrical Appliance|METASOL MCCB BS32C 10A||TNMD
Track Maintenance Vehicle 3|Electrical Appliance|METASOL MCB LS 30A||TNMD
Track Maintenance Vehicle 3|Electrical Appliance|METASOL MCB LS 10A||TNMD
Track Maintenance Vehicle 3|Electrical Appliance|METASOL MCB LS 5A||TNMD
Track Maintenance Vehicle 3|Electrical Appliance|TEMPERATURE CONTROLLER AUTONICS TC4S||TNMD
Track Maintenance Vehicle 3|Electrical Appliance|SWITCHING POWER SUPPLY LY2N DC24V||TNMD
Track Maintenance Vehicle 3|Electrical Appliance|SWITCHING POWER SD15 24VDC TO 12VDC||TNMD
Track Maintenance Vehicle 3|Electrical Appliance|TEMPERATURE CONTROLLER AUTONICS MODEL M4T||TNMD
Track Maintenance Vehicle 3|Electrical Appliance|SWITCHING POWER SUPPLY 240AC TO 24VDC DS100||TNMD
Track Maintenance Vehicle 3|Electrical Appliance|XGT PLC EGP-DC24 PROGRAMABLE LOGIC BOARD||TNMD
Track Maintenance Vehicle 3|Electrical Appliance|METASOL MCCB ABS 202C 250A||TNMD
Track Maintenance Vehicle 3|Electrical Appliance|All Sensor Brand Autonic||TNMD
Track Maintenance Vehicle 3|TMV Genset|STARTER GENSET DENSO 12V PART NO. 17381-63015||TNMD
Track Maintenance Vehicle 3|TMV Genset|ALTERNATOR GENSET DENSO 12V 16404 -||TNMD
Track Maintenance Vehicle 3|TMV Genset|GENSET OIL FILTER PART NO. 16414-32433||TNMD
Track Maintenance Vehicle 3|TMV Genset|ENGINE GENSET FAN BELT PART NO. 17123-97012||TNMD
Track Maintenance Vehicle 3|TMV Genset|ENGINE GENSET FUEL FILTER PART NO. 15521-43161||TNMD
Track Maintenance Vehicle 3|Engine System|DIESEL ENGINE MODEL QSM11 10.8L||TNMD
Track Maintenance Vehicle 3|Engine System|ALTERNATOR MMV PRESTOLITE 28V 160A||TNMD
Track Maintenance Vehicle 3|Engine System|STARTER ENGINE PRESTOLITE ELECTRIC 24V 8.5kW||TNMD
Track Maintenance Vehicle 3|Engine System|ENGINE AIR COMPRESSOR MODEL CP2107 BRAND CUMMINS||TNMD
Track Maintenance Vehicle 3|Engine System|ENGINE MMV BELTING BRAND CUMMINS 3290142X-PK1820||TNMD
Track Maintenance Vehicle 3|Engine System|MMV FUEL FILTER FLEETGUARD FS1000 CUMMINS||TNMD
Track Maintenance Vehicle 3|Engine System|MMV OIL FILTER ENGINE FLEETGUARD KF114000NN CUMMINS||TNMD
Track Maintenance Vehicle 3|Engine System|MMV ENGINE COOLANT FILTER FLEETGUARD WF2075 CUMMINS||TNMD
Track Maintenance Vehicle 3|Engine System|DIESEL TANK 600L||TNMD
Track Maintenance Vehicle 3|Engine System|Fuel System 3090942 3417677/Z003 19101 071 CHN||TNMD
Track Maintenance Vehicle 3|Battery|BATTERY GENSET 12V N702L||TNMD
Track Maintenance Vehicle 3|Battery|BATTERY MMV EJ122500 12V250AH||TNMD
Track Maintenance Vehicle 3|Engine Coolant System|ENGINE BUILT IN WATER PUMP - UNKNOWN SPECS||TNMD
Track Maintenance Vehicle 3|Engine Coolant System|RADIATOR AND COOLING FAN - UNKOWN SPECS||TNMD
Track Maintenance Vehicle 3|Engine Coolant System|COOLANT SPARE TANK||TNMD
Track Maintenance Vehicle 3|Engine Coolant System|ENGINE EXHAUST SYSTEM - UKNOWN SPECS||TNMD
Track Maintenance Vehicle 3|Hydraulic Pump|HYDRAULIC DRIVING MOTOR MODEL SAI BVFK3AR-1250||TNMD
Track Maintenance Vehicle 3|Hydraulic Pump|HYDRAULIC PUMP KAWASAKI K5V200DTP||TNMD
Track Maintenance Vehicle 3|Hydraulic Pump|HYDRAULIC PUMP GEARBOX BRAND STIEBEL TYPE 4380.R7.09905||TNMD
Track Maintenance Vehicle 3|Hydraulic Pump|HYDRAULIC MOTOR PUMP BRAND HIGEN 3 PHASE INDUCTION MOTOR KMH-10-H-E8 10HP 7.5kW||TNMD
Track Maintenance Vehicle 3|Hydraulic Pump|HYDRAULIC PUMP BRAND YUKEN A3H16-LR01KK-10||TNMD
Track Maintenance Vehicle 3|Guide Wheel|NEXEN TIRE 4.00-8 MODEL SOUNDPRO||TNMD
Track Maintenance Vehicle 3|Load Wheel|NEXEN TIRE 23X-110-12 8.00G MODEL CBX||TNMD
Track Maintenance Vehicle 3|Vehicle Body|Seat Workcar||TNMD
Track Maintenance Vehicle 3|Vehicle Body|MAIN BODY KSD 3503 ROLLED STEEL MATERIAL SS400||TNMD
Track Maintenance Vehicle 3|Vehicle Body|CHASSIS KSD 3503 ROLLED STEEL MATERIAL SS400 ( Skru Frame Allen Key Size 6)||TNMD
Track Maintenance Vehicle 3|Vehicle Body|WHEEL AXIS KSD 3752 CARBON STEEL MATERIAL SCM440||TNMD
Track Maintenance Vehicle 3|Panel Drive|SAMHO ELECTRONIC ( ENGINE FUEL)||TNMD
Track Maintenance Vehicle 3|Panel Drive|KOINOX NF30-BM3C ( PUSH BUTTON)||TNMD
Track Maintenance Vehicle 3|Panel Drive|DWT-6216 (TOGGLE SWITCH)||TNMD
Track Maintenance Vehicle 3|Panel Drive|DWT-6316MG (TOGGLE SWITCH)||TNMD
Track Maintenance Vehicle 3|Panel Drive|MRA-ARIDOR KTL-SU02033-1400E (EMG BUTTON)||TNMD
Track Maintenance Vehicle 3|Panel Drive|INDICATOR H5X19 85Z03||TNMD
Track Maintenance Vehicle 3|Panel Drive|INDICATOR 5L128B 8L625||TNMD
Track Maintenance Vehicle 3|Panel Drive|(Attach Level Throttle Minyak, Key start workcar, Button Idel, work semua tu)||TNMD
Track Maintenance Vehicle 3|Panel Trailer|KOINOX NF25-S3 ( SELECTOR SWITCH )||TNMD
Track Maintenance Vehicle 3|Panel Trailer|KOINOX NF30-BM3C ( PUSH BUTTON )||TNMD
Track Maintenance Vehicle 3|Panel Trailer|KOINOX NF25-S2 ( SELECTOR SWITCH )||TNMD
Track Maintenance Vehicle 3|Panel Trailer|DWT - 6216 ( TOGGLE SWITCH )||TNMD
Track Maintenance Vehicle 3|Panel Trailer|KC-24D-3103 ( SELECTOR SWITCH )||TNMD
Track Maintenance Vehicle 3|Panel Trailer|MRA-ARIDOR KTL-SU02033-14004E (EMG BUTTON)||TNMD
Track Maintenance Vehicle 3|Panel Trailer|KOINOX KH-3081EB (HORN)||TNMD
Track Maintenance Vehicle 3|Brake System|Type DB-3020 AFS||TNMD
Track Maintenance Vehicle 3|Crane|SCHNEIDER ELECTRIC ZBE-101||TNMD
Track Maintenance Vehicle 3|Crane|HETRONIC M5-00068||TNMD
Track Maintenance Vehicle 3|Crane|HOOK EZ1598||TNMD
Track Maintenance Vehicle 3|Crane|PALFINGER PK15500||TNMD
Track Maintenance Vehicle 3|Outrigger|VERTICAL||TNMD
Track Maintenance Vehicle 3|Outrigger|HORIZONTAL||TNMD
Track Maintenance Vehicle 3|Outrigger|SENSOR AUTONICS PRDL18-14DP||TNMD
Track Maintenance Vehicle 1|Battery|Brand: Centrury 12V CMBW 002627832||TNMD
Track Maintenance Vehicle 1|Brake System|All Parts Brake System||TNMD
Track Maintenance Vehicle 1|Electrical Appliance|EPS MOULDED CASE CIRCUIT BREAKER HM1-100 100A||TNMD
Track Maintenance Vehicle 1|Electrical Appliance|ABB S203 C50||TNMD
Track Maintenance Vehicle 1|Electrical Appliance|MAX GUARD MB63-1 C32||TNMD
Track Maintenance Vehicle 1|Electrical Appliance|FG NFIN 63/0.3||TNMD
Track Maintenance Vehicle 1|Electrical Appliance|ABL SURSUM C6 1C 5.0M||TNMD
Track Maintenance Vehicle 1|Electrical Appliance|ABB SH 201 C6||TNMD
Track Maintenance Vehicle 1|Electrical Appliance|MAX GUARD MB63-1 C20||TNMD
Track Maintenance Vehicle 1|Electrical Appliance|MAX GUARD MB63-1 C32||TNMD
Track Maintenance Vehicle 1|Electrical Appliance|Schneider iK60N C20A||TNMD
Track Maintenance Vehicle 1|Engine Fuel System|Engine MMV1||TNMD
Track Maintenance Vehicle 1|Engine Fuel System|Starter engine (Attach Model)||TNMD
Track Maintenance Vehicle 1|Engine Fuel System|Alternator engine (Attach Model)||TNMD
Track Maintenance Vehicle 1|Engine Fuel System|Belting Engine MMV1||TNMD
Track Maintenance Vehicle 1|Engine Fuel System|BOSCH Injection Pump Diesel 76530640||TNMD
Track Maintenance Vehicle 1|Engine Fuel System|Oil Filter MMV1||TNMD
Track Maintenance Vehicle 1|Engine Fuel System|Fuel filter engine MMV1 FILTON FF-731||TNMD
Track Maintenance Vehicle 1|Genset|Alternator DENSO 12V 7923-77208||TNMD
Track Maintenance Vehicle 1|Genset|Starter YANMAR 12V WS70-044P||TNMD
Track Maintenance Vehicle 1|Genset|Mikro Earth Leakage Relay S/No. 1187286||TNMD
Track Maintenance Vehicle 1|Genset|Breaker TERAKASI S160-SCF||TNMD
Track Maintenance Vehicle 1|Genset|ABB SH 201 C6||TNMD
Track Maintenance Vehicle 1|Genset|RELAY RCP8 002||TNMD
Track Maintenance Vehicle 1|Genset|MAX SZ22-C401 (Attach Model)||TNMD
Track Maintenance Vehicle 1|Genset|MULTITEK LA22D (Attach Model)||TNMD
Track Maintenance Vehicle 1|Genset|EN 515000 (Attach Model)||TNMD
Track Maintenance Vehicle 1|Genset|AMICO AB2-102 (Attach Model)||TNMD
Track Maintenance Vehicle 1|Genset|WATERPUMP SPEC: CYED 1309||TNMD
Track Maintenance Vehicle 1|Genset|BATTERY AMARON AGG2223||TNMD
Track Maintenance Vehicle 1|Genset|OIL FITER LE PPON OT-10403 F-7219||TNMD
Track Maintenance Vehicle 1|Genset|AIR FILTER||TNMD
Track Maintenance Vehicle 1|Genset|AC GENERATOR SERIAL NO. MDM04110 TYPE MJB 160 MA4||TNMD
Track Maintenance Vehicle 1|Genset|BELTING BANDO FAN BELT A-47.5||TNMD
Track Maintenance Vehicle 1|Guide Wheel|APACHI 4.00-8 RIM3.00 Nut 8x8||TNMD
Track Maintenance Vehicle 1|Hydraulic Pump|SAUER DANFOSS Serial: No. SK 21379871 CONTROL VALVE HYDRAULIC||TNMD
Track Maintenance Vehicle 1|Hydraulic Pump|THROTTLE CONTROL FLEXBALL||TNMD
Track Maintenance Vehicle 1|Hydraulic Pump|PRESSURE GEAR HIGH AND LOW||TNMD
Track Maintenance Vehicle 1|Hydraulic Pump|HYDRAULIC MOTER OMTS 160||TNMD
Track Maintenance Vehicle 1|Hydraulic Pump|Terminal Block Hydraulic||TNMD
Track Maintenance Vehicle 1|Hydraulic Pump|Flow Tank Hydraulic||TNMD
Track Maintenance Vehicle 1|Hydraulic Pump|Traction Axel Hydraulic||TNMD
Track Maintenance Vehicle 1|Hydraulic Pump|Cooller Fan Hydraulic 3 Fan (Attach Model)||TNMD
Track Maintenance Vehicle 1|Hydraulic Pump|Tank Hydraulic||TNMD
Track Maintenance Vehicle 1|Hydraulic Pump|INDUCTION MOTOR FAN HYDRAULIC SERIAL NO. 070760||TNMD
Track Maintenance Vehicle 1|Load Wheel|APACHI 6.00-9 RIM4.00 Nut 8x8||TNMD
Track Maintenance Vehicle 1|Vehicle Body|Seat Workcar||TNMD
Track Maintenance Vehicle 1|Vehicle Body|TRACK MAINTENANCE VEHICLE material: Steel and Aluminum Alloy||TNMD
Track Maintenance Vehicle 1|Vehicle Body|TRAILER material: Steel and Aluminum Alloy||TNMD
Track Maintenance Vehicle 2|Electrical Appliance|SHINOHAWA MY4N||TNMD
Track Maintenance Vehicle 2|Electrical Appliance|IEC 60947-3 (Attach Model)||TNMD
Track Maintenance Vehicle 2|Electrical Appliance|IDEC AVW W65 (Attach Model)||TNMD
Track Maintenance Vehicle 2|Electrical Appliance|IDEC ASW 0201 (Attach Model)||TNMD
Track Maintenance Vehicle 2|Electrical Appliance|IDEC RU4S-D24||TNMD
Track Maintenance Vehicle 2|Electrical Appliance|IDEC RJ2S-CL||TNMD
Track Maintenance Vehicle 2|Electrical Appliance|HBR RMIA21024VDC||TNMD
Track Maintenance Vehicle 2|Electrical Appliance|Schneider Electric Harmony timing relay RM35 I0 33MB||TNMD
Track Maintenance Vehicle 2|Electrical Appliance|TYPE : LM4201TADDK MODEL : PFXLM4201TADDK||TNMD
Track Maintenance Vehicle 2|Electrical Appliance|Tmax T1G T60||TNMD
Track Maintenance Vehicle 2|Electrical Appliance|ABB SH203L||TNMD
Track Maintenance Vehicle 2|Electrical Appliance|ABB SH201L||TNMD
Track Maintenance Vehicle 2|Electrical Appliance|ABB S201M||TNMD
Track Maintenance Vehicle 2|Electrical Appliance|ABB F20C AC||TNMD
Track Maintenance Vehicle 2|Electrical Appliance|S/M MZ-16605||TNMD
Track Maintenance Vehicle 2|Electrical Appliance|MOELLER PLHT-PHLT C100/2||TNMD
Track Maintenance Vehicle 2|Electrical Appliance|PLHT-C100/2||TNMD
Track Maintenance Vehicle 2|Electrical Appliance|YW-EM4 60830 (Attach Model)||TNMD
Track Maintenance Vehicle 2|Electrical Appliance|ML 52621||TNMD
Track Maintenance Vehicle 2|Electrical Appliance|ET-7060||TNMD
Track Maintenance Vehicle 2|Electrical Appliance|AR22 JR (Attach Model)||TNMD
Track Maintenance Vehicle 2|Electrical Appliance|Multi9 C60 C32||TNMD
Track Maintenance Vehicle 2|Electrical Appliance|Multi9 C60 C20||TNMD
Track Maintenance Vehicle 2|Electrical Appliance|Hager MT 110A B10||TNMD
Track Maintenance Vehicle 2|Electrical Appliance|LS BKN C20||TNMD
Track Maintenance Vehicle 2|Electrical Appliance|ABB FH204 AC||TNMD
Track Maintenance Vehicle 2|Electrical Appliance|Nader NDM1-63 C32||TNMD
Track Maintenance Vehicle 2|Electrical Appliance|ABB SH 201 L C20||TNMD
Track Maintenance Vehicle 2|Electrical Appliance|VISOINTECH KST-35N (Attach Model & Gmbr Brg)||TNMD
Track Maintenance Vehicle 2|Electrical Appliance|THROTTLE PANEL RT100-T-P1(10K)-02(89)-HD15 (Attach Model & Gmbr Brg)||TNMD
Track Maintenance Vehicle 2|TMV Genset|Brand: DENSO 8-97358062-1 and 428000-2081||TNMD
Track Maintenance Vehicle 2|TMV Genset|Engine Genset||TNMD
Track Maintenance Vehicle 2|TMV Genset|Alternator (Attach Model)||TNMD
Track Maintenance Vehicle 2|TMV Genset|OSK OIL FILTER O-6746 & 8-94391049-0||TNMD
Track Maintenance Vehicle 2|TMV Genset|OSAKA GENUINE FILTERS 16403-Z7000||TNMD
Track Maintenance Vehicle 2|TMV Genset|BELTING 8972322380CR||TNMD
Track Maintenance Vehicle 2|Motor Drive|Tachometer Nanyang Q/JBQG5 model ZYS 110V||TNMD
Track Maintenance Vehicle 2|Motor Drive|MEGADRIVE type 160-31-Z S/N 4406-23||TNMD
Track Maintenance Vehicle 2|Motor Drive|MOTOR GEARBOX Dinani RA 512 NF CODE: JEQFSO501000000||TNMD
Track Maintenance Vehicle 2|Battery|Brand: Centrury 12V 32B 13W||TNMD
Track Maintenance Vehicle 2|Guide Wheel|GUIDEWHEEL TMV2 AND TRAILER||TNMD
Track Maintenance Vehicle 2|Load Wheel|MMV- CONTINENTAL CSE-ROBUST SC18 200/75-9/6.00 134 A5||TNMD
Track Maintenance Vehicle 2|Load Wheel|TRAILER- BERGOUGNAN 21x8-9||TNMD
Track Maintenance Vehicle 2|Load Wheel|Attach Axle||TNMD
Track Maintenance Vehicle 2|Vehicle Body|TRACK MAINTENANCE VEHICLE material: Steel and Aluminum Alloy||TNMD
Track Maintenance Vehicle 2|Vehicle Body|TRAILER material: Steel and Aluminum Alloy||TNMD
Track Maintenance Vehicle 2|Vehicle Body|Seat Workcar||TNMD
Track Maintenance Vehicle 2|Brake System|All Parts Brake System||TNMD
Track Maintenance Vehicle 2|Hydraulic Pump|CRANE MODEL: MICRO M30A 13 SERIAL NO. 0304-1712 (Gmbr bagi Clear)||TNMD
Track Maintenance Vehicle 2|Hydraulic Pump|OUTRIGGER VERTICAL||TNMD
Track Maintenance Vehicle 2|Hydraulic Pump|OUTRIGGER HORIZONTAL||TNMD
Track Maintenance Vehicle 2|Hydraulic Pump|(Attach Motor Pump Hydraulic)||TNMD
Traverser|Hydraulic|nan||TNMD
Traverser|Beam Carriage|nan||TNMD
Traverser|Tranveser beam|nan||TNMD
Traverser|Electrical Part|nan||TNMD
Overhead Crane 1 & 2|Hoist and travelling system|nan||TNMD
Overhead Crane 1 & 2|Electrical System|nan||TNMD
Overhead Crane 3 & 4|Hoist and travelling system|nan||TNMD
Overhead Crane 3 & 4|Electrical System|nan||TNMD
Pedestal Drill|Vee Belts|nan||TNMD
Pedestal Drill|Pedestal frame|nan||TNMD
Pedestal Drill|Electric Motor|nan||TNMD
Pedestal Grinder|Grinding wheel|Grinding stone 8||TNMD
Pedestal Grinder|Pedestal frame|Steel Frame||TNMD
Pedestal Grinder|Electric Motor|240VAC Single Phase Electric Motor 0.6Hp 480 Watt||TNMD
Pedestal Grinder|Electric Motor|Power switch||TNMD
Compressor 1 & 2|Motor|Siemens (E0270/010755/6 030) (37kW 415V 50Hz) (IEC/EN 60034)||TNMD
Compressor 1 & 2|Screw Compressor|Atlas Copco oil-injected rotary screw air compressor (TYPE : 1613 9665 82) (SN : 20868) (DRWG : 1613 9665 82)||TNMD
Compressor 1 & 2|Screw Compressor|Type: OIS K-26 Part No.: 1616 6512 80 Serial No.: A1A40344499 Manufacturer: AIRTEC||TNMD
Compressor 1 & 2|Hoses|Braided stainless steel hose||TNMD
Compressor 1 & 2|Condenser|nan||TNMD
Compressor 1 & 2|Filter|Atlas Copco oil filter 1613 6105 00||TNMD
Compressor 1 & 2|Filter|Atlas Copco Element Safety Cartridge Part Numbers: 1613 7398 80 and 1613 7407 00 Function: Ensures enhanced air purity in compressed air systems||TNMD
Compressor 1 & 2|Filter|Filter To remove contaminants like liquid water from the compressed air stream.||TNMD
Compressor 1 & 2|Air Dry Unit|Atlas Copco Air Dryer (Type : F140 8102344816) (Serial nr : COX726950) (240 V 1 PHASE 50HZ)||TNMD
Compressor 1 & 2|Electric & Electronic Part|Brand: ABB Model: SACE S1n Poles: 3-pole Rated Current: 125 A Voltage: 500 V AC||TNMD
Compressor 1 & 2|Electric & Electronic Part|Monitor Part nr : 1900 0710 12 Serial nr : 12101612052||TNMD
Compressor 1 & 2|Electric & Electronic Part|Emergency Stop Button Siemens IEC 947-5-1 VDE 0660||TNMD
Compressor 1 & 2|Electric & Electronic Part|Siemens 4am3895-0ar50-0nn2 id nr : 68100272 pri : 400V sec : 230V||TNMD
Compressor 1 & 2|Electric & Electronic Part|1. Contactors 2. Auxillary Contact 3. Motor Starter Protector (Pecahkan Ikut Model & More Detail)||TNMD
Compressor 1 & 2|Electric & Electronic Part|Siemens Part Number: 4AJ4601-0FB Primary Voltage: 230V or 115V Secondary Voltage: 24V Power Rating: 16VA (0.016 kVA)||TNMD
Compressor 1 & 2|Electric & Electronic Part|Siemens Fuse 4A 3NW7 011||TNMD
Compressor 1 & 2|Tank|Air tank serial nr : YF/12/ 78.5 volume 2000L Safety blown down valve of air receiver tank (Detail Size Thread Valve 3/4 or 1/2)||TNMD
Compressor 3 & 4|Motor|Siemens E1111/81573 02 (22kW 415V 50Hz)||TNMD
Compressor 3 & 4|Monitor Compressor|Controlled valve||TNMD
Compressor 3 & 4|Monitor Compressor|Largo air monitor (sn : 75131134101) (part nm : 1900 0713 75)||TNMD
Compressor 3 & 4|Monitor Compressor|Pressure meter||TNMD
Compressor 3 & 4|Monitor Compressor|Safety valve Model : A3W.06 Size : 3/4 Set press : 150 p.s.i||TNMD
Compressor 3 & 4|Monitor Compressor|Safety blown down valve of air receiver tank (Size Thread tako angin)||TNMD
Compressor 3 & 4|Air dry Unit|MODEL : ED-34A||TNMD
Compressor 3 & 4|Filter|Oil filter||TNMD
Compressor 3 & 4|Electric & Electronic Part|(Detail Contactor)||TNMD
Compressor 3 & 4|Electric & Electronic Part|Contactor (Detail Contactor)||TNMD
Compressor 3 & 4|Electric & Electronic Part|Fuse 32Amp||TNMD
Compressor 3 & 4|Electric & Electronic Part|Transfomer||TNMD
Compressor 3 & 4|Electric & Electronic Part|RCCB Schneider 60Amp 300mA||TNMD
Compressor 3 & 4|Electric & Electronic Part|MCCB Hitachi 100A (FXK125-S)||TNMD
Compressor 3 & 4|Electric & Electronic Part|MCCB Hitachi 60A (FXK125-S)||TNMD
Compressor 3 & 4|Electric & Electronic Part|AC magnetic contact (Hitachi H50)||TNMD
Compressor 3 & 4|Electric & Electronic Part|Thermal Overload Relay||TNMD
Compressor 3 & 4|Electric & Electronic Part|PUSH BUTTON PMC PB-22MB-EA.1||TNMD
Compressor 3 & 4|Electric & Electronic Part|LED PILOT LAMP SIMATEC AD22B-22DS||TNMD
Compressor 3 & 4|Hoses|Selector switch||TNMD
Compressor 5, 6 & 7|Motor|Belting (MITSUBOSHI B-93)||TNMD
Compressor 5, 6 & 7|Motor|HYUNDAI (7.5kW 10hp) (HL133SR259EKI)||TNMD
Compressor 5, 6 & 7|Tank|Solenoid valve||TNMD
Compressor 5, 6 & 7|Tank|Safety valve||TNMD
Compressor 5, 6 & 7|Tank|Air valve||TNMD
Compressor 5, 6 & 7|Tank|Tank Model : AR10P MFG : 1204325K Power : 7.5kW Tank Liter : 240L||TNMD
Compressor 5, 6 & 7|Tank|Meter Pressure||TNMD
Compressor 5, 6 & 7|Filter|Suction filter ACCP86||TNMD
Compressor 5, 6 & 7|Hoses|nan||TNMD
Compressor 5, 6 & 7|Electric & Electronic Part|AC magnetic contactor HITACHI H20 05A13||TNMD
Compressor 5, 6 & 7|Electric & Electronic Part|Thermal overload relay HITACHI 04K11||TNMD
Compressor 5, 6 & 7|Electric & Electronic Part|AC magnetic contactor HITACHI H10 30K11||TNMD
Compressor 5, 6 & 7|Electric & Electronic Part|Thermal overload relay HITACHI 24H12||TNMD
Compressor 5, 6 & 7|Electric & Electronic Part|MCCB 40amp HITACHI FXK-25-S||TNMD
Compressor 5, 6 & 7|Electric & Electronic Part|MCCB 40amp HITACHI FXK-25-S||TNMD
Compressor 5, 6 & 7|Electric & Electronic Part|RCCB 40amp MERLIN GERIN||TNMD
Compressor 5, 6 & 7|Electric & Electronic Part|Transformer Wyes Model : IP-50VA Pri : 415v Sec : 220v||TNMD
Compressor 5, 6 & 7|Electric & Electronic Part|MCB C10, C6 HITACHI||TNMD
Compressor 5, 6 & 7|Electric & Electronic Part|Thermostat Honeywell T6360||TNMD
Compressor 5, 6 & 7|Electric & Electronic Part|Contactor Metasol MC-22b Thermal Overload Relay Metasol MC-32||TNMD
Compressor 5, 6 & 7|Electric & Electronic Part|Fuse||TNMD
Compressor 5, 6 & 7|Electric & Electronic Part|Selector switch||TNMD
Compressor 5, 6 & 7|Electric & Electronic Part|LED PILOT LAMP PUSH BUTTON||TNMD
Compressor 5, 6 & 7|Electric & Electronic Part|LED PILOT LAMP SIMATEC AD22B-22DS||TNMD
Compressor 5, 6 & 7|Electric & Electronic Part|PUSH BUTTON PMC PB-22MB-EA.1||TNMD
Hydraulic Press|Frame|Brand - OMCN (Italy) Model-ART164R Height-2260mm Width-900mm Weight-1100kg||TNMD
Hydraulic Press|Hydraulic|Hydraulic Motor - ELMOR MT100-B4 3KW 415V||TNMD
Hydraulic Press|Hydraulic|Distributor Lever||TNMD
Hydraulic Press|Hydraulic|Hose - Dunlop HIFLEX, 6015 PSI, 0.5 inch||TNMD
Hydraulic Press|Hydraulic|Pressure Regulating Valve||TNMD
Hydraulic Press|Hydraulic|Hydraulic Cylinder||TNMD
Hydraulic Press|Hydraulic|Pressure Gauge||TNMD
Hydraulic Press|Electrical Part|DOL Starter||TNMD
Hydraulic Press|Electrical Part|FIBER Model E55-F63 Monitoring Relay||TNMD
Hydraulic Press|Electrical Part|ELETTROVALVOLA Voltage Transformer 230/400VAC Input, 24VAC Output||TNMD
Hydraulic Press|Electrical Part|TAIAN JAYA C-18L AC Magnetic Contactor with TAIAN JAYA overload relay||TNMD
Bogie Drop Pit|Bogie Drop Pit 1|Rotating Table||TNMD
Bogie Drop Pit|Bogie Drop Pit 1|Lift Cylinder and Support Frame||TNMD
Bogie Drop Pit|Bogie Drop Pit 1|Solonoids||TNMD
Bogie Drop Pit|Bogie Drop Pit 1|Hydraulic Parts||TNMD
Bogie Drop Pit|Bogie Drop Pit 1|Electric & Electronic Parts||TNMD
Bogie Drop Pit|Bogie Drop Pit 2|Lift Cylinder and Support Frame||TNMD
Bogie Drop Pit|Bogie Drop Pit 2|Hydraulic System||TNMD
Bogie Drop Pit|Bogie Drop Pit 2|Electric & Electronic Parts||TNMD
Bogie Test Machine|Hydraulic|Bosch Rexroth CDT3-ME6-50-36-200-F Hydraulic Cylinder||TNMD
Bogie Test Machine|Motor|BRANCO 22kw BR180L, 3 phase 415 (Roller Motor)||TNMD
Bogie Test Machine|Motor|BRANCO 22kw BR180L, 3 phase 415 (Gear Motor)||TNMD
Bogie Test Machine|Moving Parts|Steel Roller||TNMD
Bogie Test Machine|Moving Parts|"Roller Chain Pitch =5/8"", lenght 3194mm TBD"||TNMD
Bogie Test Machine|Moving Parts|Pillow Block UCP310 (set screw)||TNMD
Bogie Test Machine|Moving Parts|V belt BANDO SPZ1537 LW||TNMD
Bogie Test Machine|Moving Parts|V belt BANDO SPZ1462||TNMD
Bogie Test Machine|Electrical System|DELTA C2000 VFD Motor Inverter (Gear Motor)||TNMD
Bogie Test Machine|Electrical System|DELTA C2000 VFD Motor Inverter (Roller Motor)||TNMD
Bogie Test Machine|Electrical System|Motor Contactor Brand : Fuji Electric 240VAC Model : SC-N3||TNMD
Bogie Test Machine|Electrical System|Main Circuit Breaker Terasaki S160-SCF 100A||TNMD
Bogie Test Machine|Electrical System|MW MEAN WELL DR-110/240 VAC input, 24 VDC output Power Supply||TNMD
Bogie Test Machine|Electrical System|HUCHOO SN04-N Inductive Proximity Sensor 10-30V||TNMD
Bogie Test Machine|Electrical System|F&C Proximity Switch F3N-18TN05-N||TNMD
Center Lathe Machine|Vee Belts|VBELT A1854||TNMD
Center Lathe Machine|Bed/Lead Screws|nan||TNMD
Center Lathe Machine|Saddle|nan||TNMD
Center Lathe Machine|Tool Post|nan||TNMD
Center Lathe Machine|Chuck|nan||TNMD
AUTOMATIC TRAIN WASH PLANT|Motion rails trimming|GUIDE TRACK W = 32mm H = 36mm L = 12m||TNMD
AUTOMATIC TRAIN WASH PLANT|Motion rails trimming|BASE HOLDING GUIDE TRACK Ø = 125mm||TNMD
AUTOMATIC TRAIN WASH PLANT|Motion rails trimming|LIMIT STOP BUFFER Ø = 50 mm H = 30 mm||TNMD
AUTOMATIC TRAIN WASH PLANT|Motion rails trimming|CASTOR ROLLER Ø = 130mm W = 72mm||TNMD
AUTOMATIC TRAIN WASH PLANT|Motion rails trimming|DRIVE UNIT OC-motor 0,75 kW, 230 / 400 V, 50 Hz, 1450 min-1||TNMD
AUTOMATIC TRAIN WASH PLANT|Safety devices|STORM PROTECTION 24V||TNMD
AUTOMATIC TRAIN WASH PLANT|Safety devices|PROXIMITY SENSOR Proximity switch 6 m cable, M 18 IG-3010-BPKG, 10-36 V / DC, inductive closer contact||TNMD
AUTOMATIC TRAIN WASH PLANT|Safety devices|LIGHT BARRIER (TX/RX) Light barrier TLR-3-30-06, receiver with 30 m cable Light barrier TLT-5-30-06, emitter with 30m cable||TNMD
AUTOMATIC TRAIN WASH PLANT|Safety devices|DIGITAL SIGN BOARD TFO14-8X48-R AC 220V, 50Hz S/N 18012070036 15 x 70 cm||TNMD
AUTOMATIC TRAIN WASH PLANT|Safety devices|EMERGENCY STOP - EXTERNAL FAK-R/V/KC 010/IY||TNMD
AUTOMATIC TRAIN WASH PLANT|Safety devices|EMERGENCY STOP - BOARD PANEL||TNMD
AUTOMATIC TRAIN WASH PLANT|Safety devices|TRAFFIC LIGHT -2-lights signal traffic light red / green, LED, 230 V -3-lights signal traffic light, green / red / white, LED 230 V||TNMD
AUTOMATIC TRAIN WASH PLANT|Light barriers|LIGHT BARRIER (TX/RX) Light barrier TLR-3-30-06, receiver with 30 m cable Light barrier TLT-5-30-06, emitter with 30m cable||TNMD
AUTOMATIC TRAIN WASH PLANT|Under-chassis cylinder|HORIZONTAL CYLINDER Full brush shell 300 x 350 mm dense||TNMD
AUTOMATIC TRAIN WASH PLANT|Under-chassis cylinder|Spraying pipe for under-floor||TNMD
AUTOMATIC TRAIN WASH PLANT|Under-chassis cylinder|DRIVE UNIT - CYLINDER OC-motor 1,5 kW, 400 V, 50 Hz, 1450 min-1||TNMD
AUTOMATIC TRAIN WASH PLANT|Water system|SWITCHBOARD PLANT PANEL SYSTEM TYPE : TRAINWASH C5400 400V 3/N/PE~50Hz, 48kW, 85A||TNMD
AUTOMATIC TRAIN WASH PLANT|Water system|FRESH WATER STORAGE TANK 2,000L||TNMD
AUTOMATIC TRAIN WASH PLANT|Water system|WATER SYSTEM||TNMD
AUTOMATIC TRAIN WASH PLANT|Water system|FLOW PIPE 28 mm||TNMD
AUTOMATIC TRAIN WASH PLANT|Water system|FLOW PIPE 50 mm||TNMD
AUTOMATIC TRAIN WASH PLANT|Water system|TE3-100P WATER RECLAIM SYSTEM||TNMD
AUTOMATIC TRAIN WASH PLANT|Water system|CARBON FILTER VESSEL||TNMD
AUTOMATIC TRAIN WASH PLANT|Water system|AIR RELIEF VALVE (Brpa Bar)||TNMD
AUTOMATIC TRAIN WASH PLANT|Water system|DRAIN VALVE||TNMD
AUTOMATIC TRAIN WASH PLANT|Water system|WATER CONNECTION||TNMD
AUTOMATIC TRAIN WASH PLANT|Water system|DOUBLE WATER NOZZLE R ¼ / 􀇪, 60°||TNMD
AUTOMATIC TRAIN WASH PLANT|Water system|Spraying pipe complete||TNMD
AUTOMATIC TRAIN WASH PLANT|Water system|NOZZLES||TNMD
AUTOMATIC TRAIN WASH PLANT|Water system|"HP-flat jet nozzle ¼"", 39,58 l/min, 100 bar, 60°"||TNMD
AUTOMATIC TRAIN WASH PLANT|Water system|"Flat jet nozzle ¼"" 1,9 l/min 3 bar 60°"||TNMD
AUTOMATIC TRAIN WASH PLANT|Water system|"Flat jet nozzle ¼"", 5,81 l/min, 3 bar, 60°"||TNMD
AUTOMATIC TRAIN WASH PLANT|Water system|Pressure tube, nominal diameter 32-5||TNMD
AUTOMATIC TRAIN WASH PLANT|Water system|"Solenoid valve 5281 2/2 DN32 1¼"" 24 V"||TNMD
AUTOMATIC TRAIN WASH PLANT|Water system|Level sensor NVS 110.4 PP with 4 cable weights||TNMD
AUTOMATIC TRAIN WASH PLANT|Water system|Electric Actuator 24DC, 2A||TNMD
AUTOMATIC TRAIN WASH PLANT|Switchboard Plant|Switchboard plant||TNMD
AUTOMATIC TRAIN WASH PLANT|Switchboard Plant|Distance sleeve 6,2 x 20 x 19 mm||TNMD
AUTOMATIC TRAIN WASH PLANT|Switchboard Plant|Key for switchgear cabinet size 5||TNMD
AUTOMATIC TRAIN WASH PLANT|Switchboard Plant|Earthing strip 300/16 mm 5S||TNMD
AUTOMATIC TRAIN WASH PLANT|Switchboard Plant|End terminal 6 mm, grey||TNMD
AUTOMATIC TRAIN WASH PLANT|Switchboard Plant|Two-tier terminal 2,5 mm²||TNMD
AUTOMATIC TRAIN WASH PLANT|Switchboard Plant|End plate terminal||TNMD
AUTOMATIC TRAIN WASH PLANT|Switchboard Plant|Two-tier terminal 4cinductors 2,5 mm²||TNMD
AUTOMATIC TRAIN WASH PLANT|Switchboard Plant|Terminal, 2,5 mm²||TNMD
AUTOMATIC TRAIN WASH PLANT|Switchboard Plant|Terminal with jumper 2,5 mm² double||TNMD
AUTOMATIC TRAIN WASH PLANT|Switchboard Plant|Terminal with jumper, 2,5 mm², triple||TNMD
AUTOMATIC TRAIN WASH PLANT|Switchboard Plant|Two-tier terminal 2,5 mm² ye/gn||TNMD
AUTOMATIC TRAIN WASH PLANT|Switchboard Plant|Feed-through terminal / 2 conductors 2,5 mm²||TNMD
AUTOMATIC TRAIN WASH PLANT|Switchboard Plant|Protective conductor terminal 2 conductor 2,5 mm²||TNMD
AUTOMATIC TRAIN WASH PLANT|Switchboard Plant|Universal terminal 35 mm² UK 35||TNMD
AUTOMATIC TRAIN WASH PLANT|Switchboard Plant|Protective conductor terminal 35 mm² USLKG35||TNMD
AUTOMATIC TRAIN WASH PLANT|Switchboard Plant|Protective conductor 95 mm²||TNMD
AUTOMATIC TRAIN WASH PLANT|Switchboard Plant|Main switch emergency stop||TNMD
AUTOMATIC TRAIN WASH PLANT|Switchboard Plant|Emergency stop button M22-PV||TNMD
AUTOMATIC TRAIN WASH PLANT|Switchboard Plant|Selection button M22-WR||TNMD
AUTOMATIC TRAIN WASH PLANT|Switchboard Plant|Fastening adaptor M22-A||TNMD
AUTOMATIC TRAIN WASH PLANT|Switchboard Plant|Contact element button M22-CK 10||TNMD
AUTOMATIC TRAIN WASH PLANT|Switchboard Plant|Contact element push button M22-CK 01||TNMD
AUTOMATIC TRAIN WASH PLANT|Switchboard Plant|Secondary shield support M22SST- X||TNMD
AUTOMATIC TRAIN WASH PLANT|Switchboard Plant|Auxiliary contactor 24 V DC CA3SK11BD||TNMD
AUTOMATIC TRAIN WASH PLANT|Switchboard Plant|Power contactor 24 V DC LP1K0610BD3||TNMD
AUTOMATIC TRAIN WASH PLANT|Switchboard Plant|Contactor 24 V 5,5KW DC LP1K1210BD3||TNMD
AUTOMATIC TRAIN WASH PLANT|Switchboard Plant|Reversing contactor 24 V DC 2,2 kW LP2K0610BD3||TNMD
AUTOMATIC TRAIN WASH PLANT|Switchboard Plant|Light barrier, amplifier relay 24 V||TNMD
AUTOMATIC TRAIN WASH PLANT|Switchboard Plant|Level device VNV-E 24 V DC||TNMD
AUTOMATIC TRAIN WASH PLANT|Switchboard Plant|Gripping relay||TNMD
AUTOMATIC TRAIN WASH PLANT|Switchboard Plant|Emergency-stop shut off relay 24 V DC||TNMD
AUTOMATIC TRAIN WASH PLANT|Switchboard Plant|Motor inductor VW3 SKMD 100 I 010UA2 A||TNMD
AUTOMATIC TRAIN WASH PLANT|Switchboard Plant|Frequency transformer 1500 W / 3 x 230 V, ATV 312 HU15M2||TNMD
AUTOMATIC TRAIN WASH PLANT|Switchboard Plant|Electronic fuse 24 V / DC, adjustable 4, 6, 8 , 10 A||TNMD
AUTOMATIC TRAIN WASH PLANT|Switchboard Plant|Motor protection switch 1,6 - 2,5 A||TNMD
AUTOMATIC TRAIN WASH PLANT|Switchboard Plant|Motor protection switch PKZMO 2,5 - 4 / NHI-E-10||TNMD
AUTOMATIC TRAIN WASH PLANT|Switchboard Plant|Motor protection switch 6,3 - 10 A||TNMD
AUTOMATIC TRAIN WASH PLANT|Switchboard Plant|Motor protection switch PKZM0 1 - 1,6 / NHI-E-10||TNMD
AUTOMATIC TRAIN WASH PLANT|Switchboard Plant|Supply block 63A BTC25IC for motor protection switch||TNMD
AUTOMATIC TRAIN WASH PLANT|Switchboard Plant|Relay, soft start, 400 V, 1,1 kW, 3 A, 50 / 60 Hz||TNMD
AUTOMATIC TRAIN WASH PLANT|Switchboard Plant|Power supply unit 400 V AC / 24 V DC, 50 / 60 Hz, 3-phase||TNMD
AUTOMATIC TRAIN WASH PLANT|Switchboard Plant|Buffering for 24 VDC consumers 24 V DC, 0-20 A, max. 4||TNMD
AUTOMATIC TRAIN WASH PLANT|Switchboard Plant|SPS - digital input module DI9371, 12 inputs, 24 V DC sink||TNMD
AUTOMATIC TRAIN WASH PLANT|Switchboard Plant|SPS - digital output module DO9322, 12 outputs, 24 VDC, 0.5 A, source||TNMD
AUTOMATIC TRAIN WASH PLANT|Switchboard Plant|X20 CPU Celeron 266 compact||TNMD
AUTOMATIC TRAIN WASH PLANT|Switchboard Plant|SPS - bus transmitter BT9400, X2X Link||TNMD
AUTOMATIC TRAIN WASH PLANT|Switchboard Plant|SPS-Compact Flash 64 MB||TNMD
AUTOMATIC TRAIN WASH PLANT|Switchboard Plant|SPS - bus module BM11, 24 V coded interconnected internal I/O supply||TNMD
AUTOMATIC TRAIN WASH PLANT|Switchboard Plant|SPS - X20 terminal block, 12-pin||TNMD
AUTOMATIC TRAIN WASH PLANT|Switchboard Plant|SPS - Interface module CS1030, 1 x RS485/RS422||TNMD
AUTOMATIC TRAIN WASH PLANT|Switchboard Plant|SPS - supply bus module BM05, with node number switch internal I/O supply is separated to the left||TNMD
AUTOMATIC TRAIN WASH PLANT|Switchboard Plant|Christ power measurement CPM400||TNMD
AUTOMATIC TRAIN WASH PLANT|Switchboard Plant|Phoenix mounting railbusconnector, 5-pol. ME 22,5 TBUS 1,5/PPPSS-3,81 BK||TNMD
AUTOMATIC TRAIN WASH PLANT|Switchboard Plant|Phoenix Mounting rail- Busconnector, 5-pol ME22,5 TBUS 1,5/5-ST-3,81 KMGY||TNMD
AUTOMATIC TRAIN WASH PLANT|Switchboard Plant|Lighting for switchboard cabinet 11 W 230 V||TNMD
AUTOMATIC TRAIN WASH PLANT|Switchboard Plant|Operation panel BTA321||TNMD
AUTOMATIC TRAIN WASH PLANT|Switchboard Plant|Fan 24 V DC||TNMD
AUTOMATIC TRAIN WASH PLANT|Operation Terminal UBT-S|Operation terminal UBT-S||TNMD
AUTOMATIC TRAIN WASH PLANT|Operation Terminal UBT-S|Cabinet UBT-S||TNMD
AUTOMATIC TRAIN WASH PLANT|Operation Terminal UBT-S|Mounting frame||TNMD
AUTOMATIC TRAIN WASH PLANT|Operation Terminal UBT-S|– Retaining angle left for display – Retaining angle right for display||TNMD
AUTOMATIC TRAIN WASH PLANT|Operation Terminal UBT-S|– Electric installation parts UBT-S||TNMD
AUTOMATIC TRAIN WASH PLANT|Operation Terminal UBT-S|Mounting plate for fan||TNMD
AUTOMATIC TRAIN WASH PLANT|Operation Terminal UBT-S|Cooling fan 60 x 60 x 25 mm 24 V||TNMD
AUTOMATIC TRAIN WASH PLANT|Operation Terminal UBT-S|Fan filter||TNMD
AUTOMATIC TRAIN WASH PLANT|Operation Terminal UBT-S|Sealing for foil keypad||TNMD
AUTOMATIC TRAIN WASH PLANT|Operation Terminal UBT-S|Switch element emergency stop||TNMD
AUTOMATIC TRAIN WASH PLANT|Operation Terminal UBT-S|Operation panel BTA321||TNMD
AUTOMATIC TRAIN WASH PLANT|Operation Terminal UBT-S|Supporting column H 1300mm UBT||TNMD
AUTOMATIC TRAIN WASH PLANT|Operation Terminal UBT-S|Data cable 10 x 1 mm² + 2 x 2 x 0,25 mm² (piece goods)||TNMD
AUTOMATIC TRAIN WASH PLANT|Operation Panel|Operation panel||TNMD
AUTOMATIC TRAIN WASH PLANT|Operation Panel|Key switch M22S-WRS 2 positionings||TNMD
AUTOMATIC TRAIN WASH PLANT|Operation Panel|Pushbutton illuminated white M22-DL-W||TNMD
AUTOMATIC TRAIN WASH PLANT|Operation Panel|Blind cover M22s-B||TNMD
AUTOMATIC TRAIN WASH PLANT|Operation Panel|Indicator light M22-L-R red||TNMD
AUTOMATIC TRAIN WASH PLANT|Operation Panel|Contact element button M22-CK 10||TNMD
AUTOMATIC TRAIN WASH PLANT|Operation Panel|LED-element white M22-CLEDW 18-30 V AC/DC||TNMD
AUTOMATIC TRAIN WASH PLANT|Operation Panel|LED-element red M22-CLED-R 18-30 V AC/DC||TNMD
AUTOMATIC TRAIN WASH PLANT|Operation Panel|Fastening adaptor M22-A||TNMD
AUTOMATIC TRAIN WASH PLANT|Operation Panel|Protective conductor terminal 2 conductor 2,5 mm²||TNMD
AUTOMATIC TRAIN WASH PLANT|Operation Panel|Feed-through terminal / 2 conductors 2,5 mm²||TNMD
AUTOMATIC TRAIN WASH PLANT|Operation Panel|End plate terminal 2,5 mm²||TNMD
AUTOMATIC TRAIN WASH PLANT|Operation Panel|End terminal 6 mm, grey||TNMD
AUTOMATIC TRAIN WASH PLANT|Operation Panel|Secondary shield support M22SST- X||TNMD
AUTOMATIC TRAIN WASH PLANT|Trimming|BRUSH Full brush shell 1 Splash protection, horizontal cylinder 2 Lateral cylinder, left 3 Emergency-stop switching device 4 Under-chassis cylinder, left 5 Vertical, left 6 Drive unit, left 7 Horizontal cylinder 8 Lateral cylinder, right 9 Drive unit, right 10 Under-chassis cylinder, right 11 Vertical, right||TNMD
AUTOMATIC TRAIN WASH PLANT|Trimming|HORIZONTAL BRUSH||TNMD
AUTOMATIC TRAIN WASH PLANT|Trimming|VERTICAL BRUSH||TNMD
AUTOMATIC TRAIN WASH PLANT|Trimming|UNDER-CHASSIS BRUSH||TNMD
AUTOMATIC TRAIN WASH PLANT|Hoses (supply lines)|Pressure tube, nominal diameter 4 x 1 mm (piece goods) -Placed at the air distributor complete||TNMD
AUTOMATIC TRAIN WASH PLANT|Hoses (supply lines)|Pressure tube, nominal diameter 8 x 1 mm (piece goods) -Placed at the supply device 1,5 kW, 100 l/min, 3 bar -Placed at the bypass ½“ / ⅜“ / -Placed at the supply device 2,2 kW, 180 l/min, 3 bar -Placed at the supply device 3,0 kW, 300 l/min, 3 bar||TNMD
AUTOMATIC TRAIN WASH PLANT|Hoses (supply lines)|Tube NW 8 x 2,5 mm (piece goods) -Placed at metering unit||TNMD
AUTOMATIC TRAIN WASH PLANT|Hoses (supply lines)|Pressure tube nominal diameter 8- 2 mm, 2 bar (piece goods) -Placed at metering unit||TNMD
AUTOMATIC TRAIN WASH PLANT|Hoses (supply lines)|Pressure tube nominal diameter 10-3, 21 bar (piece goods) -Placed at the train wash unit C1000 SOA WH 4700 -Placed at the train wash unit C1000 SOA WH 2000||TNMD
AUTOMATIC TRAIN WASH PLANT|Hoses (supply lines)|Pressure tube NW 13-4, 20 bar (piece goods) -Placed at the rising equipment.||TNMD
AUTOMATIC TRAIN WASH PLANT|Hoses (supply lines)|Pressure tube, nominal diameter 19-4,5 mm, 25 bar (piece goods) -Placed at the train wash unit C1000 SOA WH 4700 -Placed at the train wash unit C1000 SOA WH 2000||TNMD
AUTOMATIC TRAIN WASH PLANT|Hoses (supply lines)|Pressure tube nominal diameter 19-4 (piece goods) -Placed at the supply device 1,5 kW, 100 l/min, 3 bar -Placed at the supply device 2,2 kW, 180 l/min, 3 bar||TNMD
AUTOMATIC TRAIN WASH PLANT|Hoses (supply lines)|Pressure tube, nominal diameter 25-4,5 15 bar (piece goods) -Placed at pre spraying equipment. -Placed at the supply device 1,5 kW, 100 l/min, 3 bar -Placed at the supply device 2,2 kW, 180 l/min, 3 bar||TNMD
AUTOMATIC TRAIN WASH PLANT|Hoses (supply lines)|Pressure tube NW 32-6 20 bar (piece goods) -Placed at cooling/ warm up equipment -Placed at the pre spray equipment -Placed at the rising equipment -Placed at the supply device 3,0 kW, 300 l/min, 3||TNMD
AUTOMATIC TRAIN WASH PLANT|Hoses (supply lines)|Pressure tube, nominal diameter 32-5 -Placed at the FRESH WATER POWER SUPPLY ISOLATION||TNMD
AUTOMATIC TRAIN WASH PLANT|Hoses (supply lines)|Suction tube nominal diameter 50- 5,4 7 bar (piece goods) -Placed at the Supply device 1,5 kW, 100 l/min, 3 bar -Placed at the supply device 2,2 kW, 180 l/min, 3 bar -Placed at the supply device 3,0 kW, 300 l/min, 3 bar||TNMD
AUTOMATIC TRAIN WASH PLANT|Tilt safety device|TILT SAFETY DEVICE Front and rear of the drive unit’s frames||TNMD
AUTOMATIC TRAIN WASH PLANT|Guide pulley|GUIDE PULLEY Lifting device Washer for toothed belt Z40-8 M 50||TNMD
AUTOMATIC TRAIN WASH PLANT|Wire rope|WIRE ROPE||TNMD
AUTOMATIC TRAIN WASH PLANT|Wire rope|LIFTING DEVICE Wire rope 4 x 6100 mm||TNMD
AUTOMATIC TRAIN WASH PLANT|Wire rope|TROLLEY LIFT Wire rope 4 x 750 mm||TNMD
AUTOMATIC TRAIN WASH PLANT|Driving device for lateral cylinders|LATERAL CYLINDER -Train wash unit C5400 SOA||TNMD
AUTOMATIC TRAIN WASH PLANT|Driving device for lateral cylinders|LATERAL CYLINDER SYSTEM||TNMD
AUTOMATIC TRAIN WASH PLANT|Driving device for lateral cylinders|– Trolley left complete, stainless steel – Trolley right complete, stainless steel||TNMD
AUTOMATIC TRAIN WASH PLANT|Driving device for lateral cylinders|DRIVE UNIT CYLINDER ACTUATOR LEFT/RIGHT OC-motor 0,55 kW, 400 V, 50 Hz, 1450 min-1||TNMD
AUTOMATIC TRAIN WASH PLANT|Driving device for lateral cylinders|DRIVE UNIT CYLINDER OC-motor 1,5 kW, 400 V, 50 Hz, 1450 min-1||TNMD
AUTOMATIC TRAIN WASH PLANT|Driving device for lateral cylinders|BRUSH/TRIMMING||TNMD
AUTOMATIC TRAIN WASH PLANT|Driving device for lateral cylinders|Full brush shell 300 x 550 mm dense, over length,||TNMD
AUTOMATIC TRAIN WASH PLANT|Driving device for lateral cylinders|Full brush shell 300 x 500 mm dense, over length||TNMD
AUTOMATIC TRAIN WASH PLANT|Driving device for lateral cylinders|Full brush shell 300 x 450 mm dense, over length||TNMD
AUTOMATIC TRAIN WASH PLANT|Driving device for lateral cylinders|Full brush shell 300 x 400 mm, dense||TNMD
AUTOMATIC TRAIN WASH PLANT|Drive unit|DRIVE UNIT ACTUATOR LEFT/RIGHT - OC-motor 0,55 kW, 400 V, 50 Hz, 1450 min-1 DRIVE UNIT CYLINDER - OC-motor 1,5 kW, 400 V, 50 Hz, 1450 min-1||TNMD
AUTOMATIC TRAIN WASH PLANT|Drive unit|DRIVE UNIT RIGHT Worm gear right, I = 12:1||TNMD
AUTOMATIC TRAIN WASH PLANT|Drive unit|DRIVE UNIT LEFT Worm gear left, I = 12:1||TNMD
AUTOMATIC TRAIN WASH PLANT|Drive unit|ROTARY PUMP -WILO , 400 Vac, 4.4 Amp, 50Hz, cos theta 0.89, speed 2880, power 2.2kW (MOTOR) - WILO, pressure max 25 bar, temperature max 90 Celcius (PUMP)||TNMD
AUTOMATIC TRAIN WASH PLANT|Drive unit|ROTARY PUMP -LOWARA , 380 Vac, 7.80 Amp, 50Hz, cos theta 0.88, speed 2895 (MOTOR) - LOWARA, 380-415 Vac, 3.33kW, 50Hz (PUMP)||TNMD
AUTOMATIC TRAIN WASH PLANT|Drive unit|ROTARY PUMP Rotary pump Wilo MVI 804F 233- 13 l/min 1,8-4,5 bar 400 V 1,5 kW (P2) 50 Hz||TNMD
AUTOMATIC TRAIN WASH PLANT|Drive unit|ROTARY PUMP -Rotary pump WILO MVI 806 233- 13 l/min 2,2-7 bar 400V 2,2 kW (P2) 50 Hz||TNMD
AUTOMATIC TRAIN WASH PLANT|Drive unit|ROTARY PUMP -Rotary pump Lowara 15SV04F040T, 400-133 l/min, 2,4 – 4,8 bar, 4,0 kW||TNMD
AUTOMATIC TRAIN WASH PLANT|Drive unit|Dosing pump Iwaki 184 Kw, 230 V, 0.8 A, 50/60 hz Max. Pressure 1 Mpa||TNMD
AUTOMATIC TRAIN WASH PLANT|Under-chassis cylinders, lifting device|LIFTING DEVICE||TNMD
AUTOMATIC TRAIN WASH PLANT|Under-chassis cylinders, lifting device|DRIVE UNIT OC-motor 0,55 kW, 400 V, 50 Hz, 1450 min-1||TNMD
AUTOMATIC TRAIN WASH PLANT|Under-chassis cylinders, lifting device|Toothed belt 8 m 50 HP-Niro||TNMD
AUTOMATIC TRAIN WASH PLANT|Lateral cylinders, bearing|LATERAL CYLINDER -Train wash unit C1000 SOA WH 4700||TNMD
AUTOMATIC TRAIN WASH PLANT|Lateral cylinders, bearing|BRUSH/TRIMMING||TNMD
AUTOMATIC TRAIN WASH PLANT|Lateral cylinders, bearing|Full brush shell 300 x 550 mm dense, over length||TNMD
AUTOMATIC TRAIN WASH PLANT|Lateral cylinders, bearing|Full brush shell 300 x 500 mm dense, over length||TNMD
AUTOMATIC TRAIN WASH PLANT|Lateral cylinders, bearing|Full brush shell 300 x 450 mm dense, over length||TNMD
AUTOMATIC TRAIN WASH PLANT|Lateral cylinders, bearing|Full brush shell 300 x 400 mm, dense||TNMD
AUTOMATIC TRAIN WASH PLANT|Lateral cylinders, bearing|DRIVE UNIT CYLINDER OC-motor 1,5 kW, 400 V, 50 Hz, 1450 min-1||TNMD
AUTOMATIC TRAIN WASH PLANT|Lateral cylinders, bearing|CYLINDER Pneumatic cylinder 100/100||TNMD
AUTOMATIC TRAIN WASH PLANT|Lateral cylinders, bearing|AIR DISTRIBUTOR COMPLETE||TNMD
AUTOMATIC TRAIN WASH PLANT|Lateral cylinders, bearing|PROXIMITY SENSOR 6 m cable, M 18 IG-3010-APKG, 10-36 V / DC, inductive break contact||TNMD
AUTOMATIC TRAIN WASH PLANT|Lateral cylinders, bearing|Pressure tube, nominal diameter 19-4,5 mm, 25 bar (piece goods)||TNMD
AUTOMATIC TRAIN WASH PLANT|Lateral cylinders, bearing|Pressure tube nominal diameter 10-3, 21 bar (piece goods)||TNMD
AUTOMATIC TRAIN WASH PLANT|Lateral cylinders, bearing|Full brush shell 300 x 550 mm dense, over length||TNMD
AUTOMATIC TRAIN WASH PLANT|Lateral cylinders, bearing|Full brush shell 300 x 500 mm dense, over length||TNMD
AUTOMATIC TRAIN WASH PLANT|Lateral cylinders, bearing|Full brush shell 300 x 450 mm dense, over length||TNMD
AUTOMATIC TRAIN WASH PLANT|Lateral cylinders, bearing|Full brush shell 300 x 400 mm, dense||TNMD
AUTOMATIC TRAIN WASH PLANT|Horizontal cylinder, bearing|HORIZONTAL CYLINDER||TNMD
AUTOMATIC TRAIN WASH PLANT|Horizontal cylinder, bearing|DRIVE UNIT CYLINDER OC-motor 1,5 kW, 400 V, 50 Hz, 1450 min-1||TNMD
AUTOMATIC TRAIN WASH PLANT|Horizontal cylinder, bearing|Lifting device complete||TNMD
AUTOMATIC TRAIN WASH PLANT|Horizontal cylinder, bearing|DRIVE UNIT LIFTING OC-motor 0,55 kW, 400 V, 50 Hz, 1450 min-1||TNMD
AUTOMATIC TRAIN WASH PLANT|Horizontal cylinder, bearing|Drum-type cable 100 left||TNMD
AUTOMATIC TRAIN WASH PLANT|Horizontal cylinder, bearing|Wire rope 4 x 6100 mm||TNMD
AUTOMATIC TRAIN WASH PLANT|Horizontal cylinder, bearing|Guide rails complete||TNMD
AUTOMATIC TRAIN WASH PLANT|Horizontal cylinder, bearing|Carriage right||TNMD
AUTOMATIC TRAIN WASH PLANT|Horizontal cylinder, bearing|Carriage left||TNMD
AUTOMATIC TRAIN WASH PLANT|Horizontal cylinder, bearing|Cable guiding castor complete||TNMD
AUTOMATIC TRAIN WASH PLANT|Horizontal cylinder, bearing|Full brush shell 300 x 500 mm dense, over length||TNMD
AUTOMATIC TRAIN WASH PLANT|Horizontal cylinder, bearing|Full brush shell 300 x 450 mm dense, over length,||TNMD
AUTOMATIC TRAIN WASH PLANT|Horizontal cylinder, bearing|Full brush shell 300 x 400 mm, dense||TNMD
