workorder_no,inspection_date,actual_start,actual_end
4000441928,2022-01-02,2022-01-02 09:00:00,2022-01-02 10:00:00
4000441929,2022-01-03,2022-01-03 10:00:00,2022-01-03 11:00:00
4000442386,2022-01-04,2022-01-04 07:00:00,2022-01-04 10:00:00
4000442388,2022-01-05,2022-01-05 10:00:00,2022-01-05 11:00:00
4000442389,2022-01-05,2022-01-05 09:00:00,2022-01-05 10:00:00
4000442392,2022-01-06,2022-01-06 09:00:00,2022-01-06 10:00:00
4000443598,2022-01-07,2022-01-07 09:00:00,2022-01-07 10:00:00
4000443599,2022-01-07,2022-01-07 10:00:00,2022-01-07 11:00:00
4000443602,2022-01-08,2022-01-08 09:00:00,2022-01-08 10:00:00
4000443603,2022-01-08,2022-01-08 10:00:00,2022-01-08 11:00:00
4000443604,2022-01-09,2022-01-09 09:00:00,2022-01-09 10:00:00
4000443605,2022-01-09,2022-01-09 09:00:00,2022-01-09 10:00:00
4000443607,2022-01-10,2022-01-10 10:00:00,2022-01-10 11:00:00
4000443608,2022-01-11,2022-01-11 10:00:00,2022-01-11 11:00:00
4000443610,2022-01-11,2022-01-11 09:00:00,2022-01-11 10:00:00
4000443612,2022-01-12,2022-01-12 10:00:00,2022-01-12 11:00:00
4000443613,2022-01-12,2022-01-12 09:00:00,2022-01-12 10:00:00
4000443614,2022-01-13,2022-01-13 10:00:00,2022-01-13 11:00:00
4000443615,2022-01-13,2022-01-13 09:00:00,2022-01-13 10:00:00
4000443616,2022-01-13,2022-01-13 10:00:00,2022-01-13 11:00:00
4000444202,2022-01-14,2022-01-14 09:00:00,2022-01-14 10:00:00
4000444203,2022-01-14,2022-01-14 09:00:00,2022-01-14 10:00:00
4000444204,2022-01-14,2022-01-14 11:00:00,2022-01-14 12:00:00
4000444206,2022-01-15,2022-01-15 10:00:00,2022-01-15 11:00:00
4000444207,2022-01-15,2022-01-15 09:00:00,2022-01-15 10:00:00
4000444209,2022-01-16,2022-01-16 09:00:00,2022-01-16 10:00:00
4000444211,2022-01-17,2022-01-17 09:00:00,2022-01-17 10:00:00
4000444212,2022-01-18,2022-01-18 09:00:00,2022-01-18 10:00:00
4000444213,2022-01-18,2022-01-18 10:00:00,2022-01-18 11:00:00
4000445973,2022-01-19,2022-01-19 09:00:00,2022-01-19 10:00:00
4000445974,2022-01-19,2022-01-19 10:01:00,2022-01-19 11:00:00
4000445975,2022-01-20,2022-01-20 10:30:00,2022-01-20 11:00:00
4000445976,2022-01-20,2022-01-20 09:00:00,2022-01-20 10:00:00
4000445977,2022-01-20,2022-01-20 09:00:00,2022-01-20 10:00:00
4000445978,2022-01-21,2022-01-21 09:00:00,2022-01-21 10:00:00
4000445979,2022-01-21,2022-01-21 10:00:00,2022-01-21 11:00:00
4000445980,2022-01-21,2022-01-21 09:00:00,2022-01-21 10:00:00
4000445983,2022-01-22,2022-01-22 09:00:00,2022-01-22 10:00:00
4000445985,2022-01-23,2022-01-23 10:00:00,2022-01-23 11:00:00
4000445986,2022-01-24,2022-01-24 08:00:00,2022-01-24 13:00:00
4000445987,2022-01-24,2022-01-24 10:00:00,2022-01-24 11:00:00
4000445988,2022-01-25,2022-01-25 09:00:00,2022-01-25 10:00:00
4000445989,2022-01-25,2022-01-25 11:00:00,2022-01-25 12:00:00
4000446654,2022-01-28,2022-01-28 10:00:00,2022-01-28 11:00:00
4000446655,2022-01-28,2022-01-28 09:00:00,2022-01-28 10:00:00
4000446657,2022-01-28,2022-01-28 10:00:00,2022-01-28 11:00:00
4000446659,2022-01-29,2022-01-29 09:00:00,2022-01-29 10:00:00
4000446660,2022-01-29,2022-01-29 10:00:00,2022-01-29 11:00:00
4000446662,2022-01-30,2022-01-30 09:00:00,2022-01-30 10:00:00
4000446663,2022-01-26,2022-01-26 10:00:00,2022-01-26 11:00:00
4000446664,2022-01-26,2022-01-26 09:00:00,2022-01-26 10:00:00
4000446665,2022-01-27,2022-01-27 09:00:00,2022-01-27 10:00:00
4000446666,2022-01-27,2022-01-27 09:00:00,2022-01-27 10:00:00
4000446667,2022-01-27,2022-01-27 10:00:00,2022-01-27 11:00:00
4000447222,2022-01-31,2022-01-31 10:00:00,2022-01-31 11:00:00
4000447224,2022-01-31,2022-01-31 09:00:00,2022-01-31 10:00:00
4000447225,2022-02-01,2022-02-01 10:00:00,2022-02-01 11:00:00
4000447226,2022-02-01,2022-02-01 09:00:00,2022-02-01 10:00:00
4000447230,2022-02-02,2022-02-02 09:00:00,2022-02-02 10:00:00
4000447231,2022-02-02,2022-02-02 10:40:00,2022-02-02 11:00:00
4000448494,2022-02-03,2022-02-03 10:00:00,2022-02-03 11:00:00
4000448495,2022-02-03,2022-02-03 11:00:00,2022-02-03 12:00:00
4000448496,2022-02-03,2022-02-03 09:00:00,2022-02-03 10:00:00
4000448497,2022-02-04,2022-02-04 10:00:00,2022-02-04 11:00:00
4000448498,2022-02-04,2022-02-04 11:00:00,2022-02-04 12:00:00
4000448499,2022-02-04,2022-02-04 09:00:00,2022-02-04 10:00:00
4000448501,2022-02-05,2022-02-05 09:00:00,2022-02-05 10:00:00
4000448502,2022-02-05,2022-02-05 09:00:00,2022-02-05 10:00:00
4000448504,2022-02-06,2022-02-06 10:00:00,2022-02-06 11:00:00
4000448505,2022-02-07,2022-02-07 10:00:00,2022-02-07 11:00:00
4000448507,2022-02-07,2022-02-07 09:00:00,2022-02-07 10:00:00
4000448508,2022-02-08,2022-02-08 10:00:00,2022-02-08 11:00:00
4000448509,2022-02-08,2022-02-08 09:00:00,2022-02-08 10:00:00
4000448511,2022-02-09,2022-02-09 10:00:00,2022-02-09 11:00:00
4000448512,2022-02-09,2022-02-09 09:00:00,2022-02-09 10:00:00
4000448513,2022-02-10,2022-02-10 11:00:00,2022-02-10 12:00:00
4000448514,2022-02-10,2022-02-10 10:00:00,2022-02-10 11:00:00
4000448515,2022-02-10,2022-02-10 09:00:00,2022-02-10 10:00:00
4000448900,2022-02-11,2022-02-11 09:00:00,2022-02-11 10:00:00
4000448901,2022-02-11,2022-02-11 10:00:00,2022-02-11 11:00:00
4000448902,2022-02-11,2022-02-11 11:00:00,2022-02-11 12:00:00
4000448904,2022-02-12,2022-02-12 10:00:00,2022-02-12 11:00:00
4000448914,2022-02-12,2022-02-12 11:00:00,2022-02-12 12:00:00
4000449974,2022-02-17,2022-02-17 09:00:00,2022-02-17 10:00:00
4000449977,2022-02-18,2022-02-18 09:00:00,2022-02-18 10:00:00
4000449980,2022-02-19,2022-02-19 08:00:00,2022-02-19 10:00:00
4000450282,2022-02-20,2022-02-20 01:30:00,2022-02-20 02:30:00
4000450284,2022-02-21,2022-02-21 09:00:00,2022-02-21 10:00:00
4000450783,2022-02-22,2022-02-22 06:00:00,2022-02-22 11:00:00
4000450784,2022-02-22,2022-02-22 11:00:00,2022-02-22 12:00:00
4000450786,2022-02-23,2022-02-23 01:00:00,2022-02-23 10:00:00
4000450787,2022-02-23,2022-02-23 10:00:00,2022-02-23 11:00:00
4000450788,2022-02-24,2022-02-24 09:00:00,2022-02-24 10:00:00
4000450789,2022-02-24,2022-02-24 10:00:00,2022-02-24 11:00:00
4000450790,2022-02-24,2022-02-24 10:00:00,2022-02-24 12:00:00
4000451989,2022-02-25,2022-02-25 10:00:00,2022-02-25 11:00:00
4000451990,2022-02-25,2022-02-25 09:00:00,2022-02-25 10:50:00
4000451991,2022-02-25,2022-02-25 10:00:00,2022-02-25 12:00:00
4000451994,2022-02-26,2022-02-26 11:00:00,2022-02-26 12:00:00
4000451995,2022-02-26,2022-02-26 09:00:00,2022-02-26 10:00:00
4000451996,2022-02-27,2022-02-27 09:30:00,2022-02-27 10:30:00
4000451998,2022-02-28,2022-02-28 10:00:00,2022-02-28 10:30:00
4000451999,2022-02-28,2022-02-28 09:00:00,2022-02-28 09:30:00
4000452000,2022-03-01,2022-03-01 09:00:00,2022-03-01 09:30:00
4000452001,2022-03-01,2022-03-01 09:00:00,2022-03-01 09:30:00
4000452003,2022-03-02,2022-03-02 10:00:00,2022-03-02 10:30:00
4000452004,2022-03-02,2022-03-02 11:00:00,2022-03-02 11:30:00
4000452005,2022-03-03,2022-03-03 10:00:00,2022-03-03 11:00:00
4000452006,2022-03-03,2022-03-03 09:00:00,2022-03-03 10:00:00
4000452007,2022-03-08,2022-03-08 11:00:00,2022-03-08 12:00:00
4000452452,2022-03-04,2022-03-04 09:30:00,2022-03-04 10:00:00
4000452453,2022-03-04,2022-03-04 09:30:00,2022-03-04 10:45:00
4000452454,2022-03-04,2022-03-04 09:00:00,2022-03-04 10:00:00
4000452456,2022-03-05,2022-03-05 10:00:00,2022-03-05 10:30:00
4000452457,2022-03-05,,
4000452459,2022-03-06,2022-03-06 10:00:00,2022-03-06 10:45:00
4000452460,2022-03-06,2022-03-06 09:00:00,2022-03-06 10:00:00
4000453228,2022-03-07,2022-03-07 10:00:00,2022-03-07 11:00:00
4000453229,2022-03-07,2022-03-07 10:00:00,2022-03-07 11:00:00
4000453230,2022-03-08,2022-03-08 09:00:00,2022-03-08 10:00:00
4000453231,2022-03-08,2022-03-08 10:00:00,2022-03-08 11:00:00
4000453351,2022-03-09,2022-03-09 09:00:00,2022-03-09 10:00:00
4000453352,2022-03-09,2022-03-09 10:00:00,2022-03-09 11:00:00
4000453777,2022-03-10,2022-03-10 09:00:00,2022-03-10 10:00:00
4000453778,2022-03-10,2022-03-10 10:00:00,2022-03-10 11:00:00
4000453779,2022-03-10,2022-03-10 09:00:00,2022-03-10 10:00:00
4000453780,2022-03-11,2022-03-11 09:00:00,2022-03-11 10:00:00
4000453781,2022-03-11,2022-03-11 10:00:00,2022-03-11 11:00:00
4000453782,2022-03-11,2022-03-11 11:00:00,2022-03-11 12:00:00
4000453785,2022-03-12,2022-03-12 10:00:00,2022-03-12 11:00:00
4000453786,2022-03-12,,
4000453789,2022-03-13,2022-03-13 10:00:00,2022-03-13 11:00:00
4000454393,2022-03-15,2022-03-15 09:00:00,2022-03-15 18:00:00
4000454394,2022-03-15,2022-03-15 10:00:00,2022-03-15 11:00:00
4000454396,2022-03-16,2022-03-16 09:00:00,2022-03-16 10:00:00
4000454397,2022-03-16,2022-03-16 09:00:00,2022-03-16 10:00:00
4000454398,2022-03-17,2022-03-17 10:00:00,2022-03-17 11:00:00
4000454399,2022-03-17,2022-03-17 09:00:00,2022-03-17 10:00:00
4000454400,2022-03-17,2022-03-17 09:00:00,2022-03-17 10:00:00
4000454421,2022-03-18,2022-03-18 09:00:00,2022-03-18 10:00:00
4000454422,2022-03-18,2022-03-18 10:00:00,2022-03-18 11:00:00
4000454423,2022-03-18,2022-03-18 09:00:00,2022-03-18 10:00:00
4000454425,2020-03-19,2020-03-19 11:00:00,2020-03-19 12:00:00
4000454427,2022-03-19,2022-03-19 10:00:00,2022-03-19 11:00:00
4000455263,2022-03-20,2022-03-20 09:00:00,2022-03-20 10:00:00
4000455265,2022-03-21,2022-03-21 10:00:00,2022-03-21 11:00:00
4000455267,2022-03-21,2022-03-21 09:00:00,2022-03-21 10:00:00
4000455268,2022-03-22,2022-03-22 10:00:00,2022-03-22 11:00:00
4000455269,2022-03-22,2022-03-22 09:00:00,2022-03-22 10:00:00
4000456658,2022-03-29,2022-03-29 10:00:00,2022-03-29 11:00:00
4000456659,2022-03-29,2022-03-29 09:00:00,2022-03-29 10:00:00
4000456681,2022-03-30,2022-03-30 07:00:00,2022-03-30 10:00:00
4000456682,2022-03-30,2022-03-30 10:00:00,2022-03-30 11:00:00
4000456683,2022-03-23,2022-03-23 10:00:00,2022-03-23 11:00:00
4000456684,2022-03-23,2022-03-23 09:00:00,2022-03-23 10:40:00
4000456685,2022-03-24,2022-03-24 10:36:00,2022-03-24 11:30:00
4000456686,2022-03-24,2022-03-24 09:00:00,2022-03-24 10:00:00
4000456688,2022-03-25,2022-03-25 10:00:00,2022-03-25 11:00:00
4000456689,2022-03-25,2022-03-25 11:00:00,2022-03-25 20:00:00
4000456690,2022-03-25,2022-03-25 09:00:00,2022-03-25 10:00:00
4000456692,2022-03-26,2022-03-26 02:00:00,2022-03-26 02:00:00
4000456693,2022-03-26,2022-03-26 09:00:00,2022-03-26 10:00:00
4000456694,2022-03-27,2022-03-27 10:00:00,2022-03-27 11:00:00
4000456695,2022-03-27,2022-03-27 09:00:00,2022-03-27 10:00:00
4000456696,2022-03-28,2022-03-28 09:00:00,2022-03-28 10:00:00
4000456697,2022-03-28,2022-03-28 10:00:00,2022-03-28 11:00:00
4000457823,2022-03-31,2022-03-31 10:00:00,2022-03-31 11:00:00
4000457824,2022-03-31,2022-03-31 11:00:00,2022-03-31 12:00:00
4000457825,2022-03-31,2022-03-31 09:00:00,2022-03-31 10:00:00
4000457826,2022-04-01,2022-04-01 09:00:00,2022-04-01 10:00:00
4000457827,2022-04-01,2022-04-01 09:00:00,2022-04-01 10:00:00
4000457828,2022-04-01,2022-04-01 09:00:00,2022-04-01 10:00:00
4000457830,2022-04-02,2022-04-02 09:00:00,2022-04-02 10:00:00
4000457831,2022-04-02,2022-04-02 09:00:00,2022-04-02 10:00:00
4000457832,2022-04-03,2022-04-03 09:00:00,2022-04-03 10:00:00
4000457834,2022-04-04,2022-04-04 10:00:00,2022-04-04 11:00:00
4000457835,2022-04-04,2022-04-04 09:00:00,2022-04-04 10:00:00
4000457836,2022-04-05,2022-04-05 10:00:00,2022-04-05 11:00:00
4000457837,2022-04-05,2022-04-05 09:00:00,2022-04-05 10:00:00
4000457839,2022-04-06,2022-04-06 10:00:00,2022-04-06 11:00:00
4000457840,2022-04-06,2022-04-06 09:00:00,2022-04-06 10:00:00
4000457941,2022-04-07,2022-04-07 09:00:00,2022-04-07 10:00:00
4000457942,2022-04-07,2022-04-07 10:00:00,2022-04-07 11:00:00
4000457943,2022-04-07,2022-04-07 09:00:00,2022-04-07 10:00:00
4000458725,2022-04-08,2022-04-08 09:00:00,2022-04-08 10:00:00
4000458726,2022-04-08,2022-04-08 10:00:00,2022-04-08 11:00:00
4000458727,2022-04-06,2022-04-06 09:00:00,2022-04-06 10:40:00
4000458729,2022-04-09,2022-04-09 09:00:00,2022-04-09 10:00:00
4000458730,2022-04-09,2022-04-09 11:00:00,2022-04-09 02:00:00
4000458800,2022-04-10,2022-04-10 09:00:00,2022-04-10 10:30:00
4000458821,2022-04-10,2022-04-10 09:00:00,2022-04-10 10:00:00
4000459305,2022-04-11,2022-04-11 03:00:00,2022-04-11 15:00:00
4000459306,2022-04-11,2022-04-11 10:00:00,2022-04-11 11:00:00
4000459307,2022-04-12,2022-04-12 09:00:00,2022-04-12 10:00:00
4000459308,2022-04-12,2022-04-12 10:00:00,2022-04-12 11:00:00
4000459310,2022-04-15,2022-04-15 09:00:00,2022-04-15 10:00:00
4000459311,2022-04-18,2022-04-18 10:00:00,2022-04-18 11:00:00
4000459312,2022-04-14,2022-04-14 11:00:00,2022-04-14 12:00:00
4000459313,2022-04-14,2022-04-14 10:00:00,2022-04-14 11:00:00
4000459314,2022-04-14,2022-04-14 05:00:00,2022-04-14 06:00:00
4000459982,2022-08-15,2022-08-15 10:00:00,2022-08-15 11:00:00
4000459983,2022-04-15,2022-04-15 09:00:00,2022-04-15 10:50:00
4000459986,2022-04-16,2022-04-16 10:00:00,2022-04-16 11:00:00
4000459987,2022-04-16,2022-04-16 11:00:00,2022-04-16 02:00:00
4000459988,2022-04-17,2022-04-17 09:00:00,2022-04-17 10:00:00
4000459989,2022-04-17,2022-04-17 09:00:00,2022-04-17 10:00:00
4000459990,2022-04-18,2022-04-18 10:00:00,2022-04-18 11:00:00
4000459991,2022-04-18,2022-04-18 08:30:00,2022-04-18 09:30:00
4000459992,2022-04-19,2022-04-19 08:30:00,2022-04-19 09:30:00
4000459993,2022-04-19,2022-04-19 10:00:00,2022-04-19 11:00:00
4000461738,2022-04-20,2022-04-20 09:00:00,2022-04-20 10:00:00
4000461739,2022-04-20,2022-04-20 10:00:00,2022-04-20 11:00:00
4000461740,2022-04-21,2022-04-21 09:00:00,2022-04-21 10:00:00
4000461741,2022-04-21,2022-04-21 10:00:00,2022-04-21 11:00:00
4000461742,2022-04-21,2022-04-21 09:00:00,2022-04-21 10:00:00
4000461743,2022-04-22,2022-04-22 10:00:00,2022-04-22 11:00:00
4000461744,2022-04-22,2022-04-22 09:00:00,2022-04-22 10:00:00
4000461747,2022-04-23,2022-04-23 09:00:00,2022-04-23 10:00:00
4000461748,2022-04-23,2022-04-23 09:00:00,2022-04-23 10:00:00
4000461749,2022-04-24,2022-04-24 09:00:00,2022-04-24 10:00:00
4000461750,2022-04-24,,
4000462018,2022-04-25,2022-04-25 09:00:00,2022-04-25 10:00:00
4000462020,2022-04-25,2022-04-25 10:00:00,2022-04-25 11:00:00
4000462021,2022-04-26,2022-04-26 10:00:00,2022-04-26 11:00:00
4000462022,2022-04-26,2022-04-26 04:00:00,2022-04-26 12:00:00
4000462381,2022-04-27,2022-04-27 09:00:00,2022-04-27 10:00:00
4000462383,2022-04-27,2022-04-27 10:00:00,2022-04-27 11:00:00
4000462384,2022-04-28,2022-04-28 09:00:00,2022-04-28 10:00:00
4000462385,2022-04-28,2022-04-28 10:00:00,2022-04-28 11:00:00
4000462386,2022-04-28,2022-04-28 08:00:00,2022-04-28 10:00:00
4000462388,2022-04-29,2022-04-29 10:00:00,2022-04-29 11:00:00
4000462389,2022-04-29,2022-04-29 09:00:00,2022-04-29 10:00:00
4000462390,2022-04-29,2022-04-29 09:00:00,2022-04-29 10:00:00
4000462392,2022-04-30,2022-04-30 09:00:00,2022-04-30 10:00:00
4000462393,2022-04-30,2022-04-30 04:00:00,2022-04-30 12:00:00
4000462395,2022-05-01,2022-05-01 10:00:00,2022-05-01 11:00:00
4000462396,2022-05-01,2022-05-01 09:00:00,2022-05-01 10:00:00
4000462853,2022-05-02,2022-05-02 09:00:00,2022-05-02 10:00:00
4000462854,2022-05-02,2022-05-02 10:00:00,2022-05-02 11:00:00
4000462855,2022-05-03,2022-05-03 09:00:00,2022-05-03 10:00:00
4000462856,2022-05-03,2022-05-03 10:00:00,2022-05-03 11:00:00
4000462858,2022-05-04,2022-05-04 09:00:00,2022-05-04 10:00:00
4000462859,2022-05-04,2022-05-04 10:00:00,2022-05-04 11:00:00
4000462860,2022-05-05,2022-05-05 09:00:00,2022-05-05 10:00:00
4000462861,2022-05-05,2022-05-05 10:00:00,2022-05-05 11:00:00
4000462862,2022-05-05,2022-05-05 09:00:00,2022-05-05 10:00:00
4000464135,2022-05-06,2022-05-06 10:00:00,2022-05-06 11:00:00
4000464136,2022-05-06,2022-05-06 09:00:00,2022-05-06 10:00:00
4000464137,2022-05-06,2022-05-06 09:00:00,2022-05-06 10:00:00
4000464139,2022-05-07,2022-05-07 10:00:00,2022-05-07 11:00:00
4000464140,2022-05-07,2022-05-07 09:00:00,2022-05-07 10:00:00
4000464141,2022-05-08,2022-05-08 09:00:00,2022-05-08 10:00:00
4000464142,2022-05-08,2022-05-08 09:00:00,2022-05-08 10:00:00
4000464152,2022-05-12,2022-05-12 09:00:00,2022-05-12 10:00:00
4000464155,2022-05-12,2022-05-12 11:00:00,2022-05-12 12:00:00
4000464158,2022-05-14,2022-05-14 04:00:00,2022-05-14 12:00:00
4000464160,2022-05-15,2022-05-15 09:00:00,2022-05-15 10:00:00
4000464654,2022-05-16,2022-05-16 09:00:00,2022-05-16 10:00:00
4000464655,2022-05-16,2022-05-16 10:00:00,2022-05-16 11:00:00
4000464656,2022-05-17,2022-05-17 10:00:00,2022-05-17 11:00:00
4000464657,2022-05-17,2022-05-17 11:00:00,2022-05-17 12:00:00
4000464659,2022-03-18,2022-03-18 09:30:00,2022-03-18 10:30:00
4000464660,2022-05-18,2022-05-18 10:30:00,2022-05-18 11:30:00
4000464662,2022-05-19,2022-05-19 10:00:00,2022-05-19 11:00:00
4000464663,2022-05-19,2022-05-19 11:00:00,2022-05-19 12:00:00
4000464665,2022-05-19,2022-05-19 09:00:00,2022-05-19 10:00:00
4000466106,2022-05-25,2022-05-25 09:00:00,2022-05-25 10:00:00
4000466107,2022-05-25,2022-05-25 10:00:00,2022-05-25 11:00:00
4000466108,2022-05-26,2022-05-26 10:00:00,2022-05-26 11:00:00
4000466109,2022-05-26,2022-05-26 09:00:00,2022-05-26 10:00:00
4000466110,2022-05-26,2022-05-26 09:00:00,2022-05-26 10:00:00
4000466111,2022-05-20,2022-05-20 09:00:00,2022-05-20 10:00:00
4000466112,2022-05-20,2022-05-20 10:30:00,2022-05-20 11:30:00
4000466113,2022-05-20,2022-05-20 10:00:00,2022-05-20 11:00:00
4000466116,2022-05-21,2022-05-21 09:30:00,2022-05-21 10:30:00
4000466117,2022-05-21,2022-05-21 08:36:00,2022-05-21 09:36:00
4000466118,2022-05-22,2022-05-22 09:00:00,2022-05-22 10:00:00
4000466119,2022-05-22,2022-05-22 10:00:00,2022-05-22 11:00:00
4000466120,2022-05-23,2022-05-23 10:30:00,2022-05-23 11:30:00
4000466121,2022-05-23,2022-05-23 09:00:00,2022-05-23 10:00:00
4000466122,2022-05-24,2022-05-24 10:00:00,2022-05-24 11:00:00
4000466123,2022-05-24,2022-05-24 09:00:00,2022-05-24 10:00:00
4000467047,2022-05-27,2022-05-27 10:00:00,2022-05-27 12:00:00
4000467048,2022-05-27,2022-05-27 10:00:00,2022-05-27 11:00:00
4000467049,2022-05-27,2022-05-27 09:00:00,2022-05-27 10:00:00
4000467051,2022-05-28,2022-05-28 10:00:00,2022-05-28 11:00:00
4000467053,2022-05-29,2022-05-29 09:00:00,2022-05-29 10:00:00
4000467054,2022-05-29,2022-05-29 09:00:00,2022-05-29 11:00:00
4000467055,2022-05-30,2022-05-30 10:00:00,2022-05-30 11:00:00
4000467056,2022-05-30,2022-05-30 09:00:00,2022-05-30 10:00:00
4000467260,2022-05-31,2022-05-31 09:00:00,2022-05-31 10:00:00
4000467281,2022-05-31,2022-05-31 10:00:00,2022-05-31 11:00:00
4000467495,2022-06-01,2022-06-01 10:00:00,2022-06-01 11:00:00
4000467496,2022-06-01,2022-06-01 09:00:00,2022-06-01 10:00:00
4000467497,2022-06-02,2022-06-02 09:00:00,2022-06-02 10:00:00
4000467498,2022-06-02,2022-06-02 10:00:00,2022-06-02 11:00:00
4000467499,2022-06-02,2022-06-02 11:00:00,2022-06-02 12:00:00
4000467796,2022-06-03,2022-06-03 09:00:00,2022-06-03 10:00:00
4000467797,2022-06-03,2022-06-03 10:00:00,2022-06-03 11:00:00
4000467798,2022-06-03,2022-06-03 11:00:00,2022-06-03 12:00:00
4000467800,2022-06-04,2022-06-04 09:00:00,2022-06-04 10:50:00
4000467801,2022-06-04,2022-06-04 11:00:00,2022-06-04 12:00:00
4000467802,2022-06-05,2022-06-05 08:00:00,2022-06-05 09:00:00
4000467803,2022-06-05,2022-06-05 09:00:00,2022-06-05 10:00:00
4000468424,2022-06-06,2022-06-06 10:00:00,2022-06-06 11:00:00
4000468426,2022-06-07,2022-06-07 09:00:00,2022-06-07 10:00:00
4000468427,2022-06-07,2022-06-07 10:00:00,2022-06-07 11:00:00
4000469351,2022-06-08,2022-06-08 09:00:00,2022-06-08 10:00:00
4000469352,2022-06-04,2022-06-04 09:00:00,2022-06-04 10:00:00
4000469353,2022-06-09,2022-06-09 11:00:00,2022-06-09 12:00:00
4000469354,2022-06-09,2022-06-09 10:00:00,2022-06-09 11:00:00
4000469355,2022-06-10,2022-06-10 10:00:00,2022-06-10 11:00:00
4000469356,2022-06-10,2022-06-10 09:00:00,2022-06-10 10:00:00
4000469357,2022-06-10,2022-06-10 09:00:00,2022-06-10 10:00:00
4000469359,2022-06-11,2022-06-11 09:00:00,2022-06-11 10:00:00
4000469360,2022-06-11,2022-06-11 09:00:00,2022-06-11 11:00:00
4000470263,2022-06-12,2022-06-12 10:00:00,2022-06-12 11:00:00
4000470264,2022-06-12,2022-06-12 09:00:00,2022-06-12 10:50:00
4000470265,2022-06-13,2022-06-13 10:00:00,2022-06-13 11:00:00
4000470266,2022-06-13,2022-06-13 09:00:00,2022-06-13 10:00:00
4000470267,2022-06-14,2022-06-14 11:00:00,2022-06-14 12:00:00
4000470268,2022-06-14,2022-06-14 10:00:00,2022-06-14 11:00:00
4000470270,2022-06-15,2022-06-15 09:00:00,2022-06-15 10:00:00
4000470271,2022-06-18,2022-06-18 10:00:00,2022-06-18 11:00:00
4000470272,2022-06-16,2022-06-16 09:00:00,2022-06-16 10:00:00
4000470273,2022-06-16,2022-06-16 10:00:00,2022-06-16 11:00:00
4000470274,2022-06-16,2022-06-16 10:00:00,2022-06-16 11:00:00
4000470275,2022-06-17,2022-06-17 09:00:00,2022-06-17 10:00:00
4000470276,2022-06-17,2022-06-17 10:00:00,2022-06-17 11:00:00
4000470277,2022-06-17,2022-06-17 11:00:00,2022-06-17 12:00:00
4000470279,2022-06-18,2022-06-18 11:00:00,2022-06-18 12:00:00
4000470280,2022-06-18,2022-06-18 09:00:00,2022-06-18 10:00:00
4000472231,2022-06-19,2022-06-19 10:00:00,2022-06-19 11:00:00
4000472232,2022-06-19,2022-06-19 09:00:00,2022-06-19 10:00:00
4000472234,2022-06-20,2022-06-20 10:00:00,2022-06-20 11:00:00
4000472235,2022-06-20,2022-06-20 09:00:00,2022-06-20 10:00:00
4000472236,2022-06-21,2022-06-21 09:00:00,2022-06-21 10:00:00
4000472238,2022-06-21,2022-06-21 10:00:00,2022-06-21 11:00:00
4000472240,2022-06-22,2022-06-22 10:00:00,2022-06-22 11:00:00
4000472241,2022-06-22,2022-06-22 09:00:00,2022-06-22 10:00:00
4000472242,2022-06-23,2022-06-23 09:00:00,2022-06-23 10:00:00
4000472243,2022-06-23,2022-06-23 10:00:00,2022-06-23 11:00:00
4000472245,2022-06-23,2022-06-23 11:00:00,2022-06-23 12:00:00
4000472246,2022-06-24,2022-06-24 10:00:00,2022-06-24 11:00:00
4000472247,2022-06-24,2022-06-24 09:00:00,2022-06-24 10:00:00
4000472249,2022-06-24,2022-06-24 09:00:00,2022-06-24 10:00:00
4000472251,2022-06-25,2022-06-25 10:00:00,2022-06-25 11:00:00
4000472252,2022-06-25,2022-06-25 09:00:00,2022-06-25 10:00:00
4000472255,2022-06-26,,
4000472576,2022-06-27,2022-06-27 09:00:00,2022-06-27 10:00:00
4000472577,2022-06-27,2022-06-27 10:00:00,2022-06-27 11:00:00
4000472578,2022-06-28,2022-06-28 09:00:00,2022-06-28 10:00:00
4000472579,2022-06-28,2022-06-28 10:00:00,2022-06-28 11:00:00
4000472832,2022-06-29,2022-06-29 09:00:00,2022-06-29 10:00:00
4000472833,2022-06-19,2022-06-19 12:00:00,2022-06-19 11:00:00
4000473557,2022-06-30,2022-06-30 10:00:00,2022-06-30 11:00:00
4000473558,2022-06-30,2022-06-30 10:00:00,2022-06-30 12:00:00
4000473561,2022-06-30,2022-06-30 09:00:00,2022-06-30 10:00:00
4000473562,2022-07-01,2022-07-01 10:00:00,2022-07-01 11:00:00
4000473563,2022-07-01,2022-07-01 11:00:00,2022-07-01 12:00:00
4000473564,2022-07-01,2022-07-01 09:00:00,2022-07-01 10:00:00
4000473566,2022-07-02,2022-07-02 09:00:00,2022-07-02 11:00:00
4000473567,2022-07-02,2022-07-02 09:00:00,2022-07-02 10:00:00
4000473568,2022-07-03,2022-07-03 10:00:00,2022-07-03 11:00:00
4000473569,2022-07-03,2022-07-03 08:30:00,2022-07-03 10:00:00
4000473841,2022-07-04,2022-07-04 10:00:00,2022-07-04 11:00:00
4000473842,2022-07-08,2022-07-08 09:00:00,2022-07-08 10:00:00
4000474827,2022-07-05,2022-07-05 10:50:00,2022-07-05 11:00:00
4000474828,2022-07-05,2022-07-05 11:00:00,2022-07-05 12:00:00
4000474830,2022-07-06,2022-07-06 09:00:00,2022-07-06 10:00:00
4000474831,2022-07-06,2022-07-06 10:00:00,2022-07-06 11:00:00
4000474832,2022-07-07,2022-07-07 09:00:00,2022-07-07 10:00:00
4000474833,2022-07-07,2022-07-07 10:00:00,2022-07-07 11:00:00
4000474834,2022-07-07,2022-07-07 09:00:00,2022-07-07 10:00:00
4000474835,2022-07-08,2022-07-08 09:00:00,2022-07-08 10:00:00
4000474836,2022-07-08,2022-07-08 10:00:00,2022-07-08 11:00:00
4000474837,2022-07-08,2022-07-08 09:00:00,2022-07-08 10:00:00
4000474839,2022-07-09,2022-07-09 10:00:00,2022-07-09 11:00:00
4000474840,2022-07-09,2022-07-09 09:00:00,2022-07-09 10:00:00
4000475228,2022-07-10,2022-07-10 10:00:00,2022-07-10 11:00:00
4000475229,2022-07-10,2022-07-10 09:00:00,2022-07-10 10:00:00
4000475230,2022-07-11,2022-07-11 09:00:00,2022-07-11 10:00:00
4000475231,2022-07-11,2022-07-11 10:00:00,2022-07-11 11:00:00
4000475232,2022-07-12,2022-07-12 09:00:00,2022-07-12 10:00:00
4000475234,2022-07-12,2022-07-12 10:00:00,2022-07-12 11:00:00
4000475466,2022-07-15,2022-07-15 10:00:00,2022-07-15 11:00:00
4000475467,2022-07-13,2022-07-13 09:00:00,2022-07-13 10:00:00
4000476018,2022-07-14,2022-07-14 10:00:00,2022-07-14 11:00:00
4000476019,2022-07-14,2022-07-14 11:00:00,2022-07-14 12:00:00
4000476221,2022-07-14,2022-07-14 03:00:00,2022-07-14 10:00:00
4000476222,2022-07-15,2022-07-15 10:00:00,2022-07-15 11:00:00
4000476223,2022-07-15,2022-07-15 11:00:00,2022-07-15 02:00:00
4000476224,2022-07-15,2022-07-15 09:20:00,2022-07-15 10:20:00
4000476226,2022-07-16,2022-07-16 10:00:00,2022-07-16 11:00:00
4000476227,2022-07-16,2022-07-16 11:00:00,2022-07-16 12:00:00
4000476228,2022-07-17,2022-07-17 09:00:00,2022-07-17 10:00:00
4000476229,2022-07-17,2022-07-17 09:00:00,2022-07-17 10:00:00
4000476230,2022-07-18,2022-07-18 09:00:00,2022-07-18 10:00:00
4000476231,2022-07-18,2022-07-18 10:00:00,2022-07-18 11:00:00
4000476232,2022-07-19,2022-07-19 11:00:00,2022-07-19 12:00:00
4000476233,2022-07-19,2022-07-19 10:00:00,2022-07-19 11:00:00
4000476235,2022-07-20,2022-07-20 11:00:00,2022-07-20 12:00:00
4000476236,2022-07-20,2022-07-20 09:00:00,2022-07-20 10:00:00
4000477037,2022-07-21,2022-07-21 09:00:00,2022-07-21 10:00:00
4000477038,2022-07-21,2022-07-21 10:00:00,2022-07-21 11:00:00
4000477039,2022-07-21,2022-07-21 12:00:00,2022-07-21 12:00:00
4000477040,2022-07-22,2022-07-22 09:00:00,2022-07-22 10:00:00
4000477041,2022-07-22,2022-07-22 10:00:00,2022-07-22 10:00:00
4000477042,2022-07-22,2022-07-22 09:40:00,2022-07-22 10:00:00
4000477044,2022-07-23,2022-07-23 09:00:00,2022-07-23 10:00:00
4000477045,2022-07-23,2022-07-23 11:00:00,2022-07-23 12:00:00
4000477046,2022-07-24,2022-07-24 09:00:00,2022-07-24 10:00:00
4000477047,2022-07-24,2022-07-24 11:00:00,2022-07-24 12:00:00
4000478732,2022-07-25,2022-07-25 06:00:00,2022-07-25 11:00:00
4000478733,2022-07-28,2022-07-28 09:00:00,2022-07-28 10:00:00
4000478734,2022-07-26,2022-07-26 10:00:00,2022-07-26 10:00:00
4000478735,2022-07-26,2022-07-26 10:00:00,2022-07-26 11:00:00
4000478737,2022-07-27,2022-07-27 09:00:00,2022-07-27 10:00:00
4000478738,2022-07-27,2022-07-27 10:00:00,2022-07-27 11:00:00
4000478739,2022-07-28,2022-07-28 09:00:00,2022-07-28 10:00:00
4000478741,2022-07-28,2022-07-28 10:00:00,2022-07-28 11:00:00
4000478742,2022-07-28,2022-07-28 09:00:00,2022-07-28 10:00:00
4000478743,2022-07-29,2022-07-29 09:00:00,2022-07-29 11:00:00
4000478744,2022-07-29,2022-07-29 10:00:00,2022-07-29 11:00:00
4000478745,2022-07-29,2022-07-29 00:00:00,2022-07-29 10:00:00
4000478747,2022-07-30,2022-07-30 11:00:00,2022-07-30 12:00:00
4000478748,2022-07-30,2022-07-30 09:00:00,2022-07-30 10:00:00
4000478749,2022-07-31,2022-07-31 10:00:00,2022-07-31 11:00:00
4000478750,2022-07-31,2022-07-31 09:00:00,2022-07-31 10:00:00
4000479019,2022-08-01,2022-08-01 09:00:00,2022-08-01 10:00:00
4000479020,2022-08-07,2022-08-07 10:00:00,2022-08-07 11:00:00
4000479021,2022-08-02,2022-08-02 09:00:00,2022-08-02 10:00:00
4000479022,2022-08-02,2022-08-02 10:00:00,2022-08-02 11:00:00
4000480348,2022-08-04,2022-08-04 09:00:00,2022-08-04 10:00:00
4000480352,2022-08-05,2022-08-05 09:00:00,2022-08-05 10:00:00
4000480355,2022-08-06,2022-08-06 09:00:00,2022-08-06 10:00:00
4000480360,2022-08-09,2022-08-09 09:00:00,2022-08-09 10:00:00
4000480361,2022-08-09,2022-08-09 10:00:00,2022-08-09 11:00:00
4000480517,2022-08-10,2022-08-10 10:00:00,2022-08-10 11:00:00
4000480519,2022-08-10,2022-08-10 09:00:00,2022-08-10 10:00:00
4000481104,2022-08-11,2022-08-11 10:00:00,2022-08-11 11:00:00
4000481105,2022-08-11,2022-08-11 09:00:00,2022-08-11 10:00:00
4000481106,2022-08-11,2022-08-11 09:00:00,2022-08-11 10:00:00
4000481107,2022-08-12,2022-08-12 09:00:00,2022-08-12 10:00:00
4000481108,2022-08-12,2022-08-12 10:00:00,2022-08-12 11:00:00
4000481109,2022-08-12,2022-08-12 09:00:00,2022-08-12 10:00:00
4000481111,2022-08-13,2022-08-13 10:00:00,2022-08-13 11:00:00
4000481112,2022-08-13,2022-08-13 09:00:00,2022-08-13 10:00:00
4000481113,2022-08-14,2022-08-14 09:00:00,2022-08-14 10:30:00
4000481114,2022-05-14,2022-05-14 09:00:00,2022-05-14 10:00:00
4000481671,2022-08-15,2022-08-15 09:00:00,2022-08-15 10:00:00
4000481672,2022-08-15,2022-08-15 10:00:00,2022-08-15 11:00:00
4000481673,2022-08-16,2022-08-16 10:00:00,2022-08-16 11:00:00
4000481674,2022-08-16,2022-08-16 11:00:00,2022-08-16 12:00:00
4000481676,2022-08-17,2022-08-17 09:00:00,2022-08-17 10:00:00
4000481677,2022-08-17,2022-08-17 10:00:00,2022-08-17 11:00:00
4000481680,2022-08-18,2022-08-18 10:00:00,2022-08-18 11:00:00
4000481681,2022-08-18,,
4000482319,2022-08-19,2022-08-19 09:00:00,2022-08-19 10:00:00
4000482320,2022-08-19,2022-08-19 10:00:00,2022-08-19 11:00:00
4000482521,2022-08-19,2022-08-19 09:00:00,2022-08-19 10:00:00
4000482523,2022-08-20,2022-08-20 09:00:00,2022-08-20 10:00:00
4000482524,2022-08-20,2022-08-20 09:00:00,2022-08-20 10:00:00
4000482525,2022-08-21,2022-08-21 10:00:00,2022-08-21 11:00:00
4000482526,2022-08-21,2022-08-21 09:00:00,2022-08-21 10:00:00
4000482527,2022-06-02,2022-06-02 10:00:00,2022-06-02 11:00:00
4000482528,2022-08-22,2022-08-22 09:00:00,2022-08-22 10:00:00
4000482529,2022-08-23,2022-08-23 10:00:00,2022-08-23 11:00:00
4000482530,2022-08-23,2022-08-23 09:00:00,2022-08-23 10:00:00
4000482900,2022-08-24,2022-08-24 10:00:00,2022-08-24 11:00:00
4000483061,2022-08-24,2022-08-24 09:00:00,2022-08-24 10:00:00
4000484064,2022-08-25,2022-08-25 09:00:00,2022-08-25 10:00:00
4000484065,2022-08-25,2022-08-25 10:00:00,2022-08-25 11:00:00
4000484066,2022-08-25,,
4000484067,2022-08-26,2022-08-26 10:00:00,2022-08-26 11:00:00
4000484068,2022-08-26,2022-08-26 09:00:00,2022-08-26 10:00:00
4000484069,2022-08-26,2022-08-26 09:00:00,2022-08-26 10:00:00
4000484071,2022-08-27,2022-08-27 10:00:00,2022-08-27 11:00:00
4000484072,2022-08-27,2022-08-27 09:00:00,2022-08-27 10:00:00
4000484073,2022-08-28,2022-08-28 09:00:00,2022-08-28 10:00:00
4000484074,2022-08-28,2022-08-28 09:00:00,2022-08-28 10:00:00
4000484075,2022-08-29,2022-08-29 09:10:00,2022-08-29 11:11:00
4000484310,2022-08-31,2022-08-31 10:00:00,2022-08-31 11:00:00
4000484311,2022-09-01,2022-09-01 09:00:00,2022-09-01 10:00:00
4000484312,2022-09-01,2022-09-01 09:00:00,2022-09-01 10:00:00
4000484313,2022-09-01,2022-09-01 09:00:00,2022-09-01 10:00:00
4000485223,2022-09-02,2022-09-02 09:00:00,2022-09-02 10:00:00
4000485224,2022-09-02,2022-09-02 10:00:00,2022-09-02 11:00:00
4000485225,2022-09-02,2022-09-02 11:00:00,2022-09-02 12:00:00
4000485227,2022-09-03,2022-09-03 10:00:00,2022-09-03 11:00:00
4000485228,2022-09-03,2022-09-03 09:00:00,2022-09-03 10:00:00
4000485229,2022-09-04,2022-09-04 09:00:00,2022-09-04 10:30:00
4000485230,2022-09-04,2022-09-04 04:00:00,2022-09-04 10:00:00
4000485231,2022-09-05,2022-09-05 09:00:00,2022-09-05 10:00:00
4000485232,2022-09-05,2022-09-05 10:00:00,2022-09-05 10:00:00
4000485233,2022-09-06,2022-09-06 09:00:00,2022-09-06 10:00:00
4000485234,2022-09-06,2022-09-06 10:00:00,2022-09-06 11:00:00
4000486055,2022-09-07,2022-09-07 09:00:00,2022-09-07 10:00:00
4000486056,2022-09-07,2022-09-07 10:00:00,2022-09-07 11:00:00
4000486057,2022-09-08,2022-09-08 09:00:00,2022-09-08 10:00:00
4000486058,2022-09-08,2022-09-08 10:00:00,2022-09-08 11:00:00
4000486059,2022-09-08,2022-09-08 11:00:00,2022-09-08 12:00:00
4000486060,2022-09-09,2022-09-09 10:00:00,2022-09-09 11:00:00
4000486262,2022-09-09,2022-09-09 09:00:00,2022-09-09 10:00:00
4000486263,2022-09-09,2022-09-09 11:00:00,2022-09-09 12:00:00
4000486927,2022-09-10,2022-09-10 10:00:00,2022-09-10 11:00:00
4000486928,2022-09-10,2022-09-10 11:00:00,2022-09-10 12:00:00
4000486929,2022-09-11,2022-09-11 09:00:00,2022-09-11 10:00:00
4000486931,2022-09-12,2022-09-12 09:00:00,2022-09-12 10:00:00
4000486932,2022-09-12,2022-09-12 10:00:00,2022-09-12 11:00:00
4000486933,2022-09-13,2022-09-13 09:00:00,2022-09-13 10:00:00
4000486934,2022-09-13,2022-09-13 10:30:00,2022-09-13 11:30:00
4000486936,2022-09-14,2022-09-14 09:00:00,2022-09-14 10:00:00
4000486937,2022-09-14,2022-09-14 10:30:00,2022-09-14 11:30:00
4000486938,2022-09-15,2022-09-15 09:00:00,2022-09-15 10:00:00
4000486939,2022-09-15,2022-09-15 09:30:00,2022-09-15 10:30:00
4000486940,2022-09-15,2022-09-15 11:00:00,2022-09-15 12:00:00
4000487773,2022-09-16,2022-09-16 10:00:00,2022-09-16 11:00:00
4000487774,2022-09-16,2022-09-16 09:00:00,2022-09-16 10:00:00
4000487775,2022-09-16,2022-09-16 11:00:00,2022-09-16 12:00:00
4000487778,2022-09-17,2022-09-17 09:30:00,2022-09-17 10:30:00
4000487779,2022-09-17,2022-09-17 10:40:00,2022-09-17 11:40:00
4000487780,2022-09-18,2022-09-18 10:00:00,2022-09-18 11:00:00
4000487801,2022-09-18,2022-09-18 09:00:00,2022-09-18 10:00:00
4000487802,2022-09-19,2022-09-19 10:00:00,2022-09-19 11:00:00
4000487804,2022-09-19,2022-09-19 09:00:00,2022-09-19 10:00:00
4000487805,2022-09-20,2022-09-20 09:00:00,2022-09-20 10:00:00
4000487806,2022-09-20,2022-09-20 10:00:00,2022-09-20 11:00:00
4000487808,2022-09-21,2022-09-21 09:00:00,2022-09-21 10:00:00
4000487809,2022-09-21,2022-09-21 10:00:00,2022-09-21 11:00:00
4000488622,2022-09-22,2022-09-22 10:00:00,2022-09-22 11:00:00
4000488623,2022-09-22,2022-09-22 09:00:00,2022-09-22 10:00:00
4000488624,2022-09-22,2022-09-22 10:00:00,2022-09-22 11:00:00
4000488625,2022-09-23,2022-09-23 09:00:00,2022-09-23 10:00:00
4000488626,2022-09-23,2022-09-23 10:00:00,2022-09-23 11:00:00
4000488627,2022-09-23,2022-09-23 12:00:00,2022-09-23 12:00:00
4000488629,2022-09-24,2022-09-24 09:00:00,2022-09-24 10:00:00
4000488630,2022-09-24,2022-09-24 09:00:00,2022-09-24 10:00:00
4000488631,2022-09-25,2022-09-25 09:00:00,2022-09-25 10:00:00
4000488632,2022-09-26,2022-09-26 09:00:00,2022-09-26 11:00:00
4000489392,2022-09-26,2022-09-26 10:00:00,2022-09-26 11:00:00
4000489393,2022-09-26,2022-09-26 09:00:00,2022-09-26 10:00:00
4000489394,2022-09-27,2022-09-27 09:00:00,2022-09-27 10:00:00
4000489395,2022-09-27,2022-09-27 00:00:00,2022-09-27 04:00:00
4000490071,2022-09-28,2022-09-28 09:00:00,2022-09-28 10:00:00
4000490072,2022-09-28,2022-09-28 10:00:00,2022-09-28 11:00:00
4000490073,2022-09-29,2022-09-29 10:00:00,2022-09-29 11:00:00
4000490074,2022-09-29,2022-09-29 09:00:00,2022-09-29 10:00:00
4000490075,2022-09-29,2022-09-29 11:00:00,2022-09-29 12:00:00
4000490076,2022-09-30,2022-09-30 10:00:00,2022-09-30 11:00:00
4000490077,2022-09-30,2022-09-30 09:00:00,2022-09-30 10:00:00
4000490078,2022-09-30,2022-09-30 11:00:00,2022-09-30 12:00:00
4000490300,2022-10-01,2022-10-01 09:00:00,2022-10-01 10:00:00
4000490301,2022-10-02,2022-10-02 09:00:00,2022-10-02 10:00:00
4000490302,2022-10-02,2022-10-02 06:00:00,2022-10-02 11:00:00
4000490303,2022-10-03,2022-10-03 10:00:00,2022-10-03 11:00:00
4000490304,2022-10-03,2022-10-03 09:00:00,2022-10-03 10:00:00
4000490726,2022-10-04,2022-10-04 09:00:00,2022-10-04 10:00:00
4000490727,2022-10-04,2022-10-04 10:00:00,2022-10-04 11:00:00
4000490729,2022-10-05,2022-10-05 09:00:00,2022-10-05 10:00:00
4000490730,2022-10-05,2022-10-05 10:00:00,2022-10-05 11:00:00
4000491855,2022-10-06,2022-10-06 09:00:00,2022-10-06 10:00:00
4000491857,2022-10-07,2022-10-07 10:00:00,2022-10-07 10:00:00
4000491858,2022-10-07,2022-10-07 10:00:00,2022-10-07 11:00:00
4000491859,2022-10-07,2022-10-07 11:00:00,2022-10-07 12:00:00
4000491881,2022-10-08,2022-10-08 10:00:00,2022-10-08 11:00:00
4000491883,2022-10-09,2022-10-09 10:00:00,2022-10-09 11:00:00
4000491884,2022-10-09,2022-10-09 09:00:00,2022-10-09 10:00:00
4000491885,2022-10-10,2022-10-10 09:00:00,2022-10-10 10:00:00
4000491886,2022-10-10,2022-10-10 10:00:00,2022-10-10 11:00:00
4000491887,2022-10-11,2022-10-11 10:00:00,2022-10-11 11:00:00
4000491888,2022-10-11,2022-10-11 09:00:00,2022-10-11 10:00:00
4000492761,2022-10-12,2022-10-12 09:00:00,2022-10-12 10:00:00
4000492762,2022-10-12,2022-10-12 10:00:00,2022-10-12 11:00:00
4000492763,2022-10-13,2022-10-13 00:00:00,2022-10-13 11:00:00
4000492764,2022-10-13,2022-10-13 09:00:00,2022-10-13 10:00:00
4000492765,,,
4000492766,2022-10-14,2022-10-14 09:00:00,2022-10-14 10:00:00
4000492767,2022-10-14,2022-10-14 10:00:00,2022-10-14 11:00:00
4000492768,2022-10-14,2022-10-14 11:00:00,2022-10-14 12:00:00
4000492770,2022-10-15,2022-10-15 08:30:00,2022-10-15 09:30:00
4000492771,2022-10-15,2022-10-15 11:30:00,2022-10-15 12:30:00
4000492772,2022-10-16,2022-10-16 09:00:00,2022-10-16 10:00:00
4000492773,2022-10-16,2022-10-16 10:00:00,2022-10-16 11:00:00
4000492774,2022-10-17,2022-10-17 09:00:00,2022-10-17 10:00:00
4000492775,2022-10-17,2022-10-17 10:00:00,2022-10-17 11:00:00
4000492934,2022-10-18,2022-10-18 11:00:00,2022-10-18 12:00:00
4000492935,2022-10-18,2022-10-18 10:00:00,2022-10-18 11:00:00
4000493502,2022-10-19,2022-10-19 09:00:00,2022-10-19 10:00:00
4000493503,2022-10-19,2022-10-19 10:00:00,2022-10-19 11:00:00
4000493504,2022-10-20,2022-10-20 09:00:00,2022-10-20 10:00:00
4000493505,2022-10-20,2022-10-20 10:00:00,2022-10-20 11:00:00
4000493506,2022-10-20,2022-10-20 11:00:00,2022-10-20 12:00:00
4000493507,2022-10-21,2022-10-21 11:00:00,2022-10-21 12:00:00
4000493508,2022-10-21,2022-10-21 09:00:00,2022-10-21 10:00:00
4000493509,2022-10-21,2022-10-21 10:00:00,2022-10-21 11:00:00
4000493511,2022-10-22,2022-10-22 09:00:00,2022-10-22 10:00:00
4000493512,2022-10-22,2022-10-22 10:00:00,2022-10-22 11:00:00
4000495086,2022-10-23,2022-10-23 09:00:00,2022-10-23 10:00:00
4000495096,2021-10-27,2021-10-27 09:00:00,2021-10-27 10:00:00
4000495099,2022-10-28,2022-10-28 09:00:00,2022-10-28 10:00:00
4000495122,2022-10-29,2022-10-29 09:00:00,2022-10-29 10:00:00
4000495454,2022-10-30,2022-10-30 09:00:00,2022-10-30 11:00:00
4000495455,,,
4000495456,2022-10-31,2022-10-31 09:00:00,2022-10-31 10:00:00
4000495457,2022-10-31,2022-10-31 10:00:00,2022-10-31 11:00:00
4000495458,2022-11-01,2022-11-01 09:00:00,2022-11-01 10:00:00
4000495459,2022-11-01,2022-11-01 10:00:00,2022-11-01 11:00:00
4000495855,2022-11-02,2022-11-02 10:00:00,2022-11-02 11:00:00
4000495856,2022-11-02,2022-11-02 09:00:00,2022-11-02 10:00:00
4000495857,2022-11-03,2022-11-03 09:00:00,2022-11-03 16:00:00
4000495858,2022-11-03,2022-11-03 10:00:00,2022-11-03 11:00:00
4000495859,2022-11-03,2022-11-03 11:00:00,2022-11-03 12:00:00
4000496604,2022-11-04,2022-11-04 04:00:00,2022-11-04 10:00:00
4000496605,2022-11-04,2022-11-04 10:00:00,2022-11-04 11:00:00
4000496606,2022-11-04,2022-11-04 09:00:00,2022-11-04 10:00:00
4000496608,2022-11-05,2022-11-05 09:00:00,2022-11-05 10:00:00
4000496609,2022-11-05,2022-11-05 09:00:00,2022-11-05 10:00:00
4000496610,2022-11-06,2022-11-06 09:00:00,2022-11-06 10:30:00
4000496612,2022-11-07,2022-11-07 07:00:00,2022-11-07 10:00:00
4000496613,2022-11-07,2022-11-07 09:00:00,2022-11-07 10:00:00
4000497675,2022-11-08,2022-11-08 10:00:00,2022-11-08 11:00:00
4000497676,2022-11-08,2022-11-08 11:00:00,2022-11-08 12:00:00
4000497678,2022-11-09,2022-11-09 09:00:00,2022-11-09 10:00:00
4000497679,2022-11-09,2022-11-09 10:00:00,2022-11-09 11:00:00
4000497680,2022-11-10,2022-11-10 10:00:00,2022-11-10 04:00:00
4000497681,2022-11-10,2022-11-10 09:00:00,2022-11-10 10:00:00
4000497682,2022-11-10,2022-11-10 10:00:00,2022-11-10 11:00:00
4000497683,2022-11-11,2022-11-11 09:00:00,2022-11-11 10:00:00
4000497684,2022-11-11,2022-11-11 10:00:00,2022-11-11 11:00:00
4000497686,2022-11-11,2022-11-11 11:00:00,2022-11-11 12:00:00
4000497688,2022-11-12,2022-11-12 10:00:00,2022-11-12 04:00:00
4000497689,2022-11-12,2022-11-12 09:00:00,2022-11-12 10:00:00
4000498238,2022-11-13,2022-11-13 09:00:00,2022-11-13 10:00:00
4000498239,2022-11-14,2022-11-14 09:00:00,2022-11-14 10:00:00
4000498240,2022-11-14,2022-11-14 10:00:00,2022-11-14 11:00:00
4000498241,2022-11-15,2022-11-15 10:00:00,2022-11-15 11:00:00
4000498242,2022-11-15,2022-11-15 09:00:00,2022-11-15 10:00:00
4000498244,2022-11-16,2022-11-16 10:00:00,2022-11-16 11:00:00
4000498245,2022-11-16,2022-11-16 09:00:00,2022-11-16 10:00:00
4000498246,2022-11-17,2022-11-17 10:00:00,2022-11-17 11:00:00
4000498247,2022-11-17,2022-11-17 09:00:00,2022-11-17 10:00:00
4000498248,2022-11-17,2022-11-17 11:00:00,2022-11-17 12:00:00
4000498704,2022-11-18,2022-11-18 10:00:00,2022-11-18 12:00:00
4000498705,2022-11-18,2022-11-18 10:00:00,2022-11-18 11:00:00
4000498706,2022-11-18,2022-11-18 09:00:00,2022-11-18 10:00:00
4000498708,2022-11-19,2022-11-19 11:00:00,2022-11-19 12:00:00
4000498709,2022-11-19,2022-11-19 09:00:00,2022-11-19 10:00:00
4000498710,2022-11-20,2022-11-20 09:00:00,2022-11-20 10:00:00
4000498711,2022-11-20,2022-11-20 09:00:00,2022-11-20 10:00:00
4000499408,2022-11-21,2022-11-21 09:00:00,2022-11-21 10:00:00
4000499409,2022-11-21,2022-11-21 10:00:00,2022-11-21 11:00:00
4000499410,2022-11-22,2022-11-22 10:00:00,2022-11-22 11:00:00
4000499411,2022-11-22,2022-11-22 09:00:00,2022-11-22 10:00:00
4000500658,2022-11-23,2022-11-23 09:00:00,2022-11-23 10:00:00
4000500659,2022-11-23,2022-11-23 10:00:00,2022-11-23 11:00:00
4000500660,2022-11-24,2022-11-24 11:00:00,2022-11-24 12:00:00
4000500661,2022-11-24,2022-11-24 10:00:00,2022-11-24 11:00:00
4000500662,2022-11-24,2022-11-24 09:00:00,2022-11-24 10:00:00
4000500663,2022-11-25,2022-11-25 09:00:00,2022-11-25 10:00:00
4000500666,2022-11-25,,
4000500667,2022-11-25,2022-11-25 11:00:00,2022-11-25 12:00:00
4000500669,2022-11-26,2022-11-26 09:00:00,2022-11-26 10:00:00
4000500670,2022-11-26,2022-11-26 10:00:00,2022-11-26 11:00:00
4000500671,2022-11-27,2022-11-27 09:00:00,2022-11-27 16:00:00
4000500672,2022-11-27,2022-11-27 10:00:00,2022-11-27 11:00:00
4000500673,2022-11-28,2022-11-28 10:00:00,2022-11-28 11:00:00
4000500674,2022-11-28,2022-11-28 09:00:00,2022-11-28 10:00:00
4000500753,2022-11-29,2022-11-29 10:00:00,2022-11-29 11:00:00
4000500754,2022-11-29,2022-11-29 09:00:00,2022-11-29 10:00:00
4000501193,2022-11-30,2022-11-30 09:00:00,2022-11-30 10:00:00
4000501194,2022-11-30,2022-11-30 09:00:00,2022-11-30 10:00:00
4000501195,2022-12-01,2022-12-01 10:00:00,2022-12-01 11:00:00
4000501196,2022-12-01,2022-12-01 09:00:00,2022-12-01 10:00:00
4000501197,2022-12-01,2022-12-01 09:00:00,2022-12-01 10:00:00
4000501619,2022-12-02,2022-12-02 10:00:00,2022-12-02 11:00:00
4000501620,2022-12-02,2022-12-02 09:00:00,2022-12-02 10:00:00
4000501621,2022-12-02,2022-12-02 10:00:00,2022-12-02 11:00:00
4000501623,2022-12-03,2022-12-03 10:00:00,2022-12-03 11:00:00
4000501624,2022-12-03,2022-12-03 10:00:00,2022-12-03 11:00:00
4000501625,2022-12-04,2022-12-04 09:00:00,2022-12-04 10:00:00
4000501626,2022-12-04,2022-12-04 09:00:00,2022-12-04 10:00:00
4000501627,2022-12-05,2022-12-05 09:00:00,2022-12-05 10:00:00
4000501735,2022-12-06,2022-12-06 09:00:00,2022-12-06 10:00:00
4000501736,2022-12-06,2022-12-06 00:00:00,2022-12-06 10:00:00
4000503476,2022-12-07,2022-12-07 09:00:00,2022-12-07 10:00:00
4000503477,2022-12-07,2022-12-07 10:00:00,2022-12-07 11:00:00
4000503478,2022-12-08,2022-12-08 09:00:00,2022-12-08 10:00:00
4000503479,2022-12-08,2022-12-08 10:00:00,2022-12-08 11:00:00
4000503480,2022-12-08,2022-12-08 11:00:00,2022-12-08 12:00:00
4000503501,2022-12-09,2022-12-09 09:00:00,2022-12-09 11:00:00
4000503502,2022-12-09,2022-12-09 10:00:00,2022-12-09 11:00:00
4000503503,2022-12-09,2022-12-09 11:00:00,2022-12-09 12:00:00
4000503505,2022-12-10,2022-12-10 11:00:00,2022-12-10 12:00:00
4000503506,2022-12-11,2022-12-11 10:00:00,2022-12-11 10:00:00
4000503507,2022-12-11,2022-12-11 09:00:00,2022-12-11 11:00:00
4000503508,,,
4000503509,2022-12-12,2022-12-12 09:00:00,2022-12-12 10:00:00
4000503510,2022-12-12,2022-12-12 10:00:00,2022-12-12 11:00:00
4000503511,2022-12-13,2022-12-13 09:00:00,2022-12-13 10:00:00
4000503512,2022-12-13,2022-12-13 10:00:00,2022-12-13 11:00:00
4000503514,2022-12-14,2022-12-14 09:00:00,2022-12-14 10:00:00
4000503515,2022-12-14,2022-12-14 09:40:00,2022-12-14 10:00:00
4000503516,2022-12-15,2022-12-15 09:00:00,2022-12-15 10:00:00
4000503518,2022-12-15,2022-12-15 10:00:00,2022-12-15 11:00:00
4000505975,2022-12-16,2022-12-16 10:00:00,2022-12-16 11:00:00
4000505976,2022-12-16,2022-12-16 10:00:00,2022-12-16 11:00:00
4000505977,,,
4000505979,2022-12-17,2022-12-17 09:00:00,2022-12-17 10:00:00
4000505980,2022-12-17,2022-12-17 11:00:00,2022-12-17 12:00:00
4000505981,2022-12-18,2022-12-18 09:00:00,2022-12-18 10:00:00
4000505983,2022-12-19,2022-12-19 09:00:00,2022-12-19 10:00:00
4000505984,2022-12-19,2022-12-19 09:00:00,2022-12-19 10:00:00
4000505985,2022-12-20,2022-12-20 09:00:00,2022-12-20 10:00:00
4000505986,2022-12-20,2022-12-20 09:00:00,2022-12-20 10:00:00
4000505988,2022-12-21,2022-12-21 10:00:00,2022-12-21 11:00:00
4000505989,2022-12-21,2022-12-21 10:00:00,2022-12-21 11:00:00
4000505990,2022-12-22,2022-12-22 10:00:00,2022-12-22 11:00:00
4000505991,2022-12-22,2022-12-22 09:00:00,2022-12-22 10:00:00
4000505992,2022-12-22,2022-12-22 11:00:00,2022-12-22 12:00:00
4000505993,2022-12-23,2022-12-23 09:00:00,2022-12-23 10:00:00
4000505994,2022-12-23,2022-12-23 10:00:00,2022-12-23 11:00:00
4000505995,,,
4000505997,2022-12-24,2022-12-24 09:00:00,2022-12-24 10:00:00
4000505998,2022-12-24,2022-12-24 11:00:00,2022-12-24 12:00:00
4000505999,2022-12-25,2022-12-25 09:00:00,2022-12-25 10:30:00
4000506000,,,
4000506001,2022-12-26,2022-12-26 10:00:00,2022-12-26 11:00:00
4000506002,2022-12-26,2022-12-26 09:00:00,2022-12-26 10:00:00
4000506003,2022-12-27,2022-12-27 09:00:00,2022-12-27 10:00:00
4000506004,2022-12-27,2022-12-27 09:00:00,2022-12-27 10:00:00
4000506261,2022-12-28,2022-12-28 10:00:00,2022-12-28 11:00:00
4000506262,2022-12-28,2022-12-28 09:00:00,2022-12-28 10:00:00
4000506263,2022-12-29,2022-12-29 09:00:00,2022-12-29 10:00:00
4000506264,2022-12-29,2022-12-29 10:00:00,2022-12-29 11:00:00
4000506265,2022-12-29,2022-12-29 09:00:00,2022-12-29 10:00:00
4000507114,2022-12-30,2022-12-30 10:00:00,2022-12-30 11:00:00
4000507115,2022-12-30,2022-12-30 09:00:00,2022-12-30 10:00:00
4000507117,2022-12-30,2022-12-30 09:00:00,2022-12-30 10:00:00
4000507119,2022-12-31,2022-12-31 10:00:00,2022-12-31 11:00:00
4000507120,2022-12-31,2022-12-31 11:00:00,2022-12-31 12:00:00
4000507122,2023-01-01,2023-01-01 09:00:00,2023-01-01 10:00:00
4000507123,2023-01-02,2023-01-02 09:00:00,2023-01-02 10:00:00
4000507124,2023-01-02,2023-01-02 10:00:00,2023-01-02 11:00:00
4000507125,2023-01-03,2023-01-03 09:00:00,2023-01-03 10:00:00
4000507126,2023-01-03,2023-01-03 10:00:00,2023-01-03 11:00:00
4000507129,2023-01-04,2023-01-04 09:00:00,2023-01-04 10:00:00
4000507130,2023-01-04,2023-01-04 10:00:00,2023-01-04 11:00:00
4000507131,2023-01-05,2023-01-05 10:00:00,2023-01-05 11:00:00
4000507132,2023-01-05,2023-01-05 09:00:00,2023-01-05 10:00:00
4000507133,2023-01-05,2023-01-05 10:00:00,2023-01-05 11:00:00
4000507415,2023-01-06,2023-01-06 10:00:00,2023-01-06 11:00:00
4000507416,2023-01-06,2023-01-06 09:00:00,2023-01-06 10:00:00
4000507420,2023-01-07,2023-01-07 09:00:00,2023-01-07 11:00:00
4000507521,,,
4000508048,2023-01-08,2023-01-08 09:00:00,2023-01-08 10:00:00
4000508049,2023-01-08,2023-01-08 10:00:00,2023-01-08 11:00:00
4000508051,2023-01-09,2023-01-09 10:00:00,2023-01-09 11:00:00
4000508052,2023-01-09,2023-01-09 09:00:00,2023-01-09 16:00:00
4000508297,2023-01-10,2023-01-10 11:00:00,2023-01-10 11:30:00
4000508298,2023-01-10,2023-01-10 10:30:00,2023-01-10 11:00:00
4000508586,2023-01-11,2023-01-11 10:00:00,2023-01-11 11:00:00
4000508587,2023-01-11,2023-01-11 09:00:00,2023-01-11 10:00:00
4000508588,2023-01-12,2023-01-12 11:00:00,2023-01-12 12:00:00
4000508589,2023-01-12,2023-01-12 10:00:00,2023-01-12 11:00:00
4000508590,2023-01-12,2023-01-12 09:00:00,2023-01-12 10:00:00
4000509007,2023-01-13,2023-01-13 10:00:00,2023-01-13 11:00:00
4000509008,2023-01-13,2023-01-13 11:00:00,2023-01-13 12:00:00
4000509011,2023-01-14,2023-01-14 10:00:00,2023-01-14 11:00:00
4000509013,2023-01-15,2023-01-15 09:00:00,2023-01-15 10:00:00
4000509014,2023-01-15,2023-01-15 09:00:00,2023-01-15 10:00:00
4000509015,2023-01-16,2023-01-16 10:00:00,2023-01-16 11:00:00
4000509016,2023-01-16,2023-01-16 09:00:00,2023-01-16 10:00:00
4000509326,2023-01-17,2023-01-17 10:30:00,2023-01-17 11:00:00
4000509327,2023-01-17,2023-01-17 10:00:00,2023-01-17 11:00:00
4000510134,2023-01-18,2023-01-18 09:00:00,2023-01-18 10:00:00
4000510135,2023-01-18,2023-01-18 10:00:00,2023-01-18 11:00:00
4000510137,2023-01-19,2023-01-19 10:00:00,2023-01-19 11:00:00
4000510138,2023-01-19,2023-01-19 09:00:00,2023-01-19 10:00:00
4000510139,2023-01-19,2023-01-19 11:00:00,2023-01-19 12:00:00
4000510140,2023-01-20,2023-01-20 09:00:00,2023-01-20 10:00:00
4000510142,2023-01-20,2023-01-20 10:00:00,2023-01-20 11:00:00
4000510143,2023-01-20,2023-01-20 10:00:00,2023-01-20 11:00:00
4000510145,2023-01-21,2023-01-21 08:00:00,2023-01-21 09:00:00
4000510146,2021-01-21,2021-01-21 09:00:00,2021-01-21 10:00:00
4000510147,2023-01-22,2023-01-22 09:00:00,2023-01-22 10:30:00
4000510148,2023-01-22,2023-01-22 09:00:00,2023-01-22 10:00:00
4000510264,2023-01-23,2023-01-23 10:00:00,2023-01-23 11:00:00
4000510265,2023-01-23,2023-01-23 09:00:00,2023-01-23 10:00:00
4000510832,2023-01-29,2023-01-29 11:00:00,2023-01-29 12:00:00
4000510833,2023-01-29,2023-01-29 10:00:00,2023-01-29 11:00:00
4000510835,2023-01-25,2023-01-25 10:00:00,2023-01-25 11:00:00
4000510836,2023-01-25,2023-01-25 09:00:00,2023-01-25 10:00:00
4000511657,2023-01-26,2023-01-26 10:00:00,2023-01-26 11:00:00
4000511658,2023-01-26,2023-01-26 10:00:00,2023-01-26 11:00:00
4000511659,2023-01-26,2023-01-26 09:00:00,2023-01-26 10:00:00
4000511681,2023-01-28,2023-01-28 09:00:00,2023-01-28 10:00:00
4000511682,2023-01-27,2023-01-27 09:00:00,2023-01-27 10:00:00
4000511683,2023-01-27,2023-01-27 10:00:00,2023-01-27 11:30:00
4000511684,2023-01-27,2023-01-27 09:00:00,2023-01-27 10:00:00
4000511685,2023-01-28,2023-01-28 09:00:00,2023-01-28 10:00:00
4000511686,2023-01-29,2023-01-29 09:00:00,2023-01-29 10:00:00
4000511687,2023-01-29,2023-01-29 09:00:00,2023-01-29 10:00:00
4000511688,2023-01-30,2023-01-30 10:00:00,2023-01-30 18:00:00
4000511689,2023-01-30,2023-01-30 09:00:00,2023-01-30 10:00:00
4000511690,2023-01-31,2023-01-31 10:00:00,2023-01-31 11:00:00
4000511691,2023-01-31,2023-01-31 09:00:00,2023-01-31 10:00:00
4000512791,2023-02-01,2023-02-01 09:00:00,2023-02-01 10:00:00
4000512792,2023-02-02,2023-02-02 10:00:00,2023-02-02 04:00:00
4000512794,2023-02-02,2023-02-02 09:00:00,2023-02-02 10:00:00
4000512795,2023-02-02,2023-02-02 10:00:00,2023-02-02 11:00:00
4000512796,2023-02-02,2023-02-02 11:00:00,2023-02-02 12:00:00
4000512797,2023-02-03,2023-02-03 08:30:00,2023-02-03 09:30:00
4000512798,2023-02-03,2023-02-03 09:30:00,2023-02-03 10:30:00
4000512799,2023-02-03,2023-02-03 09:00:00,2023-02-03 11:00:00
4000512801,2023-02-04,2023-02-04 08:00:00,2023-02-04 09:00:00
4000512802,2023-02-05,2023-02-05 09:00:00,2023-02-05 10:00:00
4000512804,2023-02-05,2023-02-05 09:00:00,2023-02-05 10:00:00
4000512867,2023-02-06,2023-02-06 10:00:00,2023-02-06 11:00:00
4000512868,2023-02-06,2023-02-06 09:00:00,2023-02-06 10:00:00
4000513266,2023-02-07,2023-02-07 10:00:00,2023-02-07 11:00:00
4000513267,2023-02-07,2023-02-07 11:00:00,2023-02-07 12:00:00
4000513269,2023-02-08,2023-02-08 09:00:00,2023-02-08 10:00:00
4000513270,2023-02-08,2023-02-08 10:00:00,2023-02-08 11:00:00
4000514164,2023-02-09,2023-02-09 10:00:00,2023-02-09 11:00:00
4000514165,2023-02-09,2023-02-09 09:00:00,2023-02-09 10:00:00
4000514166,,,
4000514167,2023-02-10,2023-02-10 09:00:00,2023-02-10 10:00:00
4000514168,2023-02-10,2023-02-10 10:00:00,2023-02-10 11:00:00
4000514169,2022-02-10,2022-02-10 11:00:00,2022-02-10 12:00:00
4000514171,2023-02-11,2023-02-11 10:00:00,2023-02-11 11:00:00
4000514172,2023-02-11,2023-02-11 11:00:00,2023-02-11 12:00:00
4000514173,2023-02-12,2023-02-12 10:00:00,2023-02-12 11:00:00
4000514175,2023-02-13,2023-02-13 10:30:00,2023-02-13 11:00:00
4000514176,2023-02-13,2023-02-13 10:00:00,2023-02-13 10:30:00
4000514736,2023-02-14,2023-02-14 09:30:00,2023-02-14 10:00:00
4000514739,2023-02-14,2023-02-14 10:00:00,2023-02-14 10:30:00
4000514761,2023-02-15,2023-02-15 09:00:00,2023-02-15 10:00:00
4000514762,2023-02-15,2023-02-15 10:00:00,2023-02-15 11:00:00
4000514763,2023-02-16,2023-02-16 09:06:00,2023-02-16 10:00:00
4000514764,2023-02-16,2023-02-16 10:00:00,2023-02-16 11:00:00
4000514765,2023-02-16,,
4000515805,2023-02-17,2023-02-17 09:00:00,2023-02-17 10:00:00
4000515806,2023-02-17,2023-02-17 10:00:00,2023-02-17 11:00:00
4000515807,2023-02-17,2023-02-17 09:00:00,2023-02-17 10:00:00
4000515809,2023-02-18,2023-02-18 11:00:00,2023-02-18 12:00:00
4000515810,2023-02-18,,2023-02-18 10:00:00
4000515811,2023-02-19,2023-02-19 09:30:00,2023-02-19 10:30:00
4000515813,2023-02-20,2023-02-20 10:00:00,2023-02-20 11:00:00
4000515814,2023-02-20,2023-02-20 09:00:00,2023-02-20 10:00:00
4000515815,2023-02-21,2023-02-21 10:00:00,2023-02-21 11:00:00
4000515816,2023-02-21,2023-02-21 09:00:00,2023-02-21 10:00:00
4000517259,2023-02-22,2023-02-22 10:00:00,2023-02-22 11:00:00
4000517260,2023-02-22,2023-02-22 09:00:00,2023-02-22 10:00:00
4000517261,2023-02-18,2023-02-18 09:00:00,2023-02-18 10:00:00
4000517262,2023-02-23,2023-02-23 09:00:00,2023-02-23 10:00:00
4000517263,2023-02-23,2023-02-23 09:00:00,2023-02-23 11:00:00
4000517264,2023-02-24,2023-02-24 10:00:00,2023-02-24 10:30:00
4000517265,2023-02-24,2023-02-24 09:30:00,2023-02-24 10:00:00
4000517266,2023-02-24,2023-02-24 09:40:00,2023-02-24 10:40:00
4000517268,2023-02-25,2023-02-25 09:00:00,2023-02-25 11:00:00
4000517269,2023-02-25,2023-02-25 09:00:00,2023-02-25 10:00:00
4000517270,2023-02-26,2023-02-26 10:00:00,2023-02-26 11:00:00
4000517272,2023-02-27,2023-02-27 10:30:00,2023-02-27 11:30:00
4000517273,2023-02-27,2023-02-27 09:30:00,2023-02-27 10:30:00
4000517274,2023-02-28,2023-02-28 10:30:00,2023-02-28 11:00:00
4000517275,2023-02-28,2023-02-28 10:15:00,2023-02-28 10:30:00
4000519452,2023-03-01,2023-03-01 10:00:00,2023-03-01 11:00:00
4000519453,2023-03-01,2023-03-01 09:00:00,2023-03-01 10:00:00
4000519455,2023-03-02,2023-03-02 10:00:00,2023-03-02 11:00:00
4000519456,2023-03-02,2023-03-02 09:00:00,2023-03-02 01:00:00
4000519457,2023-03-02,2023-03-02 09:00:00,2023-03-02 10:00:00
4000519458,2023-03-03,2023-03-03 09:00:00,2023-03-03 10:00:00
4000519460,2023-03-03,2023-03-03 10:00:00,2023-03-03 11:00:00
4000519461,2023-03-03,2023-03-03 09:00:00,2023-03-03 10:00:00
4000519463,2023-03-04,2023-03-04 09:00:00,2023-03-04 10:00:00
4000519464,2023-03-04,,
4000519467,2023-03-06,2023-03-06 10:00:00,2023-03-06 11:00:00
4000519468,2023-03-06,2023-03-06 09:00:00,2023-03-06 10:00:00
4000519469,2023-03-07,2023-03-07 09:00:00,2023-03-07 10:00:00
4000519470,2023-03-07,2023-03-07 10:30:00,2023-03-07 10:30:00
4000519472,2023-03-08,2023-03-08 10:30:00,2023-03-08 11:30:00
4000519473,2023-03-08,2023-03-08 09:30:00,2023-03-08 10:30:00
4000519474,2023-03-09,2023-03-09 09:30:00,2023-03-09 10:30:00
4000519475,2023-03-09,2023-03-09 10:30:00,2023-03-09 11:30:00
4000519476,2023-03-09,2023-03-09 09:00:00,2023-03-09 10:00:00
4000519477,2023-03-10,2023-03-10 10:30:00,2023-03-10 11:30:00
4000519478,2023-03-10,2023-03-10 09:30:00,2023-03-10 10:30:00
4000519479,2023-03-10,2023-03-10 09:00:00,2023-03-10 10:00:00
4000519481,2023-03-11,2023-03-11 11:00:00,2023-03-11 12:00:00
4000519482,2023-03-11,2023-03-11 08:00:00,2023-03-11 09:00:00
4000519483,2023-03-12,2023-03-12 09:00:00,2023-03-12 10:30:00
4000520735,2023-03-13,2023-03-13 10:00:00,2023-03-13 11:04:00
4000520739,2023-03-13,2023-03-13 09:00:00,2023-03-13 10:00:00
4000520740,2023-03-14,2023-03-14 11:00:00,2023-03-14 10:00:00
4000520741,2023-03-14,2023-03-14 10:00:00,2023-03-14 11:00:00
4000520743,2023-03-15,2023-03-15 09:30:00,2023-03-15 10:30:00
4000520744,2023-03-15,2023-03-15 10:30:00,2023-03-15 11:30:00
4000520745,2023-03-16,2023-03-16 10:00:00,2023-03-16 11:00:00
4000520746,2023-03-16,2023-03-16 09:00:00,2023-03-16 10:00:00
4000520747,2023-03-16,2023-03-16 09:00:00,2023-03-16 10:00:00
4000520748,2023-03-17,2023-03-17 10:00:00,2023-03-17 10:30:00
4000520749,2023-03-17,2023-03-17 09:30:00,2023-03-17 10:00:00
4000520750,2023-03-17,2023-03-17 09:00:00,2023-03-17 10:00:00
4000520752,2023-03-18,2023-03-18 10:30:00,2023-03-18 11:00:00
4000520753,2023-03-18,2023-03-18 09:30:00,2023-03-18 10:00:00
4000520754,2023-03-19,2023-03-19 09:00:00,2023-03-19 10:30:00
4000520756,2023-03-20,2023-03-20 09:10:00,2023-03-20 10:00:00
4000520757,2023-03-20,2023-03-20 10:00:00,2023-03-20 11:00:00
4000522318,2023-03-21,2023-03-21 09:00:00,2023-03-21 10:00:00
4000522319,2023-03-21,2023-03-21 10:00:00,2023-03-21 11:00:00
4000522322,2023-03-22,2023-03-22 10:00:00,2023-03-22 11:00:00
4000522323,2023-03-23,2023-03-23 10:00:00,2023-03-23 11:00:00
4000522324,2023-03-23,2023-03-23 09:00:00,2023-03-23 10:00:00
4000522325,2023-03-23,2023-03-23 09:00:00,2023-03-23 10:00:00
4000522326,2023-03-24,2023-03-24 09:30:00,2023-03-24 10:30:00
4000522327,2023-03-24,2023-03-24 10:00:00,2023-03-24 11:00:00
4000522328,2023-03-24,2023-03-24 09:00:00,2023-03-24 10:00:00
4000522331,2023-03-25,2023-03-25 09:00:00,2023-03-25 10:00:00
4000522332,2023-03-26,2023-03-26 09:00:00,2023-03-26 10:30:00
4000522334,2023-03-27,2023-03-27 10:00:00,2023-03-27 11:00:00
4000522335,2023-03-27,2023-03-27 09:00:00,2023-03-27 10:00:00
4000522336,2023-03-28,2023-03-28 10:00:00,2023-03-28 10:30:00
4000522337,2023-03-28,2023-03-28 09:30:00,2023-03-28 10:00:00
4000523411,2023-03-29,2023-03-29 09:00:00,2023-03-29 10:00:00
4000523412,2023-03-29,2023-03-29 10:00:00,2023-03-29 11:00:00
4000523413,2023-03-30,2023-03-30 10:00:00,2023-03-30 11:00:00
4000523415,2023-03-30,2023-03-30 09:00:00,2023-03-30 10:00:00
4000523416,2023-03-30,2023-03-30 09:00:00,2023-03-30 10:40:00
4000523417,2023-03-31,2023-03-31 09:00:00,2023-03-31 10:00:00
4000523418,2023-03-31,2023-03-31 10:00:00,2023-03-31 11:00:00
4000523419,2023-03-31,2023-03-31 11:00:00,2023-03-31 12:00:00
4000523421,2023-04-01,2023-04-01 10:30:00,2023-04-01 11:00:00
4000523423,2023-04-01,2023-04-01 08:00:00,2023-04-01 08:30:00
4000523425,2023-04-02,2023-04-02 09:00:00,2023-04-02 10:30:00
4000523778,2023-04-03,2023-04-03 11:00:00,2023-04-03 11:30:00
4000523779,2023-04-03,2023-04-03 10:00:00,2023-04-03 10:30:00
4000523780,2023-04-04,2023-04-04 10:00:00,2023-04-04 11:00:00
4000523801,2023-04-04,2023-04-04 11:00:00,2023-04-04 12:00:00
4000523803,2023-04-05,2023-04-05 09:00:00,2023-04-05 10:00:00
4000523804,2023-04-05,2023-04-05 10:00:00,2023-04-05 11:00:00
4000524942,2023-04-06,2023-04-06 10:00:00,2023-04-06 11:00:00
4000524943,2023-04-06,2023-04-06 09:00:00,2023-04-06 10:00:00
4000524944,2023-04-06,,
4000524945,2023-04-07,2023-04-07 10:00:00,2023-04-07 11:00:00
4000524946,2023-04-07,2023-04-07 09:00:00,2023-04-07 10:00:00
4000524947,2023-04-07,2023-04-07 11:00:00,2023-04-07 12:00:00
4000524950,2023-04-08,2023-04-08 09:00:00,2023-04-08 10:00:00
4000524951,2023-04-08,2023-04-08 09:00:00,2023-04-08 10:00:00
4000524952,2023-04-09,2023-04-09 09:30:00,2023-04-09 10:30:00
4000524954,2023-04-10,2023-04-10 09:30:00,2023-04-10 10:30:00
4000524955,2023-04-10,2023-04-10 08:30:00,2023-04-10 09:30:00
4000525152,2023-04-11,2023-04-11 09:30:00,2023-04-11 10:30:00
4000525153,2023-04-11,2023-04-11 08:30:00,2023-04-11 09:30:00
4000525465,2023-04-12,2023-04-12 10:00:00,2023-04-12 11:00:00
4000525466,2023-04-12,2023-04-12 09:00:00,2023-04-12 10:00:00
4000525467,2023-04-13,2023-04-13 10:00:00,2023-04-13 11:00:00
4000525468,2023-04-13,2023-04-13 09:00:00,2023-04-13 10:00:00
4000525469,2023-04-13,2023-04-13 09:00:00,2023-04-13 10:00:00
4000526186,2023-04-14,2023-04-14 09:00:00,2023-04-14 10:00:00
4000526187,2023-04-14,2023-04-14 09:00:00,2023-04-14 10:00:00
4000526188,2023-04-14,2023-04-14 11:00:00,2023-04-14 19:00:00
4000526190,2023-04-15,2023-04-15 10:00:00,2023-04-15 11:00:00
4000526191,2023-04-15,2023-04-15 09:00:00,2023-04-15 10:00:00
4000526192,2023-04-16,2023-04-16 09:00:00,2023-04-16 10:00:00
4000526194,2023-04-17,2023-04-17 09:30:00,2023-04-17 10:00:00
4000526195,2023-04-17,2023-04-17 09:00:00,2023-04-17 09:30:00
4000526196,2023-04-18,2023-04-18 09:00:00,2023-04-18 10:00:00
4000526197,2023-04-18,2023-04-18 10:00:00,2023-04-18 11:00:00
4000526709,2023-04-19,2023-04-19 09:00:00,2023-04-19 10:00:00
4000526710,2023-04-19,2023-04-19 10:00:00,2023-04-19 11:00:00
4000526711,2023-04-20,2023-04-20 11:00:00,2023-04-20 11:30:00
4000526712,2023-04-20,2023-04-20 11:30:00,2023-04-20 12:00:00
4000526713,2023-04-20,2023-04-20 10:30:00,2023-04-20 11:00:00
4000528094,2023-04-21,2023-04-21 09:00:00,2023-04-21 10:00:00
4000528095,2023-04-21,2023-04-21 10:00:00,2023-04-21 11:00:00
4000528096,2023-04-21,2023-04-21 10:00:00,2023-04-21 10:00:00
4000528098,2023-04-22,2023-04-22 10:00:00,2023-04-22 10:00:00
4000528099,2023-04-22,2023-04-22 09:00:00,2023-04-22 10:00:00
4000528102,2023-04-24,2023-04-24 09:00:00,2023-04-24 10:00:00
4000528103,2023-04-24,2023-04-24 10:00:00,2023-04-24 11:00:00
4000528104,2023-04-25,2023-04-25 10:00:00,2023-04-25 10:30:00
4000528105,2023-04-25,2023-04-25 10:30:00,2023-04-25 11:00:00
4000528107,2023-04-26,2023-04-26 09:00:00,2023-04-26 10:40:00
4000528108,2023-04-26,2023-04-26 10:00:00,2023-04-26 11:00:00
4000530163,2023-04-27,2023-04-27 09:00:00,2023-04-27 10:00:00
4000530165,2023-04-27,2023-04-27 10:00:00,2023-04-27 11:00:00
4000530166,2023-04-27,2023-04-27 09:00:00,2023-04-27 10:00:00
4000530167,2023-04-28,2023-04-28 09:00:00,2023-04-28 11:00:00
4000530168,2023-04-28,2023-04-28 10:00:00,2023-04-28 11:00:00
4000530170,2023-04-28,2023-04-28 09:10:00,2023-04-28 10:00:00
4000530172,2023-04-29,2023-04-29 10:00:00,2023-04-29 10:00:00
4000530173,2023-04-29,2023-04-29 09:00:00,2023-04-29 10:00:00
4000530178,2023-05-01,2023-05-01 09:00:00,2023-05-01 10:00:00
4000530179,2023-05-01,2023-05-01 10:00:00,2023-05-01 11:00:00
4000530181,2023-05-02,2023-05-02 09:00:00,2023-05-02 10:00:00
4000530182,2023-05-02,2023-05-02 10:00:00,2023-05-02 11:00:00
4000530184,2023-05-03,2023-05-03 09:00:00,2023-05-03 10:00:00
4000530185,2025-05-03,2025-05-03 10:00:00,2025-05-03 11:00:00
4000530186,2023-05-04,2023-05-04 09:00:00,2023-05-04 10:00:00
4000530187,2023-04-05,2023-04-05 10:00:00,2023-04-05 11:00:00
4000530189,2023-04-05,2023-04-05 09:00:00,2023-04-05 10:00:00
4000530190,2023-05-05,2023-05-05 09:00:00,2023-05-05 10:00:00
4000530191,2023-05-05,2023-05-05 10:00:00,2023-05-05 11:00:00
4000530192,2023-05-05,2023-05-05 09:00:00,2023-05-05 10:00:00
4000530194,2023-05-06,2023-05-06 09:00:00,2023-05-06 10:00:00
4000530195,2023-06-05,2023-06-05 10:30:00,2023-06-05 11:30:00
4000530196,2023-05-07,2023-05-07 09:00:00,2023-05-07 10:30:00
4000530199,2023-05-08,2023-05-08 10:30:00,2023-05-08 11:00:00
4000530200,2023-05-08,2023-05-08 11:00:00,2023-05-08 11:30:00
4000530202,2023-05-09,2023-05-09 09:00:00,2023-05-09 10:00:00
4000530204,2023-05-09,,
4000530208,2023-05-10,2023-05-10 10:00:00,2023-05-10 10:30:00
4000530209,2023-05-10,2023-05-10 09:00:00,2023-05-10 09:30:00
4000530211,2023-05-11,2023-05-11 10:30:00,2023-05-11 11:30:00
4000530213,2023-05-11,2023-05-11 09:30:00,2023-05-11 10:30:00
4000530214,2023-05-11,2023-05-11 09:00:00,2023-05-11 10:00:00
4000530215,2023-05-12,2023-05-12 10:00:00,2023-05-12 11:00:00
4000530216,2023-05-12,2023-05-12 09:00:00,2023-05-12 10:00:00
4000530219,2023-05-12,2023-05-12 11:00:00,2023-05-12 00:00:00
4000530221,2023-05-13,2023-05-13 10:00:00,2023-05-13 11:00:00
4000530222,2023-05-13,2023-05-13 09:00:00,2023-05-13 10:00:00
4000530223,2023-05-14,2023-05-14 00:00:00,2023-05-14 01:30:00
4000530685,2023-05-16,2023-05-16 09:00:00,2023-05-16 10:00:00
4000530687,2023-05-16,2023-05-16 10:00:00,2023-05-16 11:00:00
4000530689,2023-05-17,2023-05-17 09:00:00,2023-05-17 10:00:00
4000530691,2023-05-17,2023-05-17 10:00:00,2023-05-17 11:00:00
4000530693,2023-05-18,2023-05-18 09:00:00,2023-05-18 10:00:00
4000530700,2023-05-18,2023-05-18 10:00:00,2023-05-18 10:30:00
4000530702,2023-05-18,2023-05-18 10:30:00,2023-05-18 10:50:00
4000532755,2023-05-19,2023-05-19 10:00:00,2023-05-19 11:00:00
4000532756,2023-05-19,2023-05-19 10:00:00,2023-05-19 11:00:00
4000532757,2023-05-19,2023-05-19 09:00:00,2023-05-19 10:00:00
4000532759,2023-05-20,2023-05-20 09:40:00,2023-05-20 11:00:00
4000532760,2023-05-20,2023-05-20 09:00:00,2023-05-20 10:00:00
4000532763,2023-05-22,2023-05-22 10:00:00,2023-05-22 11:00:00
4000532764,2023-05-22,2023-05-22 09:00:00,2023-05-22 10:00:00
4000532765,2023-05-23,2023-05-23 09:00:00,2023-05-23 10:00:00
4000532766,2023-05-23,2023-05-23 10:00:00,2023-05-23 11:00:00
4000532775,2023-05-24,2023-05-24 09:00:00,2023-05-24 10:00:00
4000532776,2023-05-24,2023-05-24 10:00:00,2023-05-24 11:00:00
4000532777,2023-05-25,2023-05-25 09:00:00,2023-05-25 10:00:00
4000532778,2023-05-25,2023-05-25 10:00:00,2023-05-25 11:00:00
4000532779,2023-05-25,2023-05-25 11:00:00,2023-05-25 12:00:00
4000532780,2023-05-26,2023-05-26 10:00:00,2023-05-26 11:00:00
4000532781,2023-05-26,2023-05-26 09:00:00,2023-05-26 10:00:00
4000532782,2023-05-26,2023-05-26 10:00:00,2023-05-26 11:00:00
4000532784,2023-05-27,,2023-05-27 10:00:00
4000532785,2023-05-27,2023-05-27 10:00:00,2023-05-27 11:00:00
4000532786,2023-05-28,2023-05-28 09:00:00,2023-05-28 10:00:00
4000533144,2023-05-29,2023-05-29 09:00:00,2023-05-29 10:00:00
4000533145,2023-05-29,2023-05-29 10:00:00,2023-05-29 11:00:00
4000533299,2023-05-30,2023-05-30 09:00:00,2023-05-30 10:30:00
4000533300,2023-05-30,2023-05-30 10:45:00,2023-05-30 11:45:00
4000533392,2023-05-31,2023-05-31 09:30:00,2023-05-31 10:15:00
4000533393,2023-05-31,2023-05-31 10:40:00,2023-05-31 11:10:00
4000535132,2023-06-01,2023-06-01 10:00:00,2023-06-01 11:00:00
4000535133,2023-06-01,,2023-06-01 10:00:00
4000535134,2023-06-01,2023-06-01 09:10:00,2023-06-01 10:40:00
4000535135,2023-06-02,2023-06-02 09:00:00,2023-06-02 10:00:00
4000535136,2023-06-02,2023-06-02 10:00:00,2023-06-02 11:00:00
4000535137,2023-06-02,2023-06-02 09:00:00,2023-06-02 10:00:00
4000535139,2023-06-03,2023-06-03 10:00:00,2023-06-03 11:00:00
4000535140,2023-06-03,2023-06-03 09:00:00,2023-06-03 10:00:00
4000535141,2023-06-04,2023-06-04 09:00:00,2023-06-04 10:00:00
4000535143,2023-06-05,2023-06-05 10:00:00,2023-06-05 11:00:00
4000535144,2023-06-05,2023-06-05 09:00:00,2023-06-05 10:00:00
4000535145,2023-06-06,2023-06-06 11:00:00,2023-06-06 11:30:00
4000535146,2023-06-06,2023-06-06 11:30:00,2023-06-06 12:00:00
4000535148,2023-06-07,2023-06-07 16:00:00,2023-06-07 11:00:00
4000535149,2023-06-07,2023-06-07 09:00:00,2023-06-07 10:30:00
4000535150,2023-06-08,2023-06-08 10:00:00,2023-06-08 11:00:00
4000535151,2023-06-08,2023-06-08 11:00:00,2023-06-08 10:00:00
4000535152,2023-06-08,2023-06-08 09:00:00,2023-06-08 10:00:00
4000535740,2023-06-09,2023-06-09 09:00:00,2023-06-09 10:00:00
4000535741,2023-06-09,2023-06-09 10:00:00,2023-06-09 11:00:00
4000535742,2023-06-09,2023-06-09 09:00:00,2023-06-09 10:00:00
4000535744,2023-06-10,2023-06-10 10:00:00,2023-06-10 10:30:00
4000535745,2023-06-10,2023-06-10 11:00:00,2023-06-10 11:30:00
4000535748,2023-06-12,2023-06-12 09:00:00,2023-06-12 10:00:00
4000535749,2023-06-13,2023-06-13 10:00:00,2023-06-13 11:00:00
4000535750,2023-06-13,2023-06-13 09:30:00,2023-06-13 10:00:00
4000535751,2023-06-13,2023-06-13 09:00:00,2023-06-13 09:30:00
4000536043,2023-06-14,2023-06-14 10:00:00,
4000536044,2023-06-14,2023-06-14 09:00:00,2023-06-14 10:00:00
4000536045,2023-06-15,2023-06-15 10:00:00,2023-06-15 10:30:00
4000536046,2023-06-15,2023-06-15 09:30:00,2023-06-15 10:00:00
4000536047,2023-06-15,2023-06-15 09:00:00,2023-06-15 16:00:00
4000537377,2023-06-16,2023-06-16 09:00:00,2023-06-16 10:00:00
4000537378,2023-06-16,2023-06-16 10:00:00,2023-06-16 11:00:00
4000537379,2023-06-16,2023-06-16 09:00:00,2023-06-16 10:00:00
4000537381,2023-06-17,2023-06-17 10:00:00,2023-06-17 11:00:00
4000537382,2023-06-17,2023-06-17 09:00:00,2023-06-17 17:00:00
4000537383,2023-06-18,2023-06-18 09:00:00,2023-06-18 10:30:00
4000537385,2023-06-19,2023-06-19 10:00:00,2023-06-19 11:00:00
4000537387,2023-06-19,,
4000537388,2023-06-20,2023-06-20 09:00:00,2023-06-20 10:00:00
4000537389,2023-06-20,2023-06-20 10:00:00,2023-06-20 11:00:00
4000537392,2023-06-21,2023-06-21 10:00:00,2023-06-21 11:00:00
4000537393,2024-06-21,2024-06-21 09:00:00,2024-06-21 10:00:00
4000537394,2023-06-22,2023-06-22 10:00:00,2023-06-22 11:00:00
4000537396,2023-06-22,2023-06-22 09:40:00,2023-06-22 10:00:00
4000537397,2023-06-22,2023-06-22 09:10:00,2023-06-22 10:00:00
4000541084,2023-06-23,2023-06-23 09:00:00,2023-06-23 10:00:00
4000541085,2023-06-23,2023-06-23 10:00:00,2023-06-23 11:00:00
4000541086,2023-06-23,2023-06-23 09:00:00,2023-06-23 10:00:00
4000541088,2023-06-24,2023-06-24 10:00:00,2023-06-24 11:00:00
4000541089,2023-06-24,2023-06-24 09:00:00,2023-06-24 10:00:00
4000541090,2023-06-25,2023-06-25 09:00:00,2023-06-25 10:30:00
4000541092,2023-06-26,2023-06-26 09:00:00,2023-06-26 10:00:00
4000541093,2023-06-26,2023-06-26 10:00:00,2023-06-26 11:00:00
4000541094,2023-06-27,2023-06-27 09:00:00,2023-06-27 10:00:00
4000541095,2023-06-27,2023-06-27 10:00:00,2023-06-27 11:00:00
4000541097,2023-06-28,2023-06-28 09:00:00,2023-06-28 10:00:00
4000541098,2023-06-28,2023-06-28 10:20:00,2023-06-28 11:00:00
4000541099,2023-06-29,2023-06-29 09:00:00,2023-06-29 10:00:00
4000541100,2023-06-29,2023-06-29 10:00:00,2023-06-29 11:00:00
4000541101,2023-06-29,2023-06-29 09:00:00,2023-06-29 10:00:00
4000541102,2023-06-30,2023-06-30 09:00:00,2023-06-30 10:00:00
4000541103,2023-06-30,2023-06-30 10:00:00,2023-06-30 11:00:00
4000541104,2023-06-30,2023-06-30 09:00:00,2023-06-30 10:00:00
4000541194,2023-07-01,2023-07-01 10:00:00,2023-07-01 11:00:00
4000541195,2023-07-01,2023-07-01 04:00:00,2023-07-01 10:00:00
4000541196,2023-07-02,2023-07-02 09:00:00,2023-07-02 10:30:00
4000541198,2023-07-03,2023-07-03 09:00:00,2023-07-03 10:00:00
4000541199,2023-07-03,2023-07-03 10:00:00,2023-07-03 11:00:00
4000541200,2023-07-04,2023-07-04 09:00:00,2023-07-04 10:10:00
4000541201,2023-07-04,2023-07-04 10:00:00,2023-07-04 11:00:00
4000541203,2023-07-05,2023-07-05 09:00:00,2023-07-05 10:00:00
4000541204,2023-07-05,2023-07-05 10:00:00,2023-07-05 11:00:00
4000541205,2023-07-06,2023-07-06 09:00:00,2023-07-06 10:00:00
4000541206,2023-07-06,2023-07-06 10:00:00,2023-07-06 11:00:00
4000541207,2023-07-06,2023-07-06 09:00:00,2023-07-06 09:00:00
4000541208,2023-07-07,2023-07-07 09:00:00,2023-07-07 10:00:00
4000541209,2023-07-07,2023-07-07 10:00:00,2023-07-07 11:00:00
4000541210,2023-07-07,2023-07-07 09:00:00,2023-07-07 10:00:00
4000541212,2023-07-08,2023-07-08 10:00:00,2023-07-08 11:00:00
4000541213,2023-07-08,2023-07-08 08:00:00,2023-07-08 12:00:00
4000541214,2023-07-09,2023-07-09 09:00:00,2023-07-09 10:30:00
4000541216,2023-07-10,2023-07-10 11:45:00,2023-07-10 11:45:00
4000541217,2023-07-10,2023-07-10 10:00:00,2023-07-10 10:40:00
4000541218,2023-07-11,2023-07-11 11:50:00,2023-07-11 23:50:00
4000541219,2023-07-11,2023-07-11 11:00:00,2023-07-11 11:40:00
4000541221,2023-07-12,2023-07-12 11:40:00,2023-07-12 12:20:00
4000541222,2023-07-12,2023-07-12 10:20:00,2023-07-12 11:30:00
4000542156,2023-07-13,2023-07-13 10:00:00,2023-07-13 11:00:00
4000544391,2023-07-13,2023-07-13 11:20:00,2023-07-13 00:20:00
4000544394,2023-07-14,2023-07-14 09:00:00,2023-07-14 10:00:00
4000544395,2023-07-14,2023-07-14 10:00:00,2023-07-14 11:00:00
4000544400,2023-07-15,2023-07-15 10:00:00,2023-07-15 11:00:00
4000544403,2023-07-16,2023-07-16 09:00:00,2023-07-16 10:30:00
4000544405,2023-07-17,2023-07-17 09:30:00,2023-07-17 10:00:00
4000544406,2023-07-17,2023-07-17 09:00:00,2023-07-17 09:30:00
4000544408,2023-07-18,2023-07-18 11:00:00,2023-07-18 11:40:00
4000544409,2023-07-18,2023-07-18 10:00:00,2023-07-18 10:40:00
4000544411,2023-07-19,2023-07-19 10:00:00,2023-07-19 11:00:00
4000544412,2023-07-19,2023-07-19 09:00:00,2023-07-19 10:00:00
4000544413,2023-07-20,2023-07-20 09:00:00,2023-07-20 10:00:00
4000544415,2023-07-20,2023-07-20 10:00:00,2023-07-20 11:00:00
4000544417,2023-07-21,2023-07-21 10:00:00,2023-07-21 11:00:00
4000544418,2023-07-21,2023-07-21 09:00:00,2023-07-21 10:00:00
4000544427,2023-07-24,2023-07-24 10:00:00,2023-07-24 10:50:00
4000544429,2023-07-25,2023-07-25 10:00:00,2023-07-25 10:50:00
4000544431,2023-07-26,2023-07-26 09:00:00,2023-07-26 10:00:00
4000544432,2023-07-26,2023-07-26 10:00:00,2023-07-26 10:00:00
4000544433,2023-07-27,2023-07-27 11:00:00,2023-07-27 11:50:00
4000544434,2023-07-27,2023-07-27 12:00:00,2023-07-27 12:50:00
4000544435,2023-07-27,2023-07-27 09:00:00,2023-07-27 10:00:00
4000544436,2023-07-28,2023-07-28 09:00:00,2023-07-28 09:30:00
4000544437,2023-07-28,2023-07-28 09:45:00,2023-07-28 10:20:00
4000544438,2023-07-28,2023-07-28 09:00:00,2023-07-28 10:00:00
4000544442,2023-07-30,2023-07-30 09:00:00,2023-07-30 10:30:00
4000544446,2023-07-29,2023-07-29 09:00:00,2023-07-29 10:00:00
4000545800,2023-07-31,2023-07-31 00:30:00,2023-07-31 01:15:00
4000545901,2023-07-31,2023-07-31 01:15:00,2023-07-31 01:45:00
4000545902,2023-08-01,2023-08-01 00:30:00,2023-08-01 01:15:00
4000545903,2023-08-01,2023-08-01 10:00:00,2023-08-01 11:00:00
4000545905,2023-08-02,2023-08-02 01:15:00,2023-08-02 01:45:00
4000545906,2023-08-02,2023-08-02 00:30:00,2023-08-02 01:15:00
4000545907,2023-08-03,2023-08-03 00:30:00,2023-08-03 01:15:00
4000545908,2023-08-03,2023-08-03 01:15:00,2023-08-03 01:45:00
4000545909,2023-08-04,,2023-08-04 10:00:00
4000545910,2023-08-04,2023-08-04 00:30:00,2023-08-04 04:15:00
4000545911,2023-08-04,2023-08-04 01:15:00,2023-08-04 01:45:00
4000545913,2023-08-08,2023-08-08 00:30:00,2023-08-08 01:15:00
4000545914,2023-08-05,2023-08-05 01:15:00,2023-08-05 01:45:00
4000545915,2023-08-05,,
4000545916,2023-08-06,2023-08-06 00:30:00,2023-08-06 01:30:00
4000545918,2023-08-07,2023-08-07 11:00:00,2023-08-07 12:00:00
4000545919,2023-08-07,2023-08-07 10:00:00,2023-08-07 11:00:00
4000550200,2023-08-08,2023-08-08 10:00:00,2023-08-08 10:40:00
4000550202,2023-08-09,2023-08-09 09:00:00,2023-08-09 10:00:00
4000550203,2023-08-09,2023-08-09 11:00:00,2023-08-09 12:00:00
4000550204,2023-08-10,2023-08-10 10:00:00,2023-08-10 10:45:00
4000550205,2023-08-10,2023-08-10 09:00:00,2023-08-10 09:45:00
4000550206,,,
4000550208,2023-08-11,2023-08-11 10:00:00,2023-08-11 11:00:00
4000550209,2023-08-11,2023-08-11 10:00:00,2023-08-11 10:40:00
4000550212,2023-08-12,2023-08-12 09:00:00,2023-08-12 10:00:00
4000550213,,,
4000550214,2023-08-13,2023-08-13 09:00:00,2023-08-13 10:30:00
4000550216,2023-08-14,2023-08-14 11:00:00,2023-08-14 11:40:00
4000550218,2023-08-14,2023-08-14 10:00:00,2023-08-14 10:40:00
4000550219,2023-08-15,2023-08-15 10:00:00,2023-08-15 10:40:00
4000550220,2023-08-15,2023-08-15 11:00:00,2023-08-15 11:40:00
4000550222,2023-08-17,2023-08-17 09:00:00,2023-08-17 10:00:00
4000550223,2023-08-17,2023-08-17 11:00:00,2023-08-17 12:00:00
4000550224,2023-08-17,2023-08-17 10:00:00,2023-08-17 10:45:00
4000550226,2023-08-17,2023-08-17 09:00:00,2023-08-17 09:45:00
4000550227,,,
4000550228,2023-08-18,2023-08-18 09:00:00,2023-08-18 10:00:00
4000550229,2023-08-18,2023-08-18 10:30:00,2023-08-18 10:45:00
4000550234,2023-08-19,2023-08-19 10:00:00,2023-08-19 18:45:00
4000550235,,,
4000550236,2023-08-27,2023-08-27 09:00:00,2023-08-27 10:30:00
4000550239,2023-08-21,2023-08-21 11:00:00,2023-08-21 11:40:00
4000550240,2023-08-21,2023-08-21 10:06:00,2023-08-21 10:40:00
4000550241,2023-08-22,2023-08-22 11:00:00,2023-08-22 11:45:00
4000550242,2023-08-22,2023-08-22 10:00:00,2023-08-22 10:45:00
4000550245,2023-08-23,2023-08-23 11:00:00,2023-08-23 11:45:00
4000550246,2023-08-23,2023-08-23 10:00:00,2023-08-23 10:50:00
4000550247,2023-08-24,2023-08-24 10:00:00,2023-08-24 10:40:00
4000550250,2023-08-24,2023-08-24 11:00:00,2023-08-24 11:40:00
4000550251,,,
4000550252,2023-08-25,2023-08-25 10:00:00,2023-08-25 10:45:00
4000550253,2023-08-25,2023-08-25 11:00:00,2023-08-25 11:45:00
4000550256,2023-08-26,2023-08-26 10:00:00,2023-08-26 10:45:00
4000550257,,,
4000550258,2023-08-27,2023-08-27 09:00:00,2023-08-27 10:30:00
4000550260,2023-08-28,2023-08-28 10:00:00,2023-08-28 10:30:00
4000550261,2023-08-28,2023-08-28 09:00:00,2023-08-28 09:45:00
4000550263,2023-08-29,2023-08-29 10:06:00,2023-08-29 10:20:00
4000550264,2023-08-29,2023-08-29 09:00:00,2023-08-29 09:30:00
4000550267,2023-08-30,2023-08-30 09:45:00,2023-08-30 10:25:00
4000550268,2023-08-20,2023-08-20 09:00:00,2023-08-20 09:30:00
4000550269,2023-08-31,2023-08-31 09:00:00,2023-08-31 11:00:00
4000550271,,,
4000550272,2023-08-08,2023-08-08 08:00:00,2023-08-08 11:40:00
4000552699,2023-09-01,2023-09-01 11:00:00,2023-09-01 11:45:00
4000552707,2023-09-02,2023-09-02 08:30:00,2023-09-02 09:30:00
4000552711,2023-09-03,2023-09-03 09:00:00,2023-09-03 10:30:00
4000552713,2023-09-04,2023-09-04 10:00:00,2023-09-04 10:40:00
4000552714,2023-09-04,2023-09-04 09:00:00,2023-09-04 10:35:00
4000552715,2023-09-05,2023-09-05 11:06:00,2023-09-05 11:45:00
4000552716,2023-09-05,2023-09-05 10:00:00,2023-09-05 10:45:00
4000552719,2023-09-06,2023-09-06 11:00:00,2023-09-06 11:45:00
4000552721,2023-09-06,2023-09-06 10:00:00,2023-09-06 10:45:00
4000552722,2023-09-07,2023-09-07 09:30:00,2023-09-07 10:15:00
4000552723,2023-09-07,2023-09-07 09:30:00,2023-09-07 10:15:00
4000552726,,,
4000552727,2023-09-08,2023-09-08 10:00:00,2023-09-08 10:45:00
4000552729,2023-09-08,2023-09-08 11:00:00,2023-09-08 11:45:00
4000552730,2023-09-08,2023-09-08 09:00:00,2023-09-08 10:00:00
4000552734,2023-09-09,2023-09-09 10:00:00,2023-09-09 10:45:00
4000552735,2023-09-09,2023-09-09 08:30:00,2023-09-09 09:30:00
4000552743,2023-09-11,2023-09-11 14:30:00,2023-09-11 15:10:00
4000552744,2023-09-11,2023-09-11 19:15:00,2023-09-11 15:55:00
4000552745,2023-09-12,2023-09-12 09:30:00,2023-09-12 10:10:00
4000552746,2023-09-12,2023-09-12 10:30:00,2023-09-12 11:00:00
4000554242,2023-09-14,2023-09-14 09:45:00,2023-09-14 10:15:00
4000554244,2023-09-14,2023-09-14 09:00:00,2023-09-14 09:30:00
4000554245,2023-09-13,2023-09-13 09:30:00,2023-09-13 10:00:00
4000554246,2023-09-13,2023-09-13 10:20:00,2023-09-13 10:50:00
4000554247,,,
4000554248,2023-09-15,2023-09-15 04:00:00,2023-09-15 09:45:00
4000554249,2023-09-15,2023-09-15 10:00:00,2023-09-15 10:30:00
4000554250,,,
4000554252,2023-09-16,2023-09-16 09:00:00,2023-09-16 09:45:00
4000554253,2023-09-16,2023-09-16 09:30:00,2023-09-16 10:30:00
4000554256,2023-09-18,2023-09-18 09:45:00,2023-09-18 10:15:00
4000554258,2023-09-18,2023-09-18 09:00:00,2023-09-18 09:30:00
4000554259,2023-09-19,2023-09-19 10:00:00,2023-09-19 10:45:00
4000554260,2023-09-19,2023-09-19 11:00:00,2023-09-19 11:45:00
4000554262,2023-09-20,2023-09-20 11:00:00,2023-09-20 11:45:00
4000554263,2023-09-20,2023-09-20 10:00:00,2023-09-20 10:45:00
4000554264,2023-09-21,2023-09-21 12:40:00,2023-09-21 13:00:00
4000554265,2023-09-21,2023-09-21 10:30:00,2023-09-21 00:00:00
4000556971,2023-09-23,2023-09-23 12:00:00,2023-09-23 10:00:00
4000556973,2023-09-22,2023-09-22 10:00:00,2023-09-22 10:45:00
4000556974,2023-09-22,2023-09-22 11:00:00,2023-09-22 11:45:00
4000556976,2023-09-25,2023-09-25 10:00:00,2023-09-25 10:45:00
4000556977,2023-09-25,2023-09-25 11:00:00,2023-09-25 11:45:00
4000556978,2023-09-26,2023-09-26 11:00:00,2023-09-26 11:45:00
4000556979,2023-09-26,2023-09-26 10:00:00,2023-09-26 10:45:00
4000556981,2023-09-27,2023-09-27 10:00:00,2023-09-27 10:30:00
4000556982,2023-09-27,2023-09-27 10:00:00,2023-09-27 10:45:00
4000556983,2023-09-28,2023-09-28 10:00:00,2023-09-28 10:45:00
4000556984,2023-09-28,2023-09-28 11:10:00,2023-09-28 11:50:00
4000556985,2023-09-28,2023-09-28 09:00:00,2023-09-28 10:00:00
4000556986,2023-09-29,2023-09-29 11:00:00,2023-09-29 11:45:00
4000556988,2023-09-29,2023-09-29 10:00:00,2023-09-29 10:45:00
4000556989,2023-09-29,2023-09-29 09:00:00,2023-09-29 10:00:00
4000556991,2023-09-30,2023-09-30 10:00:00,2023-09-30 10:45:00
4000556992,2023-09-30,,
4000556993,2023-10-01,2023-10-01 09:00:00,2023-10-01 10:30:00
4000556995,2023-10-02,2023-10-02 11:00:00,2023-10-02 11:45:00
4000556996,2023-10-02,2023-10-02 10:00:00,2023-10-02 10:40:00
4000556997,2023-10-02,2023-10-02 00:40:00,2023-10-02 10:30:00
4000556998,2023-10-03,2023-10-03 09:00:00,2023-10-03 09:30:00
4000557000,2023-10-04,2023-10-04 11:00:00,2023-10-04 11:45:00
4000557001,2023-10-04,2023-10-04 10:00:00,2023-10-04 10:45:00
4000558437,2023-10-11,2023-10-11 10:00:00,2023-10-11 11:00:00
4000558439,2023-10-07,2023-10-07 10:00:00,2023-10-07 10:45:00
4000558440,2023-10-07,2023-10-07 09:00:00,2023-10-07 10:00:00
4000558462,2023-10-08,2023-10-08 10:00:00,2023-10-08 10:30:00
4000558463,2023-10-09,2023-10-09 10:00:00,2023-10-09 11:45:00
4000558464,2023-10-09,2023-10-09 10:00:00,2023-10-09 10:40:00
4000558465,2023-10-10,2023-10-10 10:00:00,2023-10-10 10:45:00
4000558466,2023-10-10,2023-10-10 11:00:00,2023-10-10 11:45:00
4000558468,2023-10-04,2023-10-04 11:00:00,2023-10-04 12:00:00
4000558758,2023-10-12,2023-10-12 10:00:00,2023-10-12 10:45:00
4000558760,2023-10-05,2023-10-05 10:00:00,2023-10-05 10:45:00
4000558761,2023-10-05,2023-10-05 04:00:00,2023-10-05 04:45:00
4000558762,2023-10-05,2023-10-05 14:00:00,2023-10-05 14:40:00
4000558763,2023-10-06,2023-10-06 14:00:00,2023-10-06 14:40:00
4000558764,2023-10-06,2023-10-06 10:00:00,2023-10-06 10:30:00
4000558765,2023-10-06,2023-10-06 09:00:00,2023-10-06 09:30:00
4000558766,2023-10-12,2023-10-12 11:00:00,2023-10-12 11:45:00
4000560255,2023-10-13,2023-10-13 15:00:00,2023-10-13 16:00:00
4000560256,2023-10-13,2023-10-13 14:00:00,2023-10-13 14:43:00
4000560258,2023-10-14,2023-10-14 11:00:00,2023-10-14 11:45:00
4000560259,2023-10-14,2023-10-14 16:30:00,2023-10-14 17:15:00
4000560262,2023-10-16,2023-10-16 10:00:00,2023-10-16 11:00:00
4000560263,2023-10-16,2023-10-16 00:00:00,2023-10-16 10:00:00
4000560264,2023-10-17,2023-10-17 10:00:00,2023-10-17 11:00:00
4000560265,2023-10-17,2023-10-17 23:15:00,2023-10-17 12:15:00
4000560267,2023-10-18,2023-10-18 10:15:00,2023-10-18 11:15:00
4000560268,2023-10-18,2023-10-18 23:30:00,2023-10-18 12:30:00
4000560269,2023-10-19,2023-10-19 14:30:00,2023-10-19 16:00:00
4000560271,2023-10-19,2023-10-19 16:00:00,2023-10-19 16:45:00
4000560272,2023-10-20,2023-10-20 10:00:00,2023-10-20 11:00:00
4000560273,2023-10-20,2023-10-20 10:20:00,2023-10-20 10:50:00
4000560274,2023-10-20,2023-10-20 10:00:00,2023-10-20 10:40:00
4000560276,2023-10-14,2023-10-14 10:15:00,2023-10-14 10:50:00
4000560277,2023-10-21,2023-10-21 09:00:00,2023-10-21 10:00:00
4000561778,2023-10-24,2023-10-24 10:00:00,2023-10-24 11:00:00
4000561781,2023-10-25,2023-10-25 10:30:00,2023-10-25 11:30:00
4000561782,2023-10-25,2023-10-25 01:00:00,2023-10-25 01:45:00
4000561783,2023-10-26,2023-10-26 02:00:00,2023-10-26 03:00:00
4000561784,2023-10-26,2023-10-26 23:00:00,2023-10-26 00:45:00
4000561787,2023-10-25,,
4000561788,2023-10-26,2023-10-26 10:00:00,2023-10-26 11:00:00
4000561789,2023-10-27,2023-10-27 10:00:00,2023-10-27 10:45:00
4000561790,2023-10-27,2023-10-27 11:00:00,2023-10-27 11:45:00
4000562756,2023-10-27,2023-10-27 09:00:00,2023-10-27 10:00:00
4000562759,2023-10-30,2023-10-30 10:20:00,2023-10-30 23:30:00
4000562917,2023-10-30,2023-10-30 10:00:00,2023-10-30 10:30:00
4000562918,2023-10-31,2023-10-31 23:55:00,2023-10-31 12:30:00
4000562919,2023-10-31,2023-10-31 23:15:00,2023-10-31 23:45:00
4000562921,2023-11-01,2023-11-01 11:00:00,2023-11-01 11:45:00
4000562922,2023-11-01,2023-11-01 10:00:00,2023-11-01 10:45:00
4000562923,2023-11-02,2023-11-02 12:30:00,2023-11-02 13:30:00
4000562924,2023-11-02,2023-11-02 23:30:00,2023-11-02 12:30:00
4000562925,2023-11-02,2023-11-02 02:30:00,2023-11-02 03:00:00
4000562926,2023-11-03,,
4000562927,2023-11-03,2023-11-03 12:15:00,2023-11-03 13:00:00
4000562928,2023-11-03,2023-11-03 23:15:00,2023-11-03 12:15:00
4000566505,2023-11-07,2023-11-07 12:15:00,2023-11-07 13:45:00
4000566511,2023-11-08,2023-11-08 12:30:00,2023-11-08 01:45:00
4000566513,2023-11-09,2023-11-09 02:05:00,2023-11-09 03:10:00
4000566521,2023-11-12,2023-11-12 02:00:00,2023-11-12 03:00:00
4000566522,2023-11-11,2023-11-11 01:00:00,2023-11-11 14:00:00
4000568871,2023-11-28,2023-11-28 02:30:00,2023-11-28 03:00:00
4000568872,2023-11-28,2023-11-28 02:00:00,2023-11-28 02:30:00
4000568874,2023-11-23,2023-11-23 01:00:00,2023-11-23 02:00:00
4000568875,2023-11-23,2023-11-23 02:00:00,2023-11-23 03:00:00
4000568877,2023-11-24,2023-11-24 02:00:00,2023-11-24 03:00:00
4000568878,2023-11-24,2023-11-24 00:00:00,2023-11-24 01:00:00
4000568879,2023-11-24,2023-11-24 01:00:00,2023-11-24 02:00:00
4000568881,2023-11-25,2023-11-25 01:00:00,2023-11-25 02:00:00
4000568882,2023-11-25,2023-11-25 03:00:00,2023-11-25 04:00:00
4000568883,2023-11-26,2023-11-26 02:00:00,2023-11-26 04:00:00
4000568884,2023-11-26,2023-11-26 01:00:00,2023-11-26 02:00:00
4000568885,2023-11-27,2023-11-27 02:00:00,2023-11-27 15:00:00
4000568886,2023-11-27,2023-11-27 01:00:00,2023-11-27 14:00:00
4000568887,2023-11-29,2023-11-29 03:00:00,2023-11-29 04:00:00
4000568888,2023-11-29,2023-11-29 14:00:00,2023-11-29 15:00:00
4000568889,2023-11-30,2023-11-30 03:00:00,2023-11-30 03:40:00
4000568890,2023-11-30,2023-11-30 03:50:00,2023-11-30 04:20:00
4000568892,2023-12-01,2023-12-01 22:00:00,2023-12-01 23:00:00
4000568893,2023-12-01,2023-12-01 02:45:00,2023-12-01 03:10:00
4000568894,2023-12-01,2023-12-01 02:00:00,2023-12-01 02:30:00
4000568896,2023-12-02,2023-12-02 03:15:00,2023-12-02 15:07:00
4000568899,2023-12-03,2023-12-03 02:00:00,2023-12-03 03:00:00
4000571359,2023-12-05,2023-12-05 02:30:00,2023-12-05 03:30:00
4000571360,2023-12-05,2023-12-05 01:01:00,2023-12-05 02:03:00
4000571363,2023-12-06,2023-12-06 12:30:00,2023-12-06 01:30:00
4000571364,2023-12-06,2023-12-06 02:30:00,2023-12-06 03:30:00
4000571365,2023-12-07,2023-12-07 01:30:00,2023-12-07 02:30:00
4000571366,2023-12-07,2023-12-07 00:15:00,2023-12-07 13:00:00
4000571369,2023-12-08,2023-12-08 01:30:00,2023-12-08 02:15:00
4000571370,2023-12-08,2023-12-08 00:15:00,2023-12-08 01:00:00
4000571372,2023-12-09,2023-12-09 00:30:00,2023-12-09 01:30:00
4000571373,2023-12-09,2023-12-09 02:50:00,2023-12-09 04:00:00
4000571374,2023-12-10,2023-12-10 01:00:00,2023-12-10 02:00:00
4000571376,2023-12-11,2023-12-11 02:00:00,2023-12-11 03:00:00
4000571377,2023-12-11,2023-12-11 01:00:00,2023-12-11 02:00:00
4000571379,2023-12-12,2023-12-12 02:00:00,2023-12-12 03:00:00
4000571381,2023-12-13,2023-12-13 02:00:00,2023-12-13 03:00:00
4000571382,2023-12-13,2023-12-13 01:00:00,2023-12-13 02:00:00
4000571383,2023-12-14,2023-12-14 02:06:00,2023-12-14 03:00:00
4000571384,2023-12-14,2023-12-14 01:00:00,2023-12-14 02:00:00
4000571386,2023-12-15,2023-12-15 03:00:00,2023-12-15 04:00:00
4000571387,2023-12-15,2023-12-15 02:00:00,2023-12-15 03:00:00
4000571388,2023-12-15,2023-12-15 01:00:00,2023-12-15 02:00:00
4000571390,2023-12-16,2023-12-16 00:30:00,2023-12-16 01:40:00
4000575009,2023-12-21,2023-12-21 02:00:00,2023-12-21 03:00:00
4000575011,2023-12-22,2023-12-22 03:00:00,2023-12-22 04:00:00
4000575013,2023-12-22,2023-12-22 00:30:00,2023-12-22 01:30:00
4000575014,2023-12-22,2023-12-22 02:00:00,2023-12-22 03:00:00
4000575016,2023-12-23,2023-12-23 01:45:00,2023-12-23 02:15:00
4000575017,2023-12-23,2023-12-23 02:30:00,2023-12-23 03:30:00
4000575018,2023-12-24,2023-12-24 02:00:00,2023-12-24 02:30:00
4000575019,2023-12-24,2023-12-24 12:30:00,2023-12-24 01:00:00
4000575020,2023-12-25,2023-12-25 01:30:00,2023-12-25 02:30:00
4000575021,2023-12-25,2023-12-25 12:30:00,2023-12-25 01:00:00
4000575022,2023-12-26,2023-12-26 02:55:00,2023-12-26 03:55:00
4000575023,2023-12-26,2023-12-26 01:40:00,2023-12-26 02:30:00
4000575025,2023-12-27,2023-12-27 02:00:00,2023-12-27 03:00:00
4000575026,2023-12-27,2023-12-27 12:30:00,2023-12-27 01:30:00
4000575027,2023-12-28,2023-12-28 03:00:00,2023-12-28 04:00:00
4000575028,2023-12-28,2023-12-28 02:00:00,2023-12-28 03:00:00
4000575030,2023-12-29,2023-12-29 03:00:00,2023-12-29 04:00:00
4000575031,2023-12-29,2023-12-29 02:00:00,2023-12-29 03:00:00
4000575032,2023-12-29,2023-12-29 01:00:00,2023-12-29 02:00:00
4000575036,2023-12-31,2023-12-31 03:00:00,2023-12-31 16:00:00
4000575039,2024-01-01,2024-01-01 09:00:00,2024-01-01 03:00:00
4000575040,2024-01-01,2024-01-01 01:00:00,2024-01-01 02:00:00
4000575041,2024-01-02,2024-01-02 02:00:00,2024-01-02 03:00:00
4000575042,2024-01-02,2024-01-02 01:00:00,2024-01-02 02:00:00
4000575043,2024-01-02,2024-01-02 02:00:00,2024-01-02 16:00:00
4000575044,2024-01-03,2024-01-03 01:50:00,2024-01-03 02:20:00
4000575045,2024-01-03,2024-01-03 01:00:00,2024-01-03 01:40:00
4000581511,2024-01-04,2024-01-04 01:00:00,2024-01-04 01:30:00
4000581512,2024-01-04,2024-01-04 01:45:00,2024-01-04 02:20:00
4000581513,2024-01-04,2024-01-04 01:20:00,2024-01-04 02:30:00
4000581514,2024-01-05,2024-01-05 01:00:00,2024-01-05 01:30:00
4000581515,2024-01-05,2024-01-05 01:45:00,2024-01-05 02:20:00
4000581516,2024-01-05,2024-01-05 03:10:00,2024-01-05 04:10:00
4000581518,2024-01-06,2024-01-06 01:00:00,2024-01-06 01:30:00
4000581519,2024-01-06,2024-01-06 02:30:00,2024-01-06 03:40:00
4000581520,2024-01-07,2024-01-07 00:33:00,2024-01-07 01:00:00
4000581521,2024-01-07,2024-01-07 01:00:00,2024-01-07 01:20:00
4000581523,2024-01-08,2024-01-08 02:30:00,2024-01-08 03:30:00
4000581524,2024-01-08,2024-01-08 01:30:00,2024-01-08 02:00:00
4000581525,2024-01-09,2024-01-09 02:30:00,2024-01-09 03:30:00
4000581526,2024-01-09,2024-01-09 01:00:00,2024-01-09 02:00:00
4000581527,2024-01-09,2024-01-09 04:00:00,2024-01-09 16:20:00
4000581528,2024-01-10,2024-01-10 02:30:00,2024-01-10 03:30:00
4000581529,2024-01-10,2024-01-10 00:30:00,2024-01-10 01:30:00
4000581530,2024-01-11,2024-01-11 00:20:00,2024-01-11 01:20:00
4000581531,2024-01-11,2024-01-11 01:40:00,2024-01-11 02:40:00
4000581532,2024-01-11,2024-01-11 03:00:00,2024-01-11 04:00:00
4000581534,2024-01-12,2024-01-12 01:30:00,2024-01-12 02:30:00
4000581535,2024-01-11,2024-01-11 02:40:00,2024-01-11 03:40:00
4000581537,2024-01-13,2024-01-13 00:30:00,2024-01-13 01:45:00
4000581538,2024-01-15,2024-01-15 02:45:00,2024-01-15 15:30:00
4000581539,2024-01-14,2024-01-14 00:30:00,2024-01-14 01:50:00
4000581540,2024-01-14,2024-01-14 00:30:00,2024-01-14 01:50:00
4000581541,2024-01-15,2024-01-15 02:00:00,2024-01-15 03:00:00
4000581542,2024-01-15,2024-01-15 01:00:00,2024-01-15 02:00:00
4000581543,2024-01-16,2024-01-16 01:00:00,2024-01-16 02:00:00
4000581544,2024-01-16,2024-01-16 02:00:00,2024-01-16 03:00:00
4000581545,2024-01-16,2024-01-16 04:00:00,2024-01-16 04:30:00
4000581546,2024-01-17,2024-01-17 02:00:00,2024-01-17 02:00:00
4000581547,2024-01-17,2024-01-17 01:00:00,2024-01-17 02:00:00
4000581548,2024-01-18,,
4000581549,2024-01-18,,
4000581550,2024-01-18,2024-01-18 04:00:00,2024-01-18 04:20:00
4000581551,2024-01-19,2024-01-19 01:10:00,2024-01-19 01:45:00
4000581552,2024-01-19,2024-01-19 02:05:00,2024-01-19 02:40:00
4000581553,2024-01-19,2024-01-19 00:00:00,2024-01-19 00:30:00
4000581555,2024-01-20,2024-01-20 01:00:00,2024-01-20 02:00:00
4000581556,2024-01-20,2024-01-20 00:00:00,2024-01-20 01:00:00
4000581557,2024-01-21,2024-01-21 01:00:00,2024-01-21 01:30:00
4000581558,2024-01-21,2024-01-21 02:35:00,2024-01-21 03:10:00
4000581559,2024-01-22,2024-01-22 01:45:00,2024-01-22 02:15:00
4000581560,2024-01-22,2024-01-22 01:00:00,2024-01-22 01:30:00
4000581561,2024-01-23,2024-01-23 01:00:00,2024-01-23 01:30:00
4000581562,2024-01-23,2024-01-23 01:45:00,2024-01-23 02:15:00
4000581563,2024-01-23,2024-01-23 04:06:00,2024-01-23 04:38:00
4000581564,2024-01-24,2024-01-24 01:00:00,2024-01-24 01:30:00
4000581565,2024-01-24,2024-01-24 01:00:00,2024-01-24 01:30:00
4000581566,2024-01-25,2024-01-25 02:00:00,2024-01-25 03:00:00
4000581567,2024-01-25,2024-01-25 00:30:00,2024-01-25 01:30:00
4000581568,2024-01-25,2024-01-25 03:30:00,2024-01-25 04:30:00
4000581569,2024-01-26,2024-01-26 00:30:00,2024-01-26 01:30:00
4000581570,2024-01-26,2024-01-26 02:30:00,2024-01-26 03:30:00
4000581571,2024-01-26,2024-01-26 06:00:00,2024-01-26 06:30:00
4000581573,2024-01-24,2024-01-24 01:00:00,2024-01-24 02:00:00
4000581575,2024-01-28,2024-01-28 23:00:00,2024-01-28 00:00:00
4000581576,2024-04-28,2024-04-28 02:51:00,2024-04-28 02:30:00
4000581577,2024-01-29,2024-01-29 02:00:00,2024-01-29 03:20:00
4000581578,2024-01-29,2024-01-29 00:30:00,2024-01-29 01:45:00
4000581579,2024-01-30,2024-01-30 02:20:00,2024-01-30 04:00:00
4000581580,2024-01-30,2024-01-30 00:30:00,2024-01-30 01:50:00
4000581581,2024-01-30,2024-01-30 04:00:00,2024-01-30 04:30:00
4000581582,2024-01-31,2024-01-31 00:30:00,2024-01-31 01:50:00
4000581583,2024-01-31,2024-01-31 02:20:00,2024-01-31 04:00:00
4000581584,2024-02-01,2024-02-01 00:30:00,2024-02-01 00:40:00
4000581585,2024-02-01,2024-02-01 02:00:00,2024-02-01 03:00:00
4000581586,2024-02-01,2024-02-01 03:20:00,2024-02-01 04:30:00
4000581587,2024-02-02,2024-02-02 02:00:00,2024-02-02 03:00:00
4000581588,2024-02-02,2024-02-02 01:00:00,2024-02-02 02:00:00
4000581589,2024-02-02,2024-02-02 04:00:00,2024-02-02 04:30:00
4000583976,2024-02-03,2024-02-03 01:00:00,2024-02-03 02:00:00
4000583978,2024-02-04,2024-02-04 02:31:00,2024-02-04 03:30:00
4000583979,2024-02-05,2024-02-05 02:00:00,2024-02-05 03:00:00
4000583980,2024-02-05,2024-02-05 02:00:00,2024-02-05 03:30:00
4000584001,2024-02-05,2024-02-05 00:00:00,2024-02-05 01:30:00
4000584002,2024-02-06,2024-02-06 02:15:00,2024-02-06 03:15:00
4000584003,2024-02-06,2024-02-06 00:00:00,2024-02-06 01:00:00
4000584004,2024-02-06,2024-02-06 01:05:00,2024-02-06 01:35:00
4000584006,2024-02-07,2024-02-07 01:30:00,2024-02-07 02:25:00
4000584007,2024-02-07,2024-02-07 00:00:00,2024-02-07 01:05:00
4000584008,2024-02-08,2024-02-08 01:00:00,2024-02-08 01:30:00
4000584009,2024-02-08,2024-02-08 01:45:00,2024-02-08 02:30:00
4000584010,2024-02-08,2024-02-08 03:30:00,2024-02-08 03:30:00
4000584011,2024-02-09,2024-02-09 03:00:00,2024-02-09 04:00:00
4000584012,2024-02-09,2024-02-09 01:40:00,2024-02-09 02:15:00
4000584013,2024-02-09,2024-02-09 01:00:00,2024-02-09 01:30:00
4000584015,2024-02-10,2024-02-10 01:00:00,2024-02-10 01:25:00
4000584016,2024-02-10,2024-02-10 03:00:00,2024-02-10 03:45:00
4000584017,2024-02-11,2024-02-11 02:00:00,2024-02-11 03:00:00
4000584018,2024-02-11,2024-02-11 01:00:00,2024-02-11 01:30:00
4000584019,2024-02-12,2024-02-12 01:00:00,2024-02-12 02:00:00
4000584020,2024-02-12,2024-02-12 00:00:00,2024-02-12 01:00:00
4000584021,2024-02-13,2024-02-13 01:00:00,2024-02-13 02:00:00
4000584022,2024-02-13,2024-02-13 00:00:00,2024-02-13 01:00:00
4000584023,2024-02-13,2024-02-13 02:00:00,2024-02-13 03:00:00
4000584024,2024-02-14,2024-02-14 02:00:00,2024-02-14 03:00:00
4000584025,2024-02-14,2024-02-14 01:00:00,2024-02-14 02:00:00
4000590399,2024-02-20,2024-02-20 02:00:00,2024-02-20 03:00:00
4000590400,2024-02-20,2024-02-20 01:00:00,2024-02-20 02:00:00
4000590401,2024-02-20,2024-02-20 03:40:00,2024-02-20 04:35:00
4000590402,2024-02-15,2024-02-15 03:00:00,2024-02-15 04:00:00
4000590403,2024-02-15,2024-02-15 00:15:00,2024-02-15 01:15:00
4000590404,2024-02-15,2024-02-15 04:00:00,2024-02-15 07:30:00
4000590405,2024-02-16,2024-02-16 00:30:00,2024-02-16 01:30:00
4000590407,2024-02-16,2024-02-16 01:45:00,2024-02-16 02:45:00
4000590408,2024-02-16,2024-02-16 03:00:00,2024-02-16 04:00:00
4000590409,2024-02-17,2024-02-17 01:30:00,2024-02-17 02:30:00
4000590410,2024-02-17,2024-02-17 00:15:00,2024-02-17 01:15:00
4000590412,2024-02-17,2024-02-17 02:45:00,2024-02-17 03:50:00
4000590413,2024-02-18,2024-02-18 01:30:00,2024-02-18 02:30:00
4000590414,2024-02-18,2024-02-18 02:45:00,2024-02-18 03:45:00
4000590415,2024-02-19,2024-02-19 02:00:00,2024-02-19 03:00:00
4000590416,2024-02-19,2024-02-19 12:30:00,2024-02-19 01:30:00
4000590419,2024-03-02,2024-03-02 00:00:00,2024-03-02 01:00:00
4000590421,2024-02-21,2024-02-21 02:30:00,2024-02-21 04:00:00
4000590422,2024-02-21,2024-02-21 12:30:00,2024-02-21 02:00:00
4000590423,2024-02-22,2024-02-22 02:00:00,2024-02-22 02:00:00
4000590424,2024-02-22,2024-02-22 01:00:00,2024-02-22 02:00:00
4000590425,2024-02-22,2024-02-22 04:00:00,2024-02-22 04:30:00
4000590426,2024-02-23,2024-02-23 03:00:00,2024-02-23 04:00:00
4000590427,2024-02-23,2024-02-23 01:00:00,2024-02-23 02:00:00
4000590430,2024-02-24,2024-02-24 01:00:00,2024-02-24 02:00:00
4000590431,2024-02-24,2024-02-24 09:00:00,2024-02-24 06:00:00
4000590432,2024-02-24,2024-02-24 03:00:00,2024-02-24 09:00:00
4000590433,2024-02-25,2024-02-25 01:00:00,2024-02-25 02:00:00
4000590434,2024-02-26,2024-02-26 01:45:00,2024-02-26 02:15:00
4000590435,2024-02-26,2024-02-26 01:00:00,2024-02-26 01:30:00
4000590436,2024-02-27,2024-02-27 01:45:00,2024-02-27 02:30:00
4000590437,2024-02-27,2024-02-27 01:00:00,2024-02-27 01:30:00
4000590438,2024-02-27,2024-02-27 04:00:00,2024-02-27 04:30:00
4000590439,2024-02-28,2024-02-28 03:00:00,2024-02-28 04:00:00
4000590440,2024-02-28,2024-02-28 02:20:00,2024-02-28 03:00:00
4000590441,2024-02-29,2024-02-29 02:00:00,2024-02-29 03:00:00
4000590442,2024-02-29,2024-02-29 01:00:00,2024-02-29 02:00:00
4000590443,2024-02-29,2024-02-29 04:00:00,2024-02-29 04:30:00
4000590444,2024-03-01,2024-03-01 03:30:00,2024-03-01 04:00:00
4000590445,2024-03-01,2024-03-01 00:15:00,2024-03-01 01:32:00
4000590446,2024-03-01,2024-03-01 02:00:00,2024-03-01 03:11:00
4000590447,2024-03-03,2024-03-03 02:33:00,2024-03-03 03:10:00
4000590448,2024-03-03,2024-03-03 00:00:00,2024-03-03 01:00:00
4000590449,2024-03-04,2024-03-04 02:30:00,2024-03-04 04:00:00
4000590450,2024-03-04,2024-03-04 00:00:00,2024-03-04 01:00:00
4000590451,2024-03-05,2024-03-05 00:30:00,2024-03-05 01:30:00
4000590452,2024-03-05,2024-03-05 01:45:00,2024-03-05 02:00:00
4000590453,2024-03-05,2024-03-05 03:00:00,2024-03-05 04:00:00
4000590454,2024-03-06,2024-03-06 02:00:00,2024-03-06 03:00:00
4000590455,2024-03-06,2024-03-06 12:30:00,2024-03-06 01:30:00
4000590456,2024-03-07,2024-03-07 00:15:00,2024-03-07 01:30:00
4000590457,2024-03-07,2024-03-07 01:45:00,2024-03-07 02:50:00
4000590459,2024-03-07,2024-03-07 03:30:00,2024-03-07 04:30:00
4000590460,2024-03-08,2024-03-08 03:00:00,2024-03-08 04:00:00
4000590461,2024-03-08,2024-03-08 12:30:00,2024-03-08 01:30:00
4000590462,2024-03-08,2024-03-08 02:00:00,2024-03-08 03:00:00
4000590464,2024-03-09,2024-03-09 01:00:00,2024-03-09 02:00:00
4000590467,2024-03-10,2024-03-10 02:15:00,2024-03-10 02:50:00
4000590468,2024-03-10,2024-03-10 01:00:00,2024-03-10 02:00:00
4000590469,2024-03-11,2024-03-11 01:00:00,2024-03-11 02:00:00
4000590470,2024-03-11,2024-03-11 02:10:00,2024-03-11 03:15:00
4000590471,2024-03-12,2024-03-12 02:00:00,2024-03-12 04:00:00
4000590472,2024-03-12,2024-03-12 02:00:00,2024-03-12 03:00:00
4000590473,2024-03-12,2024-03-12 12:00:00,2024-03-12 01:00:00
4000590474,2024-03-13,2024-03-13 02:20:00,2024-03-13 03:15:00
4000590475,2024-03-13,2024-03-13 01:05:00,2024-03-13 02:10:00
4000590476,2024-03-14,2024-03-14 12:00:00,2024-03-14 01:00:00
4000590477,2024-03-14,2024-03-14 01:00:00,2024-03-14 14:00:00
4000590478,2024-03-14,2024-03-14 02:00:00,2024-03-14 15:00:00
4000593533,2024-03-17,2024-03-17 01:00:00,2024-03-17 02:00:00
4000593535,2024-03-15,2024-03-15 04:00:00,2024-03-15 02:00:00
4000593536,2024-03-15,2024-03-15 12:10:00,2024-03-15 01:10:00
4000593537,2024-03-15,2024-03-15 01:30:00,2024-03-15 02:00:00
4000593538,2024-03-26,2024-03-26 02:00:00,2024-03-26 02:30:00
4000593539,2024-03-26,2024-03-26 12:30:00,2024-03-26 01:30:00
4000593540,2024-03-17,2024-03-17 03:17:00,2024-03-17 03:51:00
4000593541,2024-03-17,2024-03-17 01:00:00,2024-03-17 02:00:00
4000593542,2024-03-18,2024-03-18 01:40:00,2024-03-18 02:30:00
4000593543,2024-03-18,2024-03-18 01:00:00,2024-03-18 01:30:00
4000593545,2024-03-19,2024-03-19 02:30:00,2024-03-19 03:01:00
4000593546,2024-03-19,2024-03-19 01:40:00,2024-03-19 02:21:00
4000593547,2024-03-19,2024-03-19 00:30:00,2024-03-19 01:30:00
4000593548,2024-03-20,2024-03-20 00:30:00,2024-03-20 01:07:00
4000593550,2024-03-20,2024-03-20 09:15:00,2024-03-20 01:46:00
4000593551,2024-03-21,2024-03-21 00:30:00,2024-03-21 01:00:00
4000593552,2024-03-21,2024-03-21 01:15:00,2024-03-21 01:55:00
4000593553,2024-03-21,2024-03-21 02:17:00,2024-03-21 02:37:00
4000593554,2024-03-22,2024-03-22 02:03:00,2024-03-22 02:41:00
4000593555,2024-03-22,2024-03-22 01:23:00,2024-03-22 01:42:00
4000593556,2024-03-22,2024-03-22 00:30:00,2024-03-22 01:07:00
4000593558,2024-03-23,2024-03-23 03:30:00,2024-03-23 04:20:00
4000593559,2024-03-23,2024-03-23 00:20:00,2024-03-23 01:45:00
4000593560,2024-03-24,2024-03-24 03:30:00,2024-03-24 04:30:00
4000593561,2024-03-24,2024-03-24 00:30:00,2024-03-24 01:30:00
4000593562,2024-03-25,2024-03-25 02:00:00,2024-03-25 03:15:00
4000593563,2024-03-25,2024-03-25 00:30:00,2024-03-25 04:45:00
4000599617,2024-03-26,2024-03-26 03:00:00,2024-03-26 04:00:00
4000599618,2024-03-27,2024-03-27 02:00:00,2024-03-27 03:00:00
4000599619,2024-03-27,2024-03-27 01:00:00,2024-03-27 02:00:00
4000599621,2024-03-30,2024-03-30 02:00:00,2024-03-30 02:45:00
4000599622,2024-03-31,2024-03-31 03:10:00,2024-03-31 04:00:00
4000599623,2024-04-01,2024-04-01 02:00:00,2024-04-01 03:05:00
4000599624,2024-03-28,2024-03-28 01:00:00,2024-03-28 02:00:00
4000599625,2024-03-29,2024-03-29 03:00:00,2024-03-29 04:00:00
4000599626,2024-03-28,2024-03-28 02:00:00,2024-03-28 03:00:00
4000599627,2024-03-30,2024-03-30 02:00:00,2024-03-30 15:00:00
4000599628,2024-03-29,2024-03-29 02:00:00,2024-03-29 03:00:00
4000599629,2024-04-02,2024-04-02 01:00:00,2024-04-02 02:00:00
4000599630,2024-03-28,2024-03-28 02:00:00,2024-03-28 04:00:00
4000599631,2024-03-30,2024-03-30 03:00:00,2024-03-30 18:00:00
4000599632,2024-04-01,2024-04-01 00:30:00,2024-04-01 01:30:00
4000599633,2024-04-02,2024-04-02 04:00:00,2024-04-02 04:30:00
4000599634,2024-03-29,2024-03-29 01:00:00,2024-03-29 02:00:00
4000599635,2024-03-31,2024-03-31 02:05:00,2024-03-31 03:00:00
4000599636,2024-04-03,2024-04-03 01:40:00,2024-04-03 02:10:00
4000599637,2024-04-03,2024-04-03 01:00:00,2024-04-03 01:30:00
4000599638,2024-04-04,2024-04-04 01:00:00,2024-04-04 01:30:00
4000599639,2024-04-04,2024-04-04 01:40:00,2024-04-04 02:00:00
4000599640,2024-04-04,2024-04-04 04:00:00,2024-04-04 04:30:00
4000599641,2024-04-05,2024-04-05 06:00:00,2024-04-05 04:30:00
4000599642,2024-04-05,2024-04-05 01:40:00,2024-04-05 02:10:00
4000599643,2024-04-05,2024-04-05 01:00:00,2024-04-05 01:30:00
4000599645,2024-04-06,2024-04-06 00:30:00,2024-04-06 01:10:00
4000599647,,,
4000599648,2024-04-07,2024-04-07 01:30:00,2024-04-07 01:49:00
4000599649,2024-04-08,2024-04-08 02:00:00,2024-04-08 03:00:00
4000599650,2024-04-08,2024-04-08 00:20:00,2024-04-08 01:20:00
4000599651,2024-04-09,2024-04-09 02:31:00,2024-04-09 03:01:00
4000599652,2024-04-09,2024-04-09 07:55:00,2024-04-09 02:20:00
4000599653,2024-04-09,2024-04-09 01:20:00,2024-04-09 01:43:00
4000599654,2024-04-10,2024-04-10 00:30:00,2024-04-10 01:45:00
4000599655,2024-04-10,2024-04-10 02:00:00,2024-04-10 03:00:00
4000599656,2024-04-11,2024-04-11 00:15:00,2024-04-11 01:15:00
4000599657,2024-04-11,2024-04-11 01:30:00,2024-04-11 02:30:00
4000599658,2024-04-11,2024-04-11 02:50:00,2024-04-11 04:00:00
4000599659,2024-04-12,,
4000599660,2024-04-12,2024-04-12 12:00:00,2024-04-12 01:00:00
4000599661,2024-04-12,2024-04-12 08:00:00,2024-04-12 08:00:00
4000599663,2024-04-13,2024-04-13 12:00:00,2024-04-13 01:00:00
4000599664,2024-04-13,2024-04-13 03:00:00,2024-04-13 04:00:00
4000599665,,,
4000599666,2024-04-14,2024-04-14 01:00:00,2024-04-14 02:00:00
4000599667,2024-04-15,2024-04-15 01:00:00,2024-04-15 02:00:00
4000599668,2024-04-15,2024-04-15 02:00:00,2024-04-15 03:00:00
4000599669,2024-04-16,2024-04-16 01:00:00,2024-04-16 02:00:00
4000599670,2024-04-16,2024-04-16 02:00:00,2024-04-16 03:00:00
4000599671,2024-04-16,2024-04-16 03:00:00,2024-04-16 04:00:00
4000599672,2024-04-17,2024-04-17 01:00:00,2024-04-17 03:00:00
4000599673,2024-04-17,2024-04-17 01:00:00,2024-04-17 03:00:00
4000599674,2024-04-18,2024-04-18 01:00:00,2024-04-18 02:00:00
4000599675,2024-04-18,2024-04-18 02:00:00,2024-04-18 02:00:00
4000599676,2024-04-18,2024-04-18 03:00:00,2024-04-18 16:00:00
4000599677,2024-04-19,2024-04-19 03:00:00,2024-04-19 04:00:00
4000599678,2024-04-19,2024-04-19 01:20:00,2024-04-19 02:30:00
4000599679,2024-04-19,2024-04-19 04:30:00,2024-04-19 01:25:00
4000599681,2024-04-20,2024-04-20 01:00:00,2024-04-20 01:30:00
4000599682,2024-04-20,2024-04-20 03:00:00,2024-04-20 04:00:00
4000599683,2024-04-21,,
4000599684,2024-04-21,2024-04-21 01:40:00,2024-04-21 02:00:00
4000599685,2024-04-22,2024-04-22 02:30:00,2024-04-22 02:30:00
4000599687,2024-04-23,2024-04-23 02:40:00,2024-04-23 03:30:00
4000599688,2024-04-23,2024-04-23 01:00:00,2024-04-23 02:40:00
4000599689,2024-04-23,2024-04-23 03:30:00,2024-04-23 04:00:00
4000599690,2024-04-24,2024-04-24 00:30:00,2024-04-24 01:07:00
4000599691,2024-04-24,2024-04-24 01:04:00,2024-04-24 01:46:00
4000599692,2024-04-25,2024-04-25 00:30:00,2024-04-25 01:07:00
4000599693,2024-04-25,2024-04-25 01:20:00,2024-04-25 01:50:00
4000599694,2024-04-25,2024-04-25 02:00:00,2024-04-25 03:00:00
4000599695,2024-04-20,2024-04-20 02:07:00,2024-04-20 02:30:00
4000599696,2024-04-26,2024-04-26 00:30:00,2024-04-26 01:45:00
4000599697,2024-04-26,2024-04-26 02:00:00,2024-04-26 03:45:00
4000599700,2024-04-27,2024-04-27 00:20:00,2024-04-27 01:00:00
4000599701,2024-04-27,2024-04-27 02:30:00,2024-04-27 03:00:00
4000599702,2024-04-28,2024-04-28 03:30:00,2024-04-28 04:40:00
4000599703,2024-04-28,2024-04-28 00:30:00,2024-04-28 01:30:00
4000599704,2024-04-29,2024-04-29 02:00:00,2024-04-29 03:30:00
4000599705,2024-04-29,2024-04-29 00:30:00,2024-04-29 01:45:00
4000599706,2024-04-30,2024-04-30 03:15:00,2024-04-30 04:00:00
4000599708,2024-04-30,2024-04-30 01:45:00,2024-04-30 03:00:00
4000599709,2024-04-30,2024-04-30 00:15:00,2024-04-30 01:30:00
4000599710,2024-05-01,2024-05-01 00:15:00,2024-05-01 01:30:00
4000599711,2024-05-01,2024-05-01 01:45:00,2024-05-01 03:00:00
4000599712,2024-05-02,2024-05-02 02:00:00,2024-05-02 03:00:00
4000599713,2024-05-02,2024-05-02 01:00:00,2024-05-02 02:00:00
4000599714,2024-05-02,2024-05-02 03:00:00,2024-05-02 04:00:00
4000601062,2024-03-05,2024-03-05 03:00:00,2024-03-05 04:00:00
4000601063,2024-03-05,2024-03-05 01:00:00,2024-03-05 02:00:00
4000601064,2024-03-05,2024-03-05 02:00:00,2024-03-05 03:00:00
4000601067,2024-05-04,2024-05-04 02:00:00,2024-05-04 03:00:00
4000601068,2024-05-04,2024-05-04 03:00:00,2024-05-04 04:00:00
4000601069,2024-05-05,2024-05-05 02:30:00,2024-05-05 03:30:00
4000601070,2024-05-05,2024-05-05 00:00:00,2024-05-05 01:00:00
4000601071,2024-05-06,2024-05-06 00:30:00,2024-05-06 01:30:00
4000601072,2024-05-06,2024-05-06 01:45:00,2024-05-06 02:45:00
4000601073,2024-05-07,2024-05-07 10:00:00,2024-05-07 02:00:00
4000601074,2024-05-07,2024-05-07 02:00:00,2024-05-07 04:00:00
4000601075,2024-05-07,2024-05-07 12:40:00,2024-05-07 01:00:00
4000601077,2024-05-08,2024-05-08 00:20:00,2024-05-08 01:30:00
4000601078,2024-05-08,2024-05-08 02:40:00,2024-05-08 03:30:00
4000602814,2024-05-09,,
4000604760,2024-05-09,2024-05-09 01:30:00,2024-05-09 02:30:00
4000604761,2024-05-09,2024-05-09 03:00:00,2024-05-09 03:46:00
4000604762,2024-05-10,2024-05-10 03:30:00,2024-05-10 04:30:00
4000604764,2024-05-10,2024-05-10 01:00:00,2024-05-10 01:30:00
4000604766,2024-05-10,2024-05-10 00:30:00,2024-05-10 01:03:00
4000604768,2024-05-11,2024-05-11 00:30:00,2024-05-11 02:00:00
4000604770,2024-05-11,2024-05-11 03:00:00,2024-05-11 04:00:00
4000604771,2024-05-12,2024-05-12 02:00:00,2024-05-12 03:30:00
4000604772,2024-05-12,2024-05-12 01:00:00,2024-05-12 01:34:00
4000604773,2024-05-13,2024-05-13 01:37:00,2024-05-13 02:06:00
4000604774,2024-05-13,2024-05-13 00:56:00,2024-05-13 01:20:00
4000604775,2024-05-14,2024-05-14 01:20:00,2024-05-14 01:54:00
4000604777,2024-05-14,2024-05-14 00:55:00,2024-05-14 01:15:00
4000604780,2024-05-14,2024-05-14 02:13:00,2024-05-14 02:39:00
4000604782,2024-05-15,2024-05-15 00:36:00,2024-05-15 01:03:00
4000604783,2024-05-15,2024-05-15 01:17:00,2024-05-15 01:43:00
4000604784,2024-05-16,2024-05-16 00:30:00,2024-05-16 01:30:00
4000604786,2024-05-16,2024-05-16 01:45:00,
4000604788,2024-05-17,2024-05-17 02:30:00,2024-05-17 03:45:00
4000604789,2024-05-17,2024-05-17 01:15:00,2024-05-17 02:15:00
4000604790,2024-05-17,2024-05-17 00:00:00,2024-05-17 01:00:00
4000604795,2024-05-18,2024-05-18 02:40:00,2024-05-18 03:50:00
4000604796,2024-05-18,2024-05-18 00:15:00,2024-05-18 01:15:00
4000604797,2024-05-19,2024-05-19 00:00:00,2024-05-19 01:30:00
4000604798,2024-05-19,2024-05-19 01:35:00,2024-05-19 02:40:00
4000604800,2024-05-20,2024-05-20 02:00:00,2024-05-20 03:00:00
4000604801,2024-05-20,2024-05-20 01:00:00,2024-05-20 03:00:00
4000604802,2024-05-21,2024-05-21 03:00:00,2024-05-21 04:00:00
4000604803,2024-05-21,2024-05-21 02:00:00,2024-05-21 03:00:00
4000604804,2024-05-21,2024-05-21 01:00:00,2024-05-21 02:00:00
4000604807,2024-05-22,2024-05-22 02:00:00,2024-05-22 03:00:00
4000604808,2024-05-22,2024-05-22 01:00:00,2024-05-22 02:00:00
4000604809,2024-05-23,2024-05-23 02:00:00,2024-05-23 03:00:00
4000604810,2024-05-23,2024-05-23 03:00:00,2024-05-23 04:00:00
4000604811,2024-05-24,2024-05-24 02:00:00,2024-05-24 03:00:00
4000604812,2024-05-24,2024-05-24 01:00:00,2024-05-24 02:00:00
4000604814,2024-05-24,2024-05-24 00:00:00,2024-05-24 01:00:00
4000604817,2024-05-25,2024-05-25 01:37:00,2024-05-25 02:04:00
4000604818,2024-05-25,2024-05-25 02:15:00,2024-05-25 02:42:00
4000604819,2024-05-26,2024-05-26 00:45:00,2024-05-26 01:45:00
4000604821,2024-05-26,2024-05-26 01:10:00,2024-05-26 22:40:00
4000604822,2024-05-27,2024-05-27 01:50:00,2024-05-27 02:20:00
4000604823,2024-05-27,2024-05-27 01:00:00,2024-05-27 01:30:00
4000609274,2024-05-27,2024-05-27 01:10:00,2024-05-27 02:40:00
4000609275,2024-05-28,2024-05-28 02:50:00,2024-05-28 03:20:00
4000609276,2024-05-28,2024-05-28 02:30:00,2024-05-28 03:30:00
4000609277,2024-05-29,2024-05-29 00:50:00,2024-05-29 01:24:00
4000609278,2024-05-29,2024-05-29 00:30:00,2024-05-29 01:10:00
4000609279,2024-05-30,2024-05-30 01:15:00,2024-05-30 01:43:00
4000609280,2024-05-30,2024-05-30 00:30:00,2024-05-30 01:07:00
4000609282,2024-05-30,,
4000609283,2024-05-31,2024-05-31 01:30:00,2024-05-31 02:30:00
4000609284,2024-05-31,2024-05-31 00:30:00,2024-05-31 01:30:00
4000609285,2024-05-31,2024-05-31 02:30:00,2024-05-31 04:00:00
4000609287,2024-06-01,2024-06-01 01:00:00,2024-06-01 02:00:00
4000609288,2024-06-01,2024-06-01 02:13:00,2024-06-01 02:32:00
4000609289,2024-06-02,,
4000609290,2024-06-02,2024-06-02 00:32:00,2024-06-02 09:01:00
4000609291,2024-06-03,2024-06-03 02:00:00,2024-06-03 02:30:00
4000609292,2024-06-03,2024-06-03 00:30:00,2024-06-03 01:45:00
4000609293,2024-06-04,2024-06-04 03:00:00,2024-06-04 04:00:00
4000609295,2024-06-04,2024-06-04 02:30:00,2024-06-04 03:30:00
4000609296,2024-06-04,2024-06-04 00:00:00,2024-06-04 01:00:00
4000609297,2024-06-05,2024-06-05 02:00:00,2024-06-05 03:30:00
4000609298,2024-06-05,2024-06-05 00:30:00,2024-06-05 01:45:00
4000609299,2024-06-06,2024-06-06 03:00:00,2024-06-06 04:00:00
4000609300,2024-06-06,2024-06-06 01:30:00,2024-06-06 02:45:00
4000609304,2024-06-07,2024-06-07 02:00:00,2024-06-07 03:00:00
4000609305,2024-06-07,2024-06-07 01:00:00,2024-06-07 02:00:00
4000609307,2024-06-08,2024-06-08 01:00:00,2024-06-08 02:00:00
4000609309,2024-06-09,2024-06-09 01:00:00,2024-06-09 02:00:00
4000609310,2024-06-09,2024-06-09 02:00:00,2024-06-09 03:00:00
4000609311,2024-06-10,2024-06-10 02:00:00,2024-06-10 03:00:00
4000609312,2024-06-10,2024-06-10 01:00:00,2024-06-10 02:00:00
4000609313,2024-06-11,2024-06-11 02:00:00,2024-06-11 03:00:00
4000609314,2024-06-11,2024-06-11 01:00:00,2024-06-11 02:05:00
4000609315,2024-06-11,2024-06-11 00:00:00,2024-06-11 01:00:00
4000609316,2024-06-12,2024-06-12 01:00:00,2024-06-12 02:00:00
4000609317,2024-06-12,2024-06-12 02:00:00,2024-06-12 03:00:00
4000609318,2024-06-13,2024-06-13 01:00:00,2024-06-13 01:30:00
4000609319,2024-06-13,2024-06-13 01:45:00,2024-06-13 02:15:00
4000609320,2024-06-13,2024-06-13 22:00:00,2024-06-13 23:00:00
4000609321,2024-06-14,2024-06-14 20:10:00,2024-06-14 16:12:00
4000609322,2024-06-14,2024-06-14 01:00:00,2024-06-14 01:30:00
4000609323,2024-06-14,2024-06-14 01:45:00,2024-06-14 02:15:00
4000609325,2024-06-15,2024-06-15 01:45:00,2024-06-15 02:15:00
4000609326,2024-06-15,2024-06-15 02:30:00,2024-06-15 15:30:00
4000609327,2024-06-16,2024-06-16 02:00:00,2024-06-16 03:00:00
4000609328,2024-06-16,2024-06-16 01:00:00,2024-06-16 01:30:00
4000609329,2024-06-17,2024-06-17 02:00:00,2024-06-17 03:30:00
4000609330,2024-06-17,2024-06-17 00:30:00,2024-06-17 01:15:00
4000609331,2024-06-18,2024-06-18 02:30:00,2024-06-18 02:50:00
4000609332,2024-06-18,2024-06-18 00:40:00,2024-06-18 01:40:00
4000609333,2024-08-18,2024-08-18 01:30:00,2024-08-18 02:10:00
4000609335,2024-05-23,2024-05-23 01:00:00,2024-05-23 02:00:00
4000612312,2024-06-19,2024-06-19 02:15:00,2024-06-19 02:53:00
4000612313,2024-06-19,2024-06-19 00:45:00,2024-06-19 02:00:00
4000612314,2024-06-20,2024-06-20 12:51:00,2024-06-20 01:31:00
4000612316,2024-06-20,2024-06-20 02:37:00,2024-06-20 02:51:00
4000612317,2024-06-21,2024-06-21 03:30:00,2024-06-21 04:30:00
4000612318,2024-06-21,2024-06-21 01:00:00,2024-06-21 02:00:00
4000612319,2024-06-21,2024-06-21 00:30:00,2024-06-21 01:30:00
4000612322,2024-06-22,2024-06-22 00:30:00,2024-06-22 01:30:00
4000612323,2024-06-22,,
4000612324,2024-06-23,2024-06-23 00:00:00,2024-06-23 01:15:00
4000612325,2024-06-23,2024-06-23 01:20:00,2024-06-23 02:30:00
4000612326,2024-06-24,2024-06-24 02:00:00,2024-06-24 03:00:00
4000612327,2024-06-24,2024-06-24 00:30:00,2024-06-24 01:30:00
4000612328,2024-06-25,2024-06-25 02:00:00,2024-06-25 03:00:00
4000612329,2024-06-25,2024-06-25 01:00:00,2024-06-25 02:00:00
4000612331,2024-06-25,2024-06-25 01:30:00,2024-06-25 02:30:00
4000612332,2024-06-26,2024-06-26 02:00:00,2024-06-26 03:00:00
4000612334,2024-06-27,2024-06-27 01:00:00,2024-06-27 02:00:00
4000612335,2024-06-20,2024-06-20 01:00:00,2024-06-20 02:00:00
4000612335,2024-06-27,2024-06-27 01:00:00,2024-06-27 02:00:00
4000612336,2024-06-27,2024-06-27 02:00:00,2024-06-27 03:00:00
4000612339,2024-06-27,2024-06-27 00:00:00,2024-06-27 01:00:00
4000612340,2024-06-28,2024-06-28 03:00:00,2024-06-28 04:00:00
4000612341,2024-06-28,2024-06-28 01:00:00,2024-06-28 02:00:00
4000612342,2024-06-28,2024-06-28 02:00:00,2024-06-28 03:00:00
4000612344,2024-06-30,2024-06-30 01:00:00,2024-06-30 02:00:00
4000612346,2024-06-29,2024-06-29 02:00:00,2024-06-29 03:00:00
4000612347,2024-06-30,2024-06-30 12:30:00,2024-06-30 01:30:00
4000612348,2024-06-30,2024-06-30 00:20:00,2024-06-30 01:30:00
4000612349,2024-07-01,2024-07-01 01:45:00,2024-07-01 02:15:00
4000612351,2024-07-01,2024-07-01 01:00:00,2024-07-01 01:30:00
4000612353,2024-07-02,2024-07-02 01:45:00,2024-07-02 02:15:00
4000612354,2024-07-02,2024-07-02 01:00:00,2024-07-02 01:30:00
4000612355,2024-07-02,2024-07-02 03:30:00,2024-07-02 03:00:00
4000612356,2024-07-02,2024-07-02 01:45:00,2024-07-02 02:15:00
4000612357,2024-07-03,2024-07-03 01:00:00,2024-07-03 01:30:00
4000613888,2024-07-04,2024-07-04 01:00:00,2024-07-04 02:00:00
4000613889,2024-07-04,2024-07-04 02:00:00,2024-07-04 03:00:00
4000613890,2024-07-04,2024-07-04 00:00:00,2024-07-04 01:00:00
4000613893,2024-07-06,2024-07-06 01:58:00,2024-07-06 02:29:00
4000613894,2024-07-06,2024-07-06 02:47:00,2024-07-06 03:17:00
4000613896,2024-07-05,2024-07-05 02:33:00,2024-07-05 03:01:00
4000613897,2024-07-05,2024-07-05 00:50:00,2024-07-05 01:23:00
4000613898,2024-07-05,2024-07-05 02:46:00,2024-07-05 02:15:00
4000613899,2024-07-07,2024-07-07 00:56:00,2024-07-07 13:37:00
4000613901,2024-07-07,2024-07-07 00:57:00,2024-07-07 01:39:00
4000613903,2024-07-08,2024-07-08 01:45:00,2024-07-08 02:20:00
4000613904,2024-07-09,2024-07-09 03:00:00,2024-07-09 04:00:00
4000613905,2024-07-09,2024-07-09 01:45:00,2024-07-09 02:45:00
4000613907,2024-07-09,2024-07-09 00:15:00,2024-07-09 01:30:00
4000614815,2024-07-10,2024-07-10 02:00:00,2024-07-10 03:15:00
4000614816,2024-07-10,2024-07-10 00:15:00,2024-07-10 01:45:00
4000614817,2024-07-12,2024-07-12 03:00:00,2024-07-12 03:30:00
4000614818,2024-07-12,2024-07-12 00:30:00,2024-07-12 01:30:00
4000614819,2024-07-12,2024-07-12 02:00:00,2024-07-12 02:30:00
4000614821,2024-07-13,2024-07-13 01:00:00,2024-07-13 02:00:00
4000614822,2024-07-13,2024-07-13 03:00:00,2024-07-13 04:00:00
4000614823,2024-07-11,2024-07-11 00:00:00,2024-07-11 01:10:00
4000614824,2024-07-11,2024-07-11 01:30:00,2024-07-11 02:45:00
4000614825,2024-07-11,2024-07-11 03:00:00,2024-07-11 04:00:00
4000617289,2024-07-19,2024-07-19 02:30:00,2024-07-19 03:20:00
4000617292,2024-07-19,2024-07-19 00:30:00,2024-07-19 01:30:00
4000617294,2024-07-19,2024-07-19 01:40:00,2024-07-19 02:30:00
4000617556,2024-07-14,2024-07-14 03:00:00,2024-07-14 04:00:00
4000617557,2024-07-14,2024-07-14 01:00:00,2024-07-14 02:00:00
4000617558,2024-07-15,2024-07-15 02:00:00,2024-07-15 03:00:00
4000617560,2024-07-15,2024-07-15 01:00:00,2024-07-15 02:00:00
4000617561,2024-07-16,2024-07-16 02:30:00,2024-07-16 03:36:00
4000617562,2024-07-16,2024-07-16 01:00:00,2024-07-16 02:00:00
4000617563,2024-07-16,2024-07-16 03:30:00,2024-07-16 04:30:00
4000617564,2024-07-17,2024-07-17 01:20:00,2024-07-17 02:30:00
4000617565,2024-07-17,2024-07-17 00:30:00,2024-07-17 01:30:00
4000617566,2024-07-18,2024-07-18 02:10:00,2024-07-18 03:10:00
4000617568,2024-07-18,2024-07-18 01:00:00,2024-07-18 02:00:00
4000617569,2024-07-18,2024-07-18 03:00:00,2024-07-18 04:00:00
4000617571,2024-07-20,2024-07-20 00:30:00,2024-07-20 01:30:00
4000617573,2024-07-21,2024-07-21 01:00:00,2024-07-21 02:00:00
4000617574,2024-07-21,2024-07-21 01:30:00,2024-07-21 02:30:00
4000617575,2024-07-22,2024-07-22 01:30:00,2024-07-22 02:30:00
4000617576,2024-07-22,2024-07-22 00:30:00,2024-07-22 01:30:00
4000617578,2024-07-23,2024-07-23 01:03:00,2024-07-23 01:42:00
4000617579,2024-07-23,2024-07-23 01:45:00,2024-07-23 02:13:00
4000617580,2024-07-23,2024-07-23 02:57:00,2024-07-23 03:04:00
4000617581,2024-07-24,2024-07-24 01:40:00,2024-07-24 02:11:00
4000617582,2024-07-24,2024-07-24 00:59:00,2024-07-24 09:26:00
4000617583,2024-07-26,2024-07-26 01:22:00,2024-07-26 02:57:00
4000617585,2024-07-25,2024-07-25 01:36:00,2024-07-25 02:04:00
4000618398,2024-07-26,2024-07-26 02:47:00,2024-07-26 03:28:00
4000618399,2024-07-26,2024-07-26 00:53:00,2024-07-26 01:31:00
4000618400,2024-07-26,2024-07-26 01:47:00,2024-07-26 02:17:00
4000618401,2024-07-28,2024-07-28 02:30:00,2024-07-28 06:30:00
4000618402,2024-07-28,2024-07-28 00:00:00,2024-07-28 02:00:00
4000618404,2024-07-27,2024-07-27 03:00:00,2024-07-27 04:00:00
4000618405,2024-07-27,2024-07-27 00:00:00,2024-07-27 01:15:00
4000618406,2024-07-29,2024-07-29 02:15:00,2024-07-29 03:45:00
4000618406,2024-07-29,2024-07-29 02:30:00,2024-07-29 04:00:00
4000618407,2024-07-29,2024-07-29 00:00:00,2024-07-29 01:45:00
4000618407,2024-07-29,2024-07-29 00:30:00,2024-07-29 02:15:00
4000619445,2024-07-30,2024-07-30 01:30:00,2024-07-30 02:30:00
4000619445,2024-07-30,2024-07-30 02:45:00,2024-07-30 04:00:00
4000620738,2024-07-30,2024-07-30 03:30:00,2024-07-30 04:30:00
4000620738,2024-07-30,2024-07-30 01:00:00,2024-07-30 02:30:00
4000620739,2024-07-30,2024-07-30 00:00:00,2024-07-30 00:30:00
4000620741,2024-07-31,2024-07-31 02:00:00,2024-07-31 03:00:00
4000620742,2024-07-31,2024-07-31 01:00:00,2024-07-31 02:00:00
4000620743,2024-08-01,2024-08-01 01:30:00,2024-08-01 02:30:00
4000620744,2024-08-01,2024-08-01 00:50:00,2024-08-01 01:20:00
4000620745,2024-08-01,2024-08-01 01:00:00,2024-08-01 02:00:00
4000620746,2024-08-02,2024-08-02 01:00:00,2024-08-02 02:00:00
4000620747,2024-08-02,2024-08-02 00:30:00,2024-08-02 01:50:00
4000620748,2024-08-02,2024-08-02 01:30:00,2024-08-02 01:30:00
4000620750,2024-08-03,2024-08-03 11:00:00,2024-08-03 02:00:00
4000620751,2024-08-04,2024-08-04 12:00:00,2024-08-04 01:00:00
4000620752,2024-08-03,2024-08-03 00:00:00,2024-08-03 01:00:00
4000620753,2024-08-03,2024-08-03 03:00:00,2024-08-03 04:00:00
4000620756,2024-08-05,2024-08-05 01:20:00,2024-08-05 02:30:00
4000620758,2024-08-05,2024-08-05 00:30:00,2024-08-05 01:30:00
4000620759,2024-08-06,2024-08-06 01:30:00,2024-08-06 02:30:00
4000620760,2024-08-06,2024-08-06 12:30:00,2024-08-06 01:30:00
4000620761,2024-08-06,2024-08-06 03:00:00,2024-08-06 04:00:00
4000620763,2024-08-07,2024-08-07 02:30:00,2024-08-07 03:30:00
4000620764,2024-08-07,2024-08-07 01:00:00,2024-08-07 02:00:00
4000620767,2024-08-10,2024-08-10 00:30:00,2024-08-10 01:45:00
4000620768,,,
4000620769,2024-08-08,2024-08-08 01:30:00,2024-08-08 02:30:00
4000620770,2024-08-08,2024-08-08 00:30:00,2024-08-08 01:30:00
4000620771,2024-08-08,2024-08-08 02:30:00,2024-08-08 03:30:00
4000620772,2024-08-09,2024-08-09 02:30:00,2024-08-09 03:30:00
4000620773,2024-08-09,2024-08-09 00:30:00,2024-08-09 01:30:00
4000620774,2024-08-09,2024-08-09 01:30:00,2024-08-09 02:30:00
4000620776,2024-08-11,2024-08-11 04:00:00,2024-08-11 04:30:00
4000620777,2024-08-11,2024-08-11 00:30:00,2024-08-11 01:50:00
4000620778,2024-08-12,2024-08-12 01:40:00,2024-08-12 02:27:00
4000620779,2024-08-12,2024-08-12 01:07:00,2024-08-12 01:43:00
4000620780,2024-08-13,2024-08-13 01:17:00,2024-08-13 01:45:00
4000620781,2024-08-13,2024-08-13 02:01:00,2024-08-13 02:38:00
4000620782,2024-08-13,2024-08-13 02:58:00,2024-08-13 03:27:00
4000621658,2024-08-14,2024-08-14 03:00:00,2024-08-14 04:00:00
4000621659,2024-08-14,2024-08-14 10:00:00,2024-08-14 02:00:00
4000621660,2024-08-15,2024-08-15 02:00:00,2024-08-15 03:00:00
4000621661,2024-08-15,2024-08-15 00:30:00,2024-08-15 01:30:00
4000621662,2024-08-15,2024-08-15 03:30:00,2024-08-15 04:30:00
4000621663,2024-08-16,2024-08-16 03:18:00,2024-08-16 04:30:00
4000621664,2024-08-16,2024-08-16 01:45:00,2024-08-16 03:00:00
4000621665,2024-08-16,2024-08-16 00:15:00,2024-08-16 01:30:00
4000621667,2024-08-17,2024-08-17 00:30:00,2024-08-17 01:30:00
4000621668,2024-08-17,2024-08-17 03:00:00,2024-08-17 04:15:00
4000621669,2024-08-18,2024-08-18 01:00:00,2024-08-18 02:00:00
4000621670,2024-08-18,2024-08-18 01:30:00,2024-08-18 14:30:00
4000626412,2024-08-19,2024-08-19 02:00:00,2024-08-19 03:00:00
4000626414,2024-08-19,2024-08-19 01:00:00,2024-08-19 02:00:00
4000626415,2024-08-20,2024-08-20 01:00:00,2024-08-20 02:00:00
4000627565,2024-08-20,2024-08-20 02:00:00,2024-08-20 03:00:00
4000627566,2024-08-20,2024-08-20 03:00:00,2024-08-20 04:00:00
4000627567,2024-08-21,2024-08-21 01:40:00,2024-08-21 02:40:00
4000627569,2024-08-22,2024-08-22 00:30:00,2024-08-22 01:30:00
4000627570,2024-08-22,2024-08-22 01:45:00,2024-08-22 02:45:00
4000627571,2024-08-22,2024-08-22 08:45:00,2024-08-22 03:45:00
4000627572,2024-08-23,2024-08-23 02:50:00,2024-08-23 03:50:00
4000627573,2024-08-23,2024-08-23 00:30:00,2024-08-23 01:30:00
4000627574,2024-08-23,,
4000627576,2024-08-24,2024-08-24 01:30:00,2024-08-24 02:30:00
4000627577,2024-08-24,2024-08-24 02:30:00,2024-08-24 03:30:00
4000627578,2024-08-25,2024-08-25 02:30:00,2024-08-25 03:30:00
4000627579,2024-08-25,2024-08-25 00:30:00,2024-08-25 01:30:00
4000627580,2024-08-26,2024-08-26 01:30:00,2024-08-26 02:30:00
4000627681,2024-08-26,2024-08-26 00:30:00,2024-08-26 01:30:00
4000627682,2024-08-27,2024-08-27 01:30:00,2024-08-27 00:30:00
4000627683,2024-08-27,2024-08-27 00:30:00,2024-08-27 01:30:00
4000627684,2024-08-27,2024-08-27 02:30:00,2024-08-27 03:30:00
4000627685,2024-08-29,2024-08-29 01:42:00,2024-08-29 02:18:00
4000627686,2024-08-28,2024-08-28 00:47:00,2024-08-28 01:32:00
4000627688,2024-08-29,2024-08-29 00:53:00,2024-08-29 01:36:00
4000627689,2024-08-29,2024-08-29 02:43:00,2024-08-29 03:37:00
4000627690,2024-08-30,2024-08-30 02:57:00,2024-08-30 03:30:00
4000627693,2024-08-30,2024-08-30 01:55:00,2024-08-30 02:31:00
4000627699,2024-09-01,2024-09-01 00:40:00,2024-09-01 01:30:00
4000627700,2024-09-01,2024-09-01 01:40:00,2024-09-01 02:40:00
4000627702,2024-09-02,2024-09-02 02:00:00,2024-09-02 03:00:00
4000627703,2024-09-02,2024-09-02 00:30:00,2024-09-02 01:30:00
4000627704,2024-09-03,2024-09-03 01:30:00,2024-09-03 02:45:00
4000627705,2024-09-03,2024-09-03 00:00:00,2024-09-03 01:10:00
4000627707,2024-09-03,2024-09-03 03:00:00,2024-09-03 04:00:00
4000627708,2024-09-05,2024-09-05 01:00:00,2024-09-05 02:00:00
4000627709,2024-09-05,2024-09-05 01:33:00,2024-09-05 02:10:00
4000627710,2024-09-05,2024-09-05 01:00:00,2024-09-05 02:00:00
4000627711,2024-09-04,2024-09-04 00:30:00,2024-09-04 01:50:00
4000627712,2024-09-04,2024-09-04 02:10:00,2024-09-04 03:45:00
4000627713,2024-09-06,2024-09-06 01:00:00,2024-09-06 02:00:00
4000627714,2024-09-06,2024-09-06 01:00:00,2024-09-06 02:00:00
4000627715,2024-09-06,2024-09-06 00:30:00,2024-09-06 01:30:00
4000627717,2024-09-07,2024-09-07 12:30:00,2024-09-07 01:30:00
4000627718,2024-09-07,2024-09-07 02:30:00,2024-09-07 03:30:00
4000627719,2024-09-08,2024-09-08 02:20:00,2024-09-08 03:20:00
4000627720,2024-09-08,2024-09-08 01:30:00,2024-09-08 02:30:00
4000627721,2024-09-09,2024-09-09 00:35:00,2024-09-09 01:35:00
4000627722,2024-09-09,2024-09-09 01:40:00,2024-09-09 02:40:00
4000627723,2024-09-10,2024-09-10 03:00:00,2024-09-10 04:00:00
4000627724,2024-09-10,2024-09-10 01:40:00,2024-09-10 02:40:00
4000627725,2024-09-10,2024-09-10 00:30:00,2024-09-10 01:30:00
4000627726,2024-09-11,2024-09-11 01:30:00,2024-09-11 02:30:00
4000627727,2024-09-11,2024-09-11 02:30:00,2024-09-11 07:30:00
4000627728,2024-09-12,2024-09-12 00:30:00,2024-09-12 01:30:00
4000627729,2024-09-12,2024-09-12 02:00:00,2024-09-12 03:00:00
4000627730,2024-09-12,2024-09-12 03:30:00,2024-09-12 04:30:00
4000627731,2024-09-13,2024-09-13 03:30:00,2024-09-13 04:30:00
4000627732,2024-09-13,2024-09-13 01:30:00,2024-09-13 02:30:00
4000627733,2024-09-13,2024-09-13 00:30:00,2024-09-13 01:30:00
4000627735,2024-09-14,2024-09-14 00:00:00,2024-09-14 02:17:00
4000627736,2024-09-14,,
4000627737,2024-09-15,2024-09-15 02:45:00,2024-09-15 03:33:00
4000627738,2024-09-15,2024-09-15 01:58:00,2024-09-15 02:25:00
4000627739,2024-09-16,2024-09-16 01:50:00,2024-09-16 14:23:00
4000627740,2024-09-16,2024-09-16 00:57:00,2024-09-16 01:36:00
4000627741,2024-09-17,2024-09-17 02:37:00,2024-09-17 03:15:00
4000627742,2024-09-17,2024-09-17 01:10:00,2024-09-17 02:30:00
4000627743,2024-09-14,2024-09-14 01:17:00,2024-09-14 02:48:00
4000627744,2024-09-18,2024-09-18 02:17:00,2024-09-18 03:01:00
4000627745,2024-09-18,2024-09-18 00:54:00,2024-09-18 09:23:00
4000627746,2024-09-19,2024-09-19 12:00:00,2024-09-19 01:30:00
4000627747,2024-09-20,2024-09-20 03:00:00,2024-09-20 04:15:00
4000627748,2024-09-19,2024-09-19 01:45:00,2024-09-19 02:45:00
4000627749,2024-09-20,2024-09-20 01:45:00,2024-09-20 02:45:00
4000627750,2024-09-19,2024-09-19 03:00:00,2024-09-19 04:15:00
4000627751,2024-09-20,2024-09-20 00:00:00,2024-09-20 01:30:00
4000627753,2024-09-21,2024-09-21 00:00:00,2024-09-21 01:00:00
4000627754,2024-09-21,2024-09-21 03:30:00,2024-09-21 04:30:00
4000627755,2024-09-22,2024-09-22 03:30:00,2024-09-22 04:15:00
4000627756,2024-09-22,2024-09-22 12:30:00,2024-09-22 01:30:00
4000627757,2024-09-23,2024-09-23 01:00:00,2024-09-23 02:00:00
4000627758,2024-09-23,2024-09-23 02:00:00,2024-09-23 03:00:00
4000628830,2024-09-24,2024-09-24 01:00:00,2024-09-24 02:00:00
4000628831,2024-09-24,2024-09-24 02:00:00,2024-09-24 03:00:00
4000628832,2024-09-24,2024-09-24 03:00:00,2024-09-24 04:00:00
4000628834,2024-09-28,2024-09-28 02:00:00,2024-09-28 08:00:00
4000628835,2024-09-28,2024-09-28 00:00:00,2024-09-28 01:00:00
4000628836,2024-09-25,2024-09-25 02:00:00,2024-09-25 03:00:00
4000628837,2024-09-25,2024-09-25 01:00:00,2024-09-25 02:00:00
4000630123,2024-09-26,2024-09-26 12:30:00,2024-09-26 01:30:00
4000630124,2024-09-26,2024-09-26 01:40:00,2024-09-26 02:40:00
4000630125,2024-09-26,2024-09-26 03:00:00,2024-09-26 04:00:00
4000630126,2024-09-27,2024-09-27 00:00:00,2024-09-27 01:00:00
4000630127,2024-09-27,2024-09-27 02:00:00,2024-09-27 03:00:00
4000630128,2024-09-27,2024-09-27 01:00:00,2024-09-27 02:00:00
4000630129,2024-09-29,2024-09-29 02:30:00,2024-09-29 03:30:00
4000630130,2024-09-29,2024-09-29 00:30:00,2024-09-29 01:30:00
4000630131,2024-09-30,2024-09-30 01:10:00,2024-09-30 02:00:00
4000630132,2024-09-30,2024-09-30 01:00:00,2024-09-30 01:40:00
4000630133,2024-10-01,2024-10-01 02:00:00,2024-10-01 03:00:00
4000630134,2024-10-01,2024-10-01 01:00:00,2024-10-01 02:00:00
4000630136,2024-10-02,2024-10-02 01:30:00,2024-10-02 02:30:00
4000630138,2024-10-02,2024-10-02 02:30:00,2024-10-02 03:30:00
4000630139,2024-10-03,2024-10-03 12:00:00,2024-10-03 01:00:00
4000632328,2024-10-03,2024-10-03 01:00:00,2024-10-03 02:00:00
4000632330,2024-10-04,2024-10-04 01:00:00,2024-10-04 02:00:00
4000632331,2024-10-04,2024-10-04 01:45:00,2024-10-04 02:33:00
4000632332,2024-10-04,2024-10-04 00:57:00,2024-10-04 01:19:00
4000632334,2024-10-05,2024-10-05 01:00:00,2024-10-05 02:00:00
4000632336,2024-10-05,2024-10-05 03:00:00,2024-10-05 04:00:00
4000632337,2024-10-06,2024-10-06 02:00:00,2024-10-06 03:00:00
4000632338,2024-10-06,2024-10-06 01:00:00,2024-10-06 02:00:00
4000632339,2024-10-07,2024-10-07 02:00:00,2024-10-07 03:00:00
4000632340,2024-10-07,2024-10-07 01:00:00,2024-10-07 02:00:00
4000632341,2024-10-08,2024-10-08 01:35:00,2024-10-08 02:35:00
4000632343,2024-10-08,2024-10-08 00:30:00,2024-10-08 01:30:00
4000632345,2024-10-08,2024-10-08 02:40:00,2024-10-08 03:40:00
4000632346,2024-10-09,2024-10-09 02:30:00,2024-10-09 03:30:00
4000632348,2024-10-09,2024-10-09 01:30:00,2024-10-09 02:30:00
4000632352,2024-10-10,2024-10-10 02:00:00,2024-10-10 03:00:00
4000632353,2024-10-10,2024-10-10 02:30:00,2024-10-10 03:30:00
4000632354,2024-10-11,2024-10-11 01:20:00,2024-10-11 02:40:00
4000632355,2024-10-11,2024-10-11 01:50:00,2024-10-11 02:30:00
4000632357,2024-10-11,2024-10-11 01:00:00,2024-10-11 01:30:00
4000632360,2024-10-12,2024-10-12 01:00:00,2024-10-12 01:30:00
4000632361,2024-10-12,2024-10-12 03:10:00,2024-10-12 04:00:00
4000632362,2024-10-13,2024-10-13 01:30:00,2024-10-13 02:30:00
4000632363,2024-10-13,2024-10-13 12:30:00,2024-10-13 01:30:00
4000632364,2024-10-14,2024-10-14 02:15:00,2024-10-14 04:15:00
4000632366,2024-10-15,2024-10-15 03:00:00,2024-10-15 04:00:00
4000632367,2024-10-15,2024-10-15 02:00:00,2024-10-15 03:00:00
4000636260,2024-10-16,2024-10-16 12:30:00,2024-10-16 01:30:00
4000636281,2024-10-16,2024-10-16 02:00:00,2024-10-16 03:30:00
4000636282,2024-10-17,2024-10-17 02:50:00,2024-10-17 03:45:00
4000636283,2024-10-17,2024-10-17 00:45:00,2024-10-17 01:30:00
4000636284,2024-10-17,2024-10-17 04:00:00,2024-10-17 04:30:00
4000636290,2024-10-19,2024-10-19 01:10:00,2024-10-19 01:31:00
4000636295,2024-10-14,2024-10-14 00:00:00,2024-10-14 01:45:00
4000636299,2024-10-23,2024-10-23 02:00:00,2024-10-23 03:00:00
4000636300,2024-10-23,2024-10-23 01:00:00,2024-10-23 02:00:00
4000636301,2024-10-24,2024-10-24 02:00:00,2024-10-24 03:00:00
4000636302,2024-10-24,2024-10-24 09:00:00,2024-10-24 01:00:00
4000636303,2024-10-24,2024-10-24 00:00:00,2024-10-24 13:00:00
4000636304,2024-10-25,2024-10-25 00:00:00,2024-10-25 01:00:00
4000636305,2024-10-25,2024-10-25 00:00:00,2024-10-25 02:00:00
4000636306,2024-10-25,2024-10-25 10:00:00,2024-10-25 02:00:00
4000636319,2024-10-31,2024-10-31 00:00:00,2024-10-31 01:30:00
4000636320,2024-10-31,2024-10-31 02:00:00,2024-10-31 03:20:00
4000636321,2024-10-31,,
4000636322,2024-11-01,2024-11-01 06:00:00,2024-11-01 01:45:00
4000636323,2024-11-01,2024-11-01 02:00:00,2024-11-01 03:00:00
4000636324,2024-11-01,2024-11-01 00:00:00,2024-11-01 01:32:00
4000636326,2024-11-02,2024-11-02 00:00:00,2024-11-02 01:45:00
4000636328,2024-11-03,2024-11-03 00:00:00,2024-11-03 01:30:00
4000643416,2024-11-04,2024-11-04 02:00:00,2024-11-04 03:00:00
4000643417,2024-11-04,2024-11-04 00:30:00,2024-11-04 01:30:00
4000643419,2024-11-05,2024-11-05 02:30:00,2024-11-05 03:30:00
4000643420,2024-11-05,2024-11-05 00:30:00,2024-11-05 01:30:00
4000643421,2024-11-05,2024-11-05 03:40:00,2024-11-05 04:20:00
4000643423,2024-11-06,2024-11-06 10:00:00,2024-11-06 03:00:00
4000643425,2024-11-07,2024-11-07 00:30:00,2024-11-07 01:30:00
4000643428,2024-11-07,2024-11-07 02:00:00,2024-11-07 03:00:00
4000643429,2024-11-07,2024-11-07 03:30:00,2024-11-07 04:30:00
4000643566,2024-11-02,2024-11-02 01:30:00,2024-11-02 02:45:00
4000643567,2024-11-10,2024-11-10 00:00:00,2024-11-10 01:00:00
4000643569,2024-11-10,2024-11-10 01:00:00,2024-11-10 02:00:00
4000643570,2024-11-11,2024-11-11 01:00:00,2024-11-11 02:00:00
4000643572,2024-11-11,2024-11-11 02:00:00,2024-11-11 03:00:00
4000643573,2024-11-12,2024-11-12 00:30:00,2024-11-12 01:30:00
4000643574,2024-11-12,2024-11-12 01:50:00,2024-11-12 02:50:00
4000643575,2024-11-12,,
4000643577,2024-11-06,2024-11-06 01:01:00,2024-11-06 01:43:00
4000643577,2024-11-13,2024-11-13 01:01:00,2024-11-13 01:43:00
4000643579,2024-11-13,2024-11-13 00:30:00,2024-11-13 01:30:00
4000643580,2024-11-14,2024-11-14 00:20:00,2024-11-14 01:30:00
4000643581,2024-11-14,2024-11-14 01:30:00,2024-11-14 02:50:00
4000643582,2024-11-14,2024-11-14 03:00:00,2024-11-14 04:00:00
4000643583,2024-11-15,2024-11-15 03:00:00,2024-11-15 04:00:00
4000643584,2024-11-15,2024-11-15 00:30:00,2024-11-15 01:30:00
4000643585,2024-11-15,2024-11-15 01:50:00,2024-11-15 02:50:00
4000643587,2024-11-16,2024-11-16 01:00:00,2024-11-16 01:30:00
4000643590,2024-11-17,2024-11-17 01:30:00,2024-11-17 01:50:00
4000643591,2021-11-18,2021-11-18 00:30:00,2021-11-18 01:50:00
4000643594,2024-11-18,2024-11-18 02:15:00,2024-11-18 03:50:00
4000643595,2024-11-19,2024-11-19 01:30:00,2024-11-19 03:00:00
4000643596,2024-11-19,2024-11-19 00:00:00,2024-11-19 01:30:00
4000643597,2024-11-19,,
4000643598,2024-11-13,2024-11-13 01:50:00,2024-11-13 02:50:00
4000643598,2024-11-20,2024-11-20 01:50:00,2024-11-20 02:50:00
4000643599,2024-11-20,2024-11-20 02:10:00,2024-11-20 03:40:00
4000643600,2024-11-21,2024-11-21 12:30:00,2024-11-21 01:30:00
4000643601,2024-11-21,2024-11-21 02:00:00,2024-11-21 03:00:00
4000643602,2024-11-21,2024-11-21 02:30:00,2024-11-21 04:30:00
4000643603,2024-11-22,2024-11-22 03:00:00,
4000643604,2024-11-22,2024-11-22 00:00:00,2024-11-22 01:00:00
4000643605,2024-11-22,2024-11-22 01:30:00,2024-11-22 02:30:00
4000643623,2024-11-28,2024-11-28 10:00:00,2024-11-28 02:00:00
4000643625,2024-11-28,2024-11-28 10:00:00,2024-11-28 02:00:00
4000643628,2024-11-28,,
4000643630,2024-11-29,2024-11-29 00:00:00,2024-11-29 01:00:00
4000643631,2024-11-28,2024-11-28 02:00:00,2024-11-28 03:00:00
4000643632,2024-11-29,2024-11-29 10:00:00,2024-11-29 03:00:00
4000643634,2024-11-30,2024-11-30 01:00:00,2024-11-30 02:00:00
4000643635,2024-11-30,2024-11-30 12:00:00,2024-11-30 01:00:00
4000643640,2024-12-03,2024-12-03 02:00:00,2024-12-03 03:30:00
4000643642,2024-12-03,2024-12-03 00:30:00,2024-12-03 02:00:00
4000643643,2024-12-03,2024-12-03 12:30:00,2024-12-03 01:30:00
4000643645,2024-12-05,2024-12-05 01:00:00,2024-12-05 01:30:00
4000643646,2024-12-05,2024-12-05 01:40:00,2024-12-05 02:10:00
4000643648,2024-12-05,2024-12-05 02:30:00,2024-12-05 03:30:00
4000643649,2024-12-05,2024-12-05 02:40:00,2024-12-05 03:10:00
4000643651,2024-12-06,2024-12-06 02:30:00,2024-12-06 03:30:00
4000643652,2024-12-06,2024-12-06 00:30:00,2024-12-06 01:30:00
4000643654,2024-12-06,2024-12-06 01:30:00,2024-12-06 02:30:00
4000643656,2024-12-07,2024-12-07 00:40:00,2024-12-07 01:20:00
4000643657,2024-12-07,2024-12-07 02:30:00,2024-12-07 03:00:00
4000643658,2024-12-08,2024-12-08 01:30:00,2024-12-08 02:30:00
4000643661,2024-12-09,2024-12-09 02:00:00,2024-12-09 03:00:00
4000644632,2024-12-10,2024-12-10 00:30:00,2024-12-10 01:30:00
4000644635,2024-12-11,2024-12-11 02:00:00,2024-12-11 03:00:00
4000644663,2024-12-14,2024-12-14 00:00:00,2024-12-14 01:30:00
4000644664,2024-12-14,2024-12-14 01:30:00,2024-12-14 02:45:00
4000644665,2024-12-15,2024-12-15 00:15:00,2024-12-15 01:45:00
4000654182,2025-01-30,2025-01-30 00:30:00,2025-01-30 01:30:00
4000654205,2025-01-08,2025-01-08 01:00:00,2025-01-08 02:00:00
4000654607,2025-01-10,2025-01-10 01:00:00,2025-01-10 02:00:00
4000654609,2025-01-10,2025-01-10 02:00:00,2025-01-10 03:00:00
4000654610,2025-01-10,2025-01-10 03:00:00,2025-01-10 04:00:00
4000654632,2025-02-03,2025-02-03 02:00:00,2025-02-03 03:00:00
4000654633,2025-02-03,2025-02-03 01:00:00,2025-02-03 02:00:00
4000654634,2025-02-04,2025-02-04 00:30:00,2025-02-04 01:30:00
4000654635,2025-02-04,2025-02-04 02:00:00,2025-02-04 03:00:00
4000654904,2025-02-05,2025-02-05 00:30:00,2025-02-05 01:30:00
4000654905,2025-02-05,2025-02-05 00:15:00,2025-02-05 01:30:00
4000654907,2025-02-06,2025-02-06 14:00:00,2025-02-06 15:00:00
4000654908,2025-02-06,2025-02-06 02:00:00,2025-02-06 03:00:00
4000654909,2025-02-06,2025-02-06 01:00:00,2025-02-06 02:00:00
4000654910,2025-02-07,2025-02-07 03:15:00,2025-02-07 03:30:00
4000654912,2025-02-07,2025-02-07 01:06:00,2025-02-07 02:06:00
4000654913,2025-02-07,2025-02-07 11:00:00,2025-02-07 01:00:00
4000654915,2025-01-11,2025-01-11 01:00:00,2025-01-11 02:00:00
4000654916,2025-01-11,2025-01-11 03:00:00,2025-01-11 04:00:00
4000654923,2025-01-12,2025-01-12 00:30:00,2025-01-12 01:30:00
4000654924,2025-01-12,2025-01-12 03:30:00,2025-01-12 04:30:00
4000654925,2025-01-13,2025-01-13 02:00:00,2025-01-13 02:30:00
4000654927,2025-01-13,2025-01-13 01:00:00,2025-01-13 02:00:00
4000654928,2025-01-14,2025-01-14 02:45:00,2025-01-14 03:51:00
4000654929,2025-01-14,2025-01-14 01:00:00,2025-01-14 02:00:00
4000654930,2025-01-14,2025-01-14 02:00:00,2025-01-14 03:00:00
4000654931,2025-01-15,2025-01-15 01:39:00,2025-01-15 02:22:00
4000654933,2025-01-15,2025-01-15 12:37:00,2025-01-15 01:26:00
4000654935,2025-01-16,2025-01-16 02:00:00,2025-01-16 03:00:00
4000654936,,,
4000654938,2025-01-16,2025-01-16 03:00:00,2025-01-16 04:00:00
4000654939,2025-01-17,2025-01-17 00:53:00,2025-01-17 01:46:00
4000654940,2025-01-17,2025-01-17 02:00:00,2025-01-17 03:00:00
4000654941,2025-01-10,2025-01-10 03:00:00,2025-01-10 04:00:00
4000654945,2025-01-18,2025-01-18 00:15:00,2025-01-18 01:30:00
4000654946,2025-01-18,2025-01-18 01:40:00,2025-01-18 02:30:00
4000654947,2025-01-12,2025-01-12 02:00:00,2025-01-12 03:00:00
4000654948,2025-01-19,2025-01-19 03:00:00,2025-01-19 04:00:00
4000654949,2025-01-22,2025-01-22 01:00:00,2025-01-22 02:00:00
4000654950,2025-01-20,2025-01-20 02:00:00,2025-01-20 03:00:00
4000655120,2024-12-10,2024-12-10 02:00:00,2024-12-10 03:00:00
4000655145,2024-12-12,2024-12-12 00:15:00,2024-12-12 01:30:00
4000655146,2024-12-12,2024-12-12 02:00:00,2024-12-12 03:00:00
4000655148,2024-12-13,2024-12-13 00:00:00,2024-12-13 01:30:00
4000655149,2024-12-12,2024-12-12 02:00:00,2024-12-12 03:00:00
4000655150,2024-12-13,2024-12-13 01:45:00,2024-12-13 02:00:00
4000655156,2024-12-16,2024-12-16 02:00:00,2024-12-16 03:00:00
4000655157,2024-12-16,2024-12-16 00:30:00,2024-12-16 01:30:00
4000655158,2024-12-17,2024-12-17 02:00:00,2024-12-17 03:00:00
4000655159,2024-12-17,2024-12-17 00:30:00,2024-12-17 01:30:00
4000655160,2024-12-17,2024-12-17 03:00:00,2024-12-17 04:00:00
4000655160,2024-12-24,2024-12-24 03:00:00,2024-12-24 04:00:00
4000655161,2024-12-18,2024-12-18 02:00:00,2024-12-18 03:00:00
4000655162,2024-12-18,2024-12-18 00:30:00,2024-12-18 01:30:00
4000655163,2024-12-19,2024-12-19 00:30:00,2024-12-19 01:30:00
4000655164,2024-12-19,2024-12-19 02:00:00,2024-12-19 03:00:00
4000655165,2024-12-19,2024-12-19 03:30:00,2024-12-19 04:30:00
4000655166,2024-12-20,2024-12-20 00:50:00,2024-12-20 01:48:00
4000655167,2024-12-20,2024-12-20 02:15:00,2024-12-20 15:07:00
4000655170,2024-12-21,2024-12-21 00:47:00,2024-12-21 09:26:00
4000655176,2024-12-23,2024-12-23 01:00:00,2024-12-23 02:00:00
4000655177,2024-12-24,2024-12-24 10:00:00,2024-12-24 02:00:00
4000655178,2024-12-24,2024-12-24 02:00:00,2024-12-24 03:00:00
4000655179,2025-12-31,2025-12-31 01:00:00,2025-12-31 02:00:00
4000655180,2024-12-25,2024-12-25 00:00:00,2024-12-25 00:00:00
4000655180,,,
4000655181,2025-01-01,2025-01-01 02:00:00,2025-01-01 03:00:00
4000655182,2024-12-26,2024-12-26 01:00:00,2024-12-26 02:00:00
4000655183,2024-12-26,2024-12-26 01:00:00,2024-12-26 02:00:00
4000655184,2025-01-02,2025-01-02 08:15:00,2025-01-02 04:15:00
4000655185,2024-12-27,2024-12-27 02:00:00,2024-12-27 03:00:00
4000655186,2024-12-27,2024-12-27 01:00:00,2024-12-27 02:00:00
4000655187,2025-01-03,2025-01-03 03:30:00,2025-01-03 04:30:00
4000655189,2025-01-04,2025-01-04 00:30:00,2025-01-04 01:30:00
4000655190,2025-01-04,2025-01-04 03:30:00,2025-01-04 04:30:00
4000655191,2025-01-05,2025-01-05 00:30:00,2025-01-05 01:30:00
4000655192,2025-01-05,2025-01-05 03:00:00,2025-01-05 04:00:00
4000655193,2024-12-30,2024-12-30 02:00:00,2024-12-30 03:20:00
4000655194,2024-12-30,2024-12-30 00:00:00,2024-12-30 01:45:00
4000655196,2025-12-31,2025-12-31 02:00:00,2025-12-31 03:00:00
4000655197,2025-01-07,2025-01-07 03:30:00,2025-01-07 03:44:00
4000655198,2025-01-21,2025-01-21 02:00:00,2025-01-21 03:00:00
4000655199,2025-01-21,2025-01-21 00:30:00,2025-01-21 01:30:00
4000655200,2025-01-14,2025-01-14 02:00:00,2025-01-14 03:00:00
4000655201,2025-01-22,2025-01-22 00:30:00,2025-01-22 01:30:00
4000655202,2025-01-22,2025-01-22 10:00:00,2025-01-22 02:00:00
4000655204,2025-01-23,2025-01-23 02:00:00,2025-01-23 03:00:00
4000655205,2025-01-23,2025-01-23 02:00:00,2025-01-23 03:00:00
4000655206,2025-01-24,2025-01-24 03:00:00,2025-01-24 04:00:00
4000655207,2025-01-24,2025-01-24 01:00:00,2025-01-24 02:00:00
4000655208,2025-01-24,2025-01-24 02:00:00,2025-01-24 03:00:00
4000655209,2025-01-25,2025-01-25 03:00:00,2025-01-25 04:00:00
4000655210,2025-01-25,2025-01-25 00:30:00,2025-01-25 01:30:00
4000655212,2025-01-26,2025-01-26 01:40:00,2025-01-26 02:20:00
4000655213,2025-01-24,2025-01-24 00:00:00,2025-01-24 01:45:00
4000655214,2025-01-27,2025-01-27 01:30:00,2025-01-27 02:30:00
4000655215,2025-01-27,2025-01-27 02:50:00,2025-01-27 03:50:00
4000655216,2025-01-28,2025-01-28 08:30:00,2025-01-28 09:30:00
4000655217,2025-01-28,2025-01-28 01:00:00,2025-01-28 02:00:00
4000655218,2025-01-28,2025-01-28 02:00:00,2025-01-28 03:00:00
4000655219,2025-01-29,2025-01-29 00:30:00,2025-01-29 01:30:00
4000655220,2025-01-29,2025-01-29 02:00:00,2025-01-29 03:00:00
4000655221,2025-01-30,2025-01-30 08:30:00,2025-01-30 09:30:00
4000655222,2025-01-30,2025-01-30 00:00:00,2025-01-30 01:00:00
4000655223,2025-01-31,2025-01-31 03:20:00,2025-01-31 04:30:00
4000655224,2025-01-31,2025-01-31 01:12:00,2025-01-31 02:10:00
4000655225,2025-01-31,2025-01-31 02:30:00,2025-01-31 03:30:00
4000655226,2025-02-01,2025-02-01 08:00:00,2025-02-01 04:00:00
4000655227,2025-02-01,2025-02-01 02:00:00,2025-02-01 03:00:00
4000655230,2025-02-02,2025-02-02 00:30:00,2025-02-02 01:30:00
4000655830,2025-02-08,2025-02-08 08:00:00,2025-02-08 09:00:00
4000655831,2025-02-08,2025-02-08 00:30:00,2025-02-08 01:30:00
4000655834,2025-02-09,2025-02-09 00:20:00,2025-02-09 01:20:00
4000655835,2025-02-10,2025-02-10 02:00:00,2025-02-10 02:00:00
4000655836,2025-02-10,2025-02-10 00:30:00,2025-02-10 01:30:00
4000655994,2025-02-11,2025-02-11 02:30:00,2025-02-11 03:23:00
4000655995,2025-02-11,2025-02-11 00:30:00,2025-02-11 01:30:00
4000655996,2025-02-11,2025-02-11 02:00:00,2025-02-11 03:00:00
4000656501,2025-02-12,2025-02-12 01:00:00,2025-02-12 02:00:00
4000656503,2025-02-13,2025-02-13 03:00:00,2025-02-13 04:00:00
4000656504,2025-02-13,2025-02-13 01:39:00,2025-02-13 02:49:00
4000656505,2025-02-13,2025-02-13 12:30:00,2025-02-13 02:00:00
4000657427,2025-02-14,2025-02-14 03:00:00,2025-02-14 04:00:00
4000657428,2025-02-14,2025-02-14 02:00:00,2025-02-14 03:00:00
4000657429,2025-02-14,2025-02-14 02:00:00,2025-02-14 14:00:00
4000657430,2025-02-15,2025-02-15 03:00:00,2025-02-15 04:00:00
4000657431,2025-02-15,2025-02-15 00:30:00,2025-02-15 01:30:00
4000657433,2025-02-09,2025-02-09 03:00:00,2025-02-09 04:00:00
4000657434,2025-02-16,2025-02-16 01:15:00,2025-02-16 14:10:00
4000657459,2025-02-17,2025-02-17 00:30:00,2025-02-17 01:30:00
4000657491,2025-02-17,2025-02-17 08:00:00,2025-02-17 08:00:00
4000657492,2025-02-18,2025-02-18 03:30:00,2025-02-18 04:30:00
4000657493,2025-02-18,2025-02-18 09:00:00,2025-02-18 10:00:00
4000657494,2025-02-18,2025-02-18 02:00:00,2025-02-18 03:00:00
4000657495,2025-02-19,2025-02-19 01:10:00,2025-02-19 02:10:00
4000657496,2025-02-19,2025-02-19 02:30:00,2025-02-19 03:30:00
4000657498,2025-02-20,2025-02-20 01:23:00,2025-02-20 02:34:00
4000657499,2025-02-20,2025-02-20 00:45:00,2025-02-20 01:30:00
4000657933,2025-02-21,2025-02-21 03:00:00,2025-02-21 04:00:00
4000657935,2025-02-21,2025-02-21 02:00:00,2025-02-21 03:00:00
4000657936,2025-02-21,2025-02-21 01:00:00,2025-02-21 02:00:00
4000658486,2025-02-22,2025-02-22 03:20:00,2025-02-22 04:30:00
4000658487,2025-02-22,2025-02-22 01:00:00,2025-02-22 02:00:00
4000658488,2025-02-22,2025-02-22 02:00:00,2025-02-22 02:00:00
4000658490,2025-02-23,2025-02-23 12:30:00,2025-02-23 01:30:00
4000658491,2025-02-24,2025-02-24 01:00:00,2025-02-24 02:00:00
4000658492,2025-02-24,2025-02-24 02:00:00,2025-02-24 03:00:00
4000659244,2025-02-25,2025-02-25 03:00:00,2025-02-25 04:00:00
4000659245,2025-02-25,2025-02-25 00:30:00,2025-02-25 01:30:00
4000659246,2025-02-25,2025-02-25 01:00:00,2025-02-25 02:00:00
4000659248,2025-02-26,2025-02-26 01:00:00,2025-02-26 02:00:00
4000659249,2025-02-26,2025-02-26 02:00:00,2025-02-26 03:00:00
4000659674,2025-02-27,2025-02-27 03:00:00,2025-02-27 03:30:00
4000659675,2025-02-27,2025-02-27 02:30:00,2025-02-27 03:30:00
4000659676,2025-02-27,2025-02-27 02:00:00,2025-02-27 02:30:00
4000659677,2025-02-28,2025-02-28 09:00:00,2025-02-28 15:30:00
4000659678,2025-02-28,2025-02-28 01:20:00,2025-02-28 02:30:00
4000659679,2025-02-28,2025-02-28 01:30:00,2025-02-28 02:30:00
4000660196,2025-03-01,2025-03-01 05:00:00,2025-03-01 04:00:00
4000660199,2025-03-02,2025-03-02 01:41:00,2025-03-02 02:45:00
4000660200,2025-03-02,2025-03-02 01:20:00,2025-03-02 01:50:00
4000660201,2025-03-03,2025-03-03 01:30:00,2025-03-03 02:30:00
4000660202,2025-03-03,2025-03-03 02:30:00,2025-03-03 03:45:00
4000660300,2025-03-04,2025-03-04 12:30:00,2025-03-04 01:30:00
4000660301,2025-03-04,2025-03-04 02:00:00,2025-03-04 03:00:00
4000660947,2025-03-05,2025-03-05 01:00:00,2025-03-05 02:00:00
4000660949,2025-02-26,2025-02-26 10:00:00,2025-02-26 02:00:00
4000660950,2025-03-06,2025-03-06 03:00:00,2025-03-06 03:30:00
4000660951,2025-03-06,2025-03-06 00:30:00,2025-03-06 01:00:00
4000660952,2025-03-06,2025-03-06 01:30:00,2025-03-06 02:00:00
4000662082,2025-03-07,2025-03-07 03:30:00,2025-03-07 04:30:00
4000662083,2025-03-07,2025-03-07 12:50:00,2025-03-07 01:50:00
4000662084,2025-03-07,2025-03-07 02:13:00,2025-03-07 03:20:00
4000662085,2025-03-08,2025-03-08 03:30:00,2025-03-08 04:30:00
4000662087,2025-03-08,2025-03-08 00:30:00,2025-03-08 01:30:00
4000662089,2025-03-09,2025-03-09 02:00:00,2025-03-09 03:00:00
4000662090,2025-03-09,2025-03-09 01:00:00,2025-03-09 02:00:00
4000662635,2025-03-11,2025-03-11 03:00:00,2025-03-11 04:00:00
4000663075,2025-03-13,2025-03-13 01:00:00,2025-03-13 02:00:00
4000663191,2025-03-14,2025-03-14 04:00:00,2025-03-14 16:00:00
4000663365,2025-03-15,2025-03-15 03:00:00,2025-03-15 04:00:00
4000663368,2025-03-16,,
4000663465,2025-03-17,2025-03-17 01:00:00,2025-03-17 02:00:00
4000663466,2025-03-17,2025-03-17 02:00:00,2025-03-17 03:00:00
4000663655,2025-03-18,2025-03-18 03:30:00,2025-03-18 04:30:00
4000663656,2025-03-18,2025-03-18 12:50:00,2025-03-18 01:55:00
4000663657,2025-03-18,2025-03-18 02:00:00,2025-03-18 03:00:00
4000663756,2025-03-19,2025-03-19 01:01:00,2025-03-19 02:06:00
4000663757,2025-03-19,2025-03-19 02:14:00,2025-03-19 03:17:00
4000664699,2025-03-21,2025-03-21 03:15:00,2025-03-21 04:15:00
4000664700,2025-03-21,2025-03-21 12:30:00,2025-03-21 01:30:00
4000665121,2025-03-21,2025-03-21 02:00:00,2025-03-21 03:00:00
4000665122,2025-03-20,2025-03-20 01:01:00,2025-03-20 02:59:00
4000665123,2025-03-20,2025-03-20 01:30:00,2025-03-20 02:30:00
4000665124,2025-03-22,2025-03-22 03:00:00,2025-03-22 04:00:00
4000665126,2025-03-15,2025-03-15 00:00:00,2025-03-15 08:15:00
4000665128,2025-03-23,2025-03-23 04:30:00,2025-03-23 04:50:00
4000665129,2025-03-23,2025-03-23 01:00:00,2025-03-23 02:00:00
4000665130,2025-03-24,2025-03-24 00:20:00,2025-03-24 01:30:00
4000665131,2025-03-24,2025-03-24 02:00:00,2025-03-24 03:00:00
4000665671,2025-03-25,2025-03-25 03:30:00,2025-03-25 04:30:00
4000665739,2025-03-25,2025-03-25 01:00:00,2025-03-25 02:00:00
4000665740,2025-03-25,2025-03-25 02:10:00,2025-03-25 03:12:00
4000665841,2025-03-26,2025-03-26 01:10:00,2025-03-26 02:10:00
4000665842,2025-03-26,2025-03-26 00:30:00,2025-03-26 01:30:00
4000666078,2025-03-27,2025-03-27 02:00:00,2025-03-27 07:00:00
4000666079,2025-03-27,2025-03-27 03:11:00,2025-03-27 04:15:00
4000666192,2025-03-28,2025-03-28 03:30:00,2025-03-28 04:30:00
4000666193,2025-03-28,2025-03-28 01:13:00,2025-03-28 02:09:00
4000666194,2025-03-28,2025-03-28 02:11:00,2025-03-28 03:01:00
4000666830,2025-03-29,2025-03-29 03:00:00,2025-03-29 04:00:00
4000666831,2025-03-29,2025-03-29 01:00:00,2025-03-29 02:00:00
4000666836,2025-03-30,2025-03-30 12:00:00,2025-03-30 01:30:00
4000666837,2025-03-31,,
4000666838,2025-03-31,2025-03-31 01:00:00,2025-03-31 02:00:00
4000667089,2025-04-01,2025-04-01 02:00:00,2025-04-01 03:00:00
4000667090,2025-04-01,2025-04-01 00:00:00,2025-04-01 01:00:00
4000667091,2025-04-01,2025-04-01 01:00:00,2025-04-01 02:00:00
4000667541,2025-04-02,2025-04-02 00:00:00,2025-04-02 01:00:00
4000667542,2025-04-02,2025-04-02 01:00:00,2025-04-02 02:00:00
4000667880,2025-04-03,2025-04-03 03:00:00,2025-04-03 04:00:00
4000667881,2025-04-03,2025-04-03 02:00:00,2025-04-03 03:00:00
4000667882,2025-04-03,2025-04-03 01:06:00,2025-04-03 02:00:00
4000668098,2025-04-04,2025-04-04 04:30:00,2025-04-04 04:40:00
4000668123,2025-04-04,2025-04-04 02:30:00,2025-04-04 03:30:00
4000668125,2025-04-04,2025-04-04 01:30:00,2025-04-04 02:30:00
4000669130,2025-04-05,2025-04-05 03:00:00,2025-04-05 04:00:00
4000669255,2025-04-06,2025-04-06 03:00:00,2025-04-06 04:00:00
4000669257,2025-04-06,2025-04-06 00:30:00,2025-04-06 01:30:00
4000669258,2025-04-07,2025-04-07 01:00:00,2025-04-07 02:00:00
4000669259,2025-04-07,2025-04-07 02:15:00,2025-04-07 03:15:00
4000669261,2025-04-08,2025-04-08 12:30:00,2025-04-08 01:30:00
4000669262,2025-04-08,2025-04-08 01:45:00,2025-04-08 03:00:00
4000669263,2025-04-08,2025-04-08 03:15:00,2025-04-08 04:30:00
4000669265,2025-04-09,2025-04-09 02:15:00,2025-04-09 03:30:00
4000669266,2025-04-09,2025-04-09 12:30:00,2025-04-09 02:00:00
4000669267,2025-04-10,2025-04-10 03:30:00,2025-04-10 04:40:00
4000669268,2025-04-10,2025-04-10 02:00:00,2025-04-10 03:00:00
4000669270,2025-04-10,2025-04-10 00:30:00,2025-04-10 01:30:00
4000669271,2025-04-11,2025-04-11 03:00:00,2025-04-11 04:00:00
4000669272,2025-04-11,2025-04-11 00:30:00,2025-04-11 01:30:00
4000669273,2025-04-11,2025-04-11 01:30:00,2025-04-11 02:30:00
4000669274,2025-04-12,2025-04-12 03:30:00,2025-04-12 04:40:00
4000669275,2025-04-12,2025-04-12 00:30:00,2025-04-12 01:30:00
4000669277,2025-04-13,2025-04-13 08:00:00,2025-04-13 04:30:00
4000669278,2025-04-13,2025-04-13 01:00:00,2025-04-13 02:00:00
4000669280,2025-04-14,2025-04-14 01:00:00,2025-04-14 02:10:00
4000669281,2025-04-14,2025-04-14 02:33:00,2025-04-14 03:56:00
4000669480,2025-04-15,2025-04-15 03:20:00,2025-04-15 03:43:00
4000669481,2025-04-15,2025-04-15 12:57:00,2025-04-15 01:51:00
4000669482,2025-04-15,2025-04-15 03:10:00,2025-04-15 04:50:00
4000669685,2025-04-16,2025-04-16 01:00:00,2025-04-16 02:00:00
4000669686,2025-04-16,2025-04-16 02:00:00,2025-04-16 03:00:00
4000669870,2025-04-17,2025-04-17 01:00:00,2025-04-17 02:00:00
4000669871,2025-04-17,2025-04-17 01:00:00,2025-04-17 02:00:00
4000669872,2025-04-17,2025-04-17 02:00:00,2025-04-17 03:00:00
4000670150,2025-04-18,2025-04-18 02:00:00,2025-04-18 03:00:00
4000670151,2025-04-18,2025-04-18 01:00:00,2025-04-18 21:00:00
4000670446,2025-04-19,2025-04-19 02:00:00,2025-04-19 03:00:00
4000670449,2025-04-20,2025-04-20 02:00:00,2025-04-20 03:00:00
4000670454,2025-04-20,2025-04-20 02:15:00,2025-04-20 03:00:00
4000670455,2025-04-21,2025-04-21 00:00:00,2025-04-21 01:00:00
4000670456,2025-04-21,2025-04-21 01:00:00,2025-04-21 02:00:00
4000670799,2025-04-22,2025-04-22 03:30:00,2025-04-22 04:40:00
4000671101,2025-04-22,2025-04-22 04:00:00,2025-04-22 05:00:00
4000671102,2025-04-22,2025-04-22 02:00:00,2025-04-22 03:00:00
4000671103,2025-04-23,2025-04-23 01:30:00,2025-04-23 02:00:00
4000671104,2025-04-23,2025-04-23 02:30:00,2025-04-23 15:00:00
4000671558,2025-04-24,2025-04-24 02:30:00,2025-04-24 15:30:00
4000671559,2025-04-24,2025-04-24 02:30:00,2025-04-24 03:00:00
4000671560,2025-04-24,2025-04-24 09:30:00,2025-04-24 01:30:00
4000671576,2025-04-25,2025-04-25 02:30:00,2025-04-25 03:30:00
4000671577,2025-04-25,2025-04-25 00:30:00,2025-04-25 01:45:00
4000671578,2025-04-25,2025-04-25 02:00:00,2025-04-25 03:00:00
4000672480,2025-04-26,2025-04-26 02:00:00,2025-04-26 03:00:00
4000672481,2025-04-26,2025-04-26 02:00:00,2025-04-26 03:00:00
4000672483,2025-04-27,2025-04-27 01:00:00,2025-04-27 01:30:00
4000672484,2025-04-27,2025-04-27 02:30:00,2025-04-27 02:30:00
4000672485,2025-04-28,2025-04-28 01:00:00,2025-04-28 02:00:00
4000672486,2025-04-28,2025-04-28 02:00:00,2025-04-28 03:00:00
4000672728,2025-04-29,2025-04-29 01:00:00,2025-04-29 01:30:00
4000672729,2025-04-29,2025-04-29 01:30:00,2025-04-29 02:30:00
4000672730,2025-04-29,2025-04-29 02:00:00,2025-04-29 03:00:00
4000672868,2025-04-16,2025-04-16 01:00:00,2025-04-16 04:00:00
4000672869,2025-04-30,2025-04-30 00:30:00,2025-04-30 01:30:00
4000672870,2025-04-30,2025-04-30 02:00:00,2025-04-30 03:00:00
4000672871,2025-04-22,2025-04-22 01:00:00,2025-04-22 04:00:00
4000672874,2025-04-17,2025-04-17 01:00:00,2025-04-17 04:00:00
4000672875,2025-04-18,2025-04-18 01:00:00,2025-04-18 04:00:00
4000672876,2025-04-19,2025-04-19 01:00:00,2025-04-19 04:00:00
4000672877,2025-04-20,2025-04-20 01:00:00,2025-04-20 04:00:00
4000672878,2025-04-21,2025-04-21 01:00:00,2025-04-21 04:00:00
4000672879,2025-04-23,2025-04-23 01:00:00,2025-04-23 04:00:00
4000673149,2025-04-24,2025-04-24 01:00:00,2025-04-24 04:00:00
4000673151,2025-04-25,2025-04-25 01:00:00,2025-04-25 04:00:00
4000673152,2025-04-26,2025-04-26 01:00:00,2025-04-26 04:00:00
4000673153,2025-05-01,2025-05-01 03:00:00,2025-05-01 04:00:00
4000673154,2025-05-01,2025-05-01 02:00:00,2025-05-01 03:00:00
4000673155,2025-05-01,2025-05-01 01:00:00,2025-05-01 02:00:00
4000673463,2025-05-02,2025-05-02 02:10:00,2025-05-02 05:15:00
4000673464,2025-05-02,2025-05-02 01:00:00,2025-05-02 02:00:00
4000673465,2025-05-02,2025-05-02 02:00:00,2025-05-02 03:00:00
4000673613,2025-05-03,2025-05-03 03:00:00,2025-05-03 04:00:00
4000673614,2025-05-03,2025-05-03 02:00:00,2025-05-03 14:30:00
4000673617,2025-05-05,2025-05-05 03:00:00,2025-05-05 04:00:00
4000673618,2025-05-04,2025-05-04 01:40:00,2025-05-04 02:20:00
4000673619,2025-05-05,2025-05-05 01:35:00,2025-05-05 02:35:00
4000673620,2025-05-05,2025-05-05 03:00:00,2025-05-05 04:00:00
4000673864,2025-05-06,2025-05-06 00:50:00,2025-05-06 01:50:00
4000673865,2025-05-06,2025-05-06 01:50:00,2025-05-06 02:50:00
4000673866,2025-05-06,2025-05-06 03:00:00,2025-05-06 04:00:00
4000673949,2025-04-15,2025-04-15 01:00:00,2025-04-15 04:00:00
4000675388,2025-05-01,2025-05-01 01:00:00,2025-05-01 04:00:00
4000675828,2025-04-14,2025-04-14 01:00:00,2025-04-14 04:00:00
4000676076,2025-05-07,2025-05-07 02:00:00,2025-05-07 03:00:00
4000676077,2025-05-07,2025-05-07 10:00:00,2025-05-07 02:00:00
4000676078,2025-05-08,2025-05-08 00:45:00,2025-05-08 01:45:00
4000676079,2025-05-08,2025-05-08 01:30:00,2025-05-08 02:30:00
4000676080,2025-05-08,2025-05-08 02:00:00,2025-05-08 03:00:00
4000676717,2025-05-09,2025-05-09 03:30:00,2025-05-09 04:40:00
4000676718,2025-05-09,2025-05-09 02:00:00,2025-05-09 03:00:00
4000676720,2025-05-09,2025-05-09 00:30:00,2025-05-09 01:30:00
4000676721,2025-05-10,2025-05-10 03:30:00,2025-05-10 04:40:00
4000676722,2025-05-10,2025-05-10 02:00:00,2025-05-10 03:00:00
4000676723,2025-05-10,2025-05-10 00:30:00,2025-05-10 01:30:00
4000676724,2025-05-11,2025-05-11 03:30:00,2025-05-11 04:40:00
4000676725,2025-05-11,2025-05-11 00:30:00,2025-05-11 01:30:00
4000676726,2025-05-12,2025-05-12 00:30:00,2025-05-12 01:30:00
4000676727,2025-05-12,2025-05-12 02:00:00,2025-05-12 03:00:00
4000676728,2025-05-13,2025-05-13 03:21:00,2025-05-13 03:56:00
4000676729,2025-05-13,2025-05-13 02:17:00,2025-05-13 03:01:00
4000676730,2025-05-13,2025-05-13 02:10:00,2025-05-13 02:41:00
4000676806,2025-05-14,2025-05-14 01:00:00,2025-05-14 02:00:00
4000676940,2025-05-14,2025-05-14 02:10:00,2025-05-14 03:55:00
4000678601,2025-05-15,2025-05-15 03:00:00,2025-05-15 03:30:00
4000678602,2025-05-15,2025-05-15 02:00:00,2025-05-15 03:00:00
4000678603,2025-05-15,2025-05-15 01:00:00,2025-05-15 02:00:00
4000678604,2025-05-16,2025-05-16 03:00:00,2025-05-16 04:00:00
4000678605,2025-05-16,2025-05-16 01:00:00,2025-05-16 02:00:00
4000678606,2025-05-16,2025-05-16 02:00:00,2025-05-16 03:00:00
4000678607,2025-05-17,2025-05-17 03:00:00,2025-05-17 04:00:00
4000678608,2025-05-17,2025-05-17 01:00:00,2025-05-17 02:00:00
4000678610,2025-05-18,2025-05-18 03:00:00,2025-05-18 04:00:00
4000678611,2025-05-18,2025-05-18 01:00:00,2025-05-18 02:00:00
4000678612,2025-05-19,2025-05-19 09:30:00,2025-05-19 03:30:00
4000678613,2025-05-19,2025-05-19 02:30:00,2025-05-19 03:30:00
4000678615,2025-05-16,2025-05-16 01:00:00,2025-05-16 04:00:00
4000678786,2025-05-20,2025-05-20 03:30:00,2025-05-20 04:30:00
4000678787,2025-05-20,2025-05-20 01:00:00,2025-05-20 02:00:00
4000678788,2025-05-20,2025-05-20 02:00:00,2025-05-20 07:00:00
4000679069,2025-05-15,2025-05-15 01:00:00,2025-05-15 04:00:00
4000679184,2025-05-22,2025-05-22 01:00:00,2025-05-22 03:45:00
4000679187,2025-05-21,2025-05-21 01:45:00,2025-05-21 02:15:00
4000679188,2025-05-21,2025-05-21 01:00:00,2025-05-21 01:30:00
4000679197,2025-05-22,2025-05-22 02:30:00,2025-05-22 03:30:00
4000679201,2025-05-22,2025-05-22 01:30:00,2025-05-22 02:45:00
4000679264,2025-05-02,2025-05-02 01:00:00,2025-05-02 04:00:00
4000680039,2025-05-23,2025-05-23 00:30:00,2025-05-23 01:30:00
4000680040,2025-05-23,2025-05-23 03:20:00,2025-05-23 04:20:00
4000680041,2025-05-23,2025-05-23 01:50:00,2025-05-23 02:50:00
4000680042,2025-05-24,2025-05-24 03:20:00,2025-05-24 04:30:00
4000680043,2025-05-24,2025-05-24 00:30:00,2025-05-24 14:00:00
4000680046,2025-05-25,2025-05-25 01:30:00,2025-05-25 02:30:00
4000680047,2025-05-25,2025-05-25 00:30:00,2025-05-25 01:30:00
4000680048,2025-05-26,2025-05-26 01:25:00,2025-05-26 02:25:00
4000680051,2025-05-26,2025-05-26 02:35:00,2025-05-26 03:35:00
4000680053,2025-05-27,2025-05-27 04:30:00,2025-05-27 04:30:00
4000680054,2025-05-27,2025-05-27 02:00:00,2025-05-27 03:00:00
4000680056,2025-05-27,2025-05-27 00:30:00,2025-05-27 01:30:00
4000680102,2025-04-01,2025-04-01 01:00:00,2025-04-01 04:00:00
4000680376,2025-05-28,2025-05-28 00:20:00,2025-05-28 01:30:00
4000680603,2025-05-28,2025-05-28 02:00:00,2025-05-28 03:00:00
4000680605,2025-05-29,2025-05-29 12:20:00,2025-05-29 01:30:00
4000680607,2025-05-29,2025-05-29 02:00:00,2025-05-29 03:00:00
4000680609,2025-05-29,2025-05-29 04:30:00,2025-05-29 04:50:00
4000680610,2025-05-30,2025-05-30 12:45:00,2025-05-30 01:57:00
4000680611,2025-05-30,2025-05-30 02:05:00,2025-05-30 03:10:00
4000680612,2025-05-30,,
4000680783,2025-01-06,2025-01-06 01:56:00,2025-01-06 01:56:00
4000680784,2025-05-31,2025-05-31 02:34:00,2025-05-31 02:51:00
4000680785,2025-05-31,2025-05-31 09:21:00,2025-05-31 09:11:00
4000680786,2025-06-01,2025-06-01 02:30:00,2025-06-01 03:30:00
4000680787,2025-06-02,2025-06-02 02:00:00,2025-06-02 03:00:00
4000680788,2025-06-02,2025-06-02 01:00:00,2025-06-02 02:00:00
4000680789,2025-06-03,2025-06-03 02:00:00,2025-06-03 03:00:00
4000680790,2025-06-03,2025-06-03 01:00:00,2025-06-03 02:00:00
4000680791,2025-06-03,2025-06-03 02:00:00,2025-06-03 03:00:00
4000680792,2025-06-04,2025-06-04 01:00:00,2025-06-04 02:00:00
4000680793,2025-06-04,2025-06-04 01:00:00,2025-06-04 02:00:00
4000680795,2025-06-05,2025-06-05 01:00:00,2025-06-05 02:00:00
4000680796,2025-06-05,2025-06-05 02:30:00,2025-06-05 03:30:00
4000680797,2025-06-05,2025-06-05 03:30:00,2025-06-05 04:50:00
4000680798,2025-06-06,2025-06-06 06:00:00,2025-06-06 20:00:00
4000680799,2025-06-06,2025-06-06 02:40:00,2025-06-06 02:00:00
4000680800,2025-06-06,,
4000681806,2025-04-02,2025-04-02 01:00:00,2025-04-02 04:00:00
4000681844,2025-04-15,2025-04-15 01:00:00,2025-04-15 04:00:00
4000681953,2025-06-01,2025-06-01 00:00:00,2025-06-01 04:00:00
4000682179,2025-06-07,2025-06-07 02:00:00,2025-06-07 03:00:00
4000683022,2025-06-08,2025-06-08 11:00:00,2025-06-08 14:00:00
4000683023,2025-06-08,2025-06-08 01:00:00,2025-06-08 02:00:00
4000683025,2025-06-09,2025-06-09 01:30:00,2025-06-09 02:00:00
4000683026,2025-06-09,2025-06-09 02:30:00,2025-06-09 03:00:00
4000683027,2025-06-10,2025-06-10 03:15:00,2025-06-10 04:15:00
4000683028,2025-06-10,2025-06-10 00:45:00,2025-06-10 01:45:00
4000683029,2025-06-10,2025-06-10 02:00:00,2025-06-10 03:00:00
4000683060,2025-06-11,2025-06-11 02:15:00,2025-06-11 03:15:00
4000683101,2025-06-11,2025-06-11 01:00:00,2025-06-11 02:00:00
4000683102,2025-06-12,2025-06-12 02:00:00,2025-06-12 03:00:00
4000683103,2025-06-12,2025-06-12 12:30:00,2025-06-12 01:30:00
4000683104,2025-06-12,2025-06-12 02:00:00,2025-06-12 03:30:00
4000683105,2025-06-13,2025-06-13 03:00:00,2025-06-13 04:00:00
4000683106,2025-06-13,2025-06-13 02:00:00,2025-06-13 09:50:00
4000683107,2025-06-13,2025-06-13 12:30:00,2025-06-13 01:30:00
4000683115,2025-04-16,2025-04-16 01:00:00,2025-04-16 04:00:00
4000685134,2025-06-15,2025-06-15 00:00:00,2025-06-15 04:00:00
4000685363,2025-06-15,2025-06-15 00:30:00,2025-06-15 01:30:00
4000685376,2025-06-20,2025-06-20 02:00:00,2025-06-20 03:00:00
4000686386,2025-06-16,2025-06-16 00:00:00,2025-06-16 04:00:00
4000690702,2025-07-14,2025-07-14 00:30:00,2025-07-14 01:30:00
4000690703,2025-07-14,2025-07-14 02:00:00,2025-07-14 03:00:00
4000690704,2025-07-15,,
4000690705,2025-07-15,2025-07-15 02:00:00,2025-07-15 03:00:00
4000690710,2025-07-17,2025-07-17 04:30:00,2025-07-17 04:40:00
4000690941,2025-07-26,2025-07-26 00:00:00,2025-07-26 04:00:00
4000693150,2025-07-29,2025-07-29 04:30:00,2025-07-29 04:30:00
4000609:301,2024-06-06,,
4000609:302,2024-06-07,,
4000609:308,2024-06-08,,
