work_order_no|notification_no|created_on|date_closed|station|system|sub_system|sub_sub_system|root_cause|remarks|check_system|check_sub_system|check_sub_sub_system|check_root_cause
4000448518|11901607|2022-01-02 02:13:16|2022-01-02 02:13:16||TPSS|AARU|Display Panel|Power supply failure|Incident Description: AARU trippedFailure: nan|True|True|True|True
4000445168|11896478|2022-01-15 06:04:29|2022-01-15 06:04:29|BFZ|Stinger|Front control panel|Others|Others|Incident Description: OCC : 0500hrs,OCC reported from OCC room,time distance graphs down signal T41,T47 and N44 need to give command manually.Failure: Time Distances Graphs|True|True|False|False
4000445166|11896848|2022-01-16 05:55:39|2022-01-16 05:55:39|HAH|UPS|40 KVA (Station)|Board|Capasitor burn, Power surge|Incident Description: OCC : 0546hrs, SO fuad at HAH reported PID timing problem at platfrom. informed S&C Sanusi already rectify by IT dept, system back to normal.reset the cisco switch at occ and station.Failure: PID|True|True|True|True
4000452440|11912924|2022-02-27 05:12:57|2022-02-27 05:12:57|HAH|TPSS|2000 kW Rectifier|Control System|Power supply failure, equipment faulty|Incident Description: OCC; 0453hrs, CE Javeed reported DCC - Train Control System signal D18 blinking red indication. S&C Fadli informed. already do troubleshoot and reapiring, the transfomer stepdown burnt, change new tranfomers, signal back to normal.Failure: DCC - Train Control System|True|True|True|True
4000452439|11913141|2022-02-28 08:42:29|2022-02-28 08:42:29|MKU|UPS|40 KVA (Station)|Cable|Insulation is cracked or brittle, Cable fault|Incident Description: OCC: 0841hrs, SO Suriyani reported, MKU CSO 2 Ext line u/s. Tech Shafie info. already check the cable, findout that the cable bite by rat, need to buy new cable 3mtr long.Failure: Ext line u/s|True|True|True|True
4000454634|11918824|2022-03-06 07:38:44|2022-03-06 07:38:44|HAH|Low Voltage|Front control panel|Others|Others|Incident Description: OCC: 0733hrs, HAH, SO Iman request to set PA volume in very low. S&C Azwan informed.  adjust the volume IPPA.as requested.Failure: PA volume|True|True|False|False
4000455272|11921496|2022-03-15 16:43:42|2022-03-15 16:43:42|HAH|TPSS|2000 kW Rectifier|Control System|Power supply failure, equipment faulty|Incident Description: OCC; 1625hrs, DCC Mawardi reported DCC - Train Control System PLC hang at Depot Control Centre. S&C informed.  restart the work station. system back to normal.Failure: DCC - Train Control System|True|True|True|True
4000464044|11944552|2022-05-03 07:38:47|2022-05-03 07:38:47|BFZ|UPS|Earthing|Others|Others|Incident Description: OCC: 0734hrs, Track UE (BAS) & UG (RAN) disturbed .Activated NTD to normalise. S&C informed. OCC do NTD track back to normal.Failure: Track disturb|True|True|False|False
4000453775|11918725|2022-05-03 07:15:27|2022-05-03 07:15:27|BFZ|Low Voltage|MSB|MCCB|Short circuits, MCCB trip|Incident Description: Busbar VoltageFailure: Track disturb|True|True|True|True
4000453776|11918760|2022-05-03 12:13:52|2022-05-03 12:13:52|SSZ|TPSS|750 VDC Switchgear|Feeder 1|Protection relay faulty, Protection tripping|Incident Description: TPSS earth panel -ve (v)Failure: Track disturb|True|True|True|True
4000465234|11946697|2022-05-13 07:27:24|2022-05-13 07:27:24|MAH|TPSS|2000 kW Rectifier|Control System|Power supply failure, equipment faulty|Incident Description: occ; 0705hrs, SO Nisa reported PA system at MAH unserviceable. S&C Azim informed. tech reset IPPA and NAC , PA back to normal.Failure: PA system|True|True|True|True
4000465232|11947317|2022-05-15 06:47:34|2022-05-15 06:47:34|MAH|UPS|40 KVA (Station)|Board|Capasitor burn, Power surge|Incident Description: OCC : 0645hrs,Azlan SO reported from MAH station,PA IPPA at CSO 1 not function. IPPA panel blank,switch off power for hard reset equipment, after 10 minutes power up the IPPA , back to normal.Failure: PA U/S|True|True|True|True
4000472278|11962551|2022-06-19 20:52:15|2022-06-19 20:52:15|BFZ|Generator Set|Earthing|Others|Others|Incident Description: OCC: 2048hrs, Track disturb DT & DR . NTD in progress. train having problem with the tag T25.no alram, NTD track bak to normal.Failure: Track disturb|True|True|False|False
4000472588|11963251|2022-06-21 13:26:55|2022-06-21 13:26:55|HAH|TPSS|AARU|Power Supply|Power tripping|Incident Description: OCC: 1314hrs,MR Muru reported PIS both platform unserviceable at HAH station.Informed S&C Fahdul. the power supply trip, reset the back power supply.Failure: PIS|True|True|True|True
4000475921|11972898|2022-07-07 08:11:13|2022-07-07 08:11:13|CIT|Low Voltage|Front control panel|Others|Others|Incident Description: OCC: 0805hrs, RSV 29 triggered track disturb at track DC & DA upon departing CIT/Dn. NTD activated. T29 having problem with the tag reader, after NTD track back to normal.Failure: Track disturb|True|True|False|False
4000477859|11975396|2022-07-16 09:58:21|2022-07-16 09:58:21|BFZ|TPSS|Earthing|Others|Others|Incident Description: OCC: 0947Hrs. RSV29 depart TUN/Dn, DW & DY track disturb. No alarm appear, NTD in progress. T29 having problem with the tag reader, after NTD track back to normaFailure: Track disturb|True|True|False|False
4000478650|11978484|2022-07-25 06:52:36|2022-07-25 06:52:36|BFZ|TPSS|Internal Wiring & Control|Others|Others|Incident Description: OCC: Depot at time 0650hrs, Reported by Jaweed DT 14 track disturb and unable to NTD. Amir informed. tech reset media converter, NTD back to normal. track normliseFailure: Track disturb.|True|True|False|False
4000485152|11987613|2022-08-11 22:20:38|2022-08-11 22:20:38|BNG|TPSS|2000 kW Rectifier|Control System|Power supply failure, equipment faulty|Incident Description: occ; 2218hrs, SO Farahin from BNG reported PA announcement from OCC coming not clear & slow. S&C Zulkarnain informed. reset the NAC server , system back to normal.Failure: IPPA|True|True|True|True
4000481621|11987614|2022-08-11 22:23:44|2022-08-11 22:23:44|MAH|TPSS|2000 kW Rectifier|Control System|Power supply failure, equipment faulty|Incident Description: occ; 2218hrs, SO Hafis from BNG reported PA annoncement from OCC coming not clear & slow. S&C Zulkarnain informed. local annoucement ok but from OCC slow volume, IT team already rectify the problem, system back to normal.Failure: IPPA|True|True|True|True
4000482076|11988027|2022-08-12 22:22:55|2022-08-12 22:22:55|BFZ|UPS|40 KVA (Station)|Board|Capasitor burn, Power surge|Incident Description: OCC: PA Annoouncement test from OCC,2223hrs 12/8/2022 all station OK except BNG low volume. MAH, BAS & MKU not working.Informed S&C Amin. local annoucement ok but from OCC slow volume, IT team already rectify the problem, system back to normal.Failure: PA Announcement|True|True|True|True
4000482075|11988256|2022-08-13 22:10:38|2022-08-13 22:10:38|MAH|UPS|Front control panel|Others|Others|Incident Description: 2210hrs, SO Hafizah reported PA U/S at MAH. S&C Zulkarnain informed. reset the IPPA, test , IPPA back to normal.Failure: PA|True|True|False|False
4000482073|11988503|2022-08-14 17:23:04|2022-08-14 17:23:04|MAH|TPSS|2000 kW Rectifier|Control System|Power supply failure, equipment faulty|Incident Description: OCC: 1719hrs,SM Azian reported help point platform 2 unserviceable.Informed WEES Shafie. reset the IPPA, system back to normal.Failure: help point|True|True|True|True
4000483116|11989622|2022-08-17 11:24:46|2022-08-17 11:24:46|TUN|UPS|40 KVA (Station)|Board|Capasitor burn, Power surge|Incident Description: OCC; 1120hrs, OCC request to download CCVTV view at platform 1 Station Tun Sambanthan, time from 1050hrs to 1110hrs. S&C Azim ack. download complete.DoneFailure: download CCVTV view|True|True|True|True
4000483115|11990011|2022-08-18 10:35:43|2022-08-18 10:35:43|MAH|UPS|40 KVA (Station)|Board|Capasitor burn, Power surge|Incident Description: OCC; 1023hrs, SO Aidil reported PA Announcement intermittent at CSO1 Station Maharajalela. S&C Amin informed. the IPPA bring back to IT dept to rectify the problem.Failure: PA Announcement|True|True|True|True
4000483948|11991359|2022-08-22 12:18:17|2022-08-22 12:18:17|KLS|Low Voltage|Earthing|Others|Others|Incident Description: OCC: 1130hrs, SO Fatin reported, KLS live PA from OCC is unreadable. Tech Zul info. NEC hang , reset back to normal.Failure: Live PA unreadable|True|True|False|False
4000483948|11991610|2022-08-23 02:17:05|2022-08-23 02:17:05|KLS|UPS|Earthing|Others|Others|Incident Description: OCC: Reported by OCC,0215hrs,SW 3 test swing switch always stuck when first command is given.Informed S&C Rohaizan. not related to WEES, WEES just assist TNMFailure: Switch unknown postion|True|True|False|False
4000483948|11991812|2022-08-24 04:51:19|2022-08-24 04:51:19|KLS|Load Break Switch|Earthing|Others|Others|Incident Description: OCC: 0425hrs, Switch 7 & 8 power loss unable to move, Chargeman Tholib informed. not related to WEES, tech just assist TNM.Failure: Switch 7 & 8|True|True|False|False
4000484652|11992115|2022-08-24 22:41:44|2022-08-24 22:41:44|BNG|TPSS|2000 kW Rectifier|Control System|Power supply failure, equipment faulty|Incident Description: OCC; 2211hrs, SO Hafis reported PA live from OCC unclear(level C-bad) at Bukit Bintang. S&C Zulkarinain informed. reset NEC switch PA system back to normal.Failure: PA live|True|True|True|True
4000484653|11992112|2022-08-24 22:36:20|2022-08-24 22:36:20|MAH|UPS|40 KVA (Station)|Board|Capasitor burn, Power surge|Incident Description: OCC; 2211hrs, SO Teh Fatimah reported PA live from OCC unclear(level C-bad) at Station Maharajalela. S&C Zulkarinain informed. reset NEC switch PA system back to normal.Failure: PA live|True|True|True|True
4000486417|11998657|2022-09-02 11:44:09|2022-09-02 11:44:09|BNG|UPS|40 KVA (Station)|Board|Capasitor burn, Power surge|Incident Description: OCC: 1135hrs, SO Nofal rported, BNG live station PA and from OCC volume slow (readable but soft). Tech Sanusi info. tech reset NAC test,and back to normal.Failure: Live PA volume|True|True|True|True
4000487621|12001416|2022-09-12 19:18:42|2022-09-12 19:18:42|BFZ|UPS|Earthing|Others|Others|Incident Description: OCC: 1901hrs. RSV27 depart TUN/Dn, DW & DY track disturb & IBI/Dn DR & DN. No alarm appear, NTD in progress. 1912hrs, After validated, track back to normal. OCC do NTD .Failure: Track disturb|True|True|False|False
4000503581|12041027|2022-09-12 15:05:52|2022-09-12 15:05:52|BFZ|Generator Set|BLRP|Others|Others|Incident Description: Genset Diesel Fuel Re-fillFailure: Track disturb|True|True|False|False
4000506266|12040708|2022-09-12 05:58:02|2022-09-12 05:58:02|BFZ|Low Voltage|MSB|MCCB|Short circuits, MCCB trip|Incident Description: 750VDC Busbar voltageFailure: Track disturb|True|True|True|True
4000489324|12004018|2022-09-19 10:53:16|2022-09-19 10:53:16|KLS|TPSS|2000 kW Rectifier|Control System|Power supply failure, equipment faulty|Incident Description: OCC: Reported by SO Aiman,1049hrs,KLS,Both help point u/s.Informed S&C Amin. the system hang, after hard reset , system back to normal.Failure: Help point|True|True|True|True
4000489325|12004019|2022-09-19 10:54:37|2022-09-19 10:54:37|BNG|TPSS|2000 kW Rectifier|Control System|Power supply failure, equipment faulty|Incident Description: OCC: Reported by OCC,1042hrs,BNG,PA live from OCC not working.Informed S&C Amin. reset the NAC system back to normal.Failure: PA|True|True|True|True
4000489322|12004627|2022-09-20 12:35:21|2022-09-20 12:35:21|HAH|Low Voltage|40 KVA (OCC)|Others|Others|Incident Description: OCC: 1231hrs, Help point platform 1 unserviceable, reported by Yasrul. reset IPPA, test help point A/B , back to normal.Failure: Help point|True|True|False|False
4000491609|12007388|2022-09-28 16:29:39|2022-09-28 16:29:39|TSZ|UPS|40 KVA (Station)|Board|Capasitor burn, Power surge|Incident Description: OCC: 1614hrs, TSA CSO 2, Khairul reported 1 unit IPPA unserviceable. S&C Amer informed sent to IT dept for rectify. already return to station after fectify by IT dept 0n 4 Oct 22.IPPA back to normal.Failure: IPPA|True|True|True|True
4000491708|12011966|2022-10-01 12:08:18|2022-10-01 12:08:18|TUN|UPS|40 KVA (Station)|Display Panel|power supply failure, Display panel faulty|Incident Description: OCC: 1205hrs, SO Farahin reported, TUN platform 2 IPPA PID display u/s. Tech Rohaizan/Shahrir info. PID already dismantle for repair, we already try to find vendor to repair, still waiting reply.Failure: IPPA PID display u/s|True|True|True|True
4000492059|12013126|2022-10-04 17:56:22|2022-10-04 17:56:22|BFZ|Low Voltage|Earthing|Others|Others|Incident Description: OCC: 1552Hrs. Track DW & DY track disturb w/o alarm and NTD in progress.  OCC do NTD, after NTD track validate and back to normal.Failure: Track disturb|True|True|False|False
4000491709|12012920|2022-10-04 08:04:45|2022-10-04 08:04:45|BFZ|Low Voltage|Front control panel|Others|Others|Incident Description: OCC: 0748Hrs. Track DL, DJ disturb w/o alarm and NTD in progress.0801Hrs. Track back to normal upon NTD.S&C Amin ack.  OCC do NTD, after NTD track validate and back to normal.Failure: Track disturb|True|True|False|False
4000492058|12013213|2022-10-05 07:56:13|2022-10-05 07:56:13|BFZ|Low Voltage|Earthing|Others|Others|Incident Description: occ; 0741Hrs, Track DL, DJ disturb without alarm.  OCC do NTD, after NTD track validate and back to normal.Failure: Track disturb|True|True|False|False
4000492232|12013829|2022-10-07 07:36:17|2022-10-07 07:36:17|KLS|TPSS|2000 kW Rectifier|Control System|Power supply failure, equipment faulty|Incident Description: OCC; 0733hrs KLS, SM Azian reported 1 unit help point unserviceable at platform 1. S&C Azwan advised tech reset NAC , system back to normal.Failure: Help point|True|True|True|True
4000493275|12015742|2022-10-14 10:33:12|2022-10-14 10:33:12|MKU|TPSS|Front control panel|Others|Others|Incident Description: OCC; 1025hrs MKU, Hafizi reported 1 unit help point unserviceable at platform 1. S&C Rohaizan informed bring back to depoh for further repair, currenctly p/f 1 help point working as normal after repair. still troubleshoot for p/f 2. send to vendor R2p for further checkFailure: Help point|True|True|False|False
4000493276|12015745|2022-10-14 10:38:27|2022-10-14 10:38:27|RAN|UPS|AARU|Others|Others|Incident Description: OCC; 1025hrs RAN, Hanafi reported 1 unit help point unserviceable at platform 1. S&C Rohaizan informed bring back to depoh for further repair, after troubleshoot and repair done . both help point working normally.Failure: Help point|True|True|False|False
4000494449|12017441|2022-10-19 06:40:26|2022-10-19 06:40:26|BNG|UPS|40 KVA (Station)|Board|Capasitor burn, Power surge|Incident Description: OCC; 0638hrs, SM Faisal reported Help point unserviceable at platform 2, Station Bukit Bintang. tech reboot NAC, after reboot system back to normal.Failure: Help point|True|True|True|True
4000495195|12017959|2022-10-20 10:43:00|2022-10-20 10:43:00|BFZ|UPS|40 KVA (Station)|Cable|Insulation is cracked or brittle, Cable fault|Incident Description: OCC: 1035hrs, IPPA at OCC unserviceable, Azim informed. cable RJ45 behind the IPPA loose, connect it back properly. back to normal.Failure: IPPA|True|True|True|True
4000495496|12019543|2022-10-25 22:42:52|2022-10-25 22:42:52|BNG|UPS|40 KVA (Station)|Board|Capasitor burn, Power surge|Incident Description: OCC: BNG Station time 2230hrs, Reported by SO Fuad live PA volume from OCC very slow level C. Hazim informed. after reset the NAC IPPA volume back to normal.Failure: PA volume level C|True|True|True|True
4000495864|12020227|2022-10-28 08:46:59|2022-10-28 08:46:59|BFZ|TPSS|2000 kW Rectifier|Control System|Power supply failure, equipment faulty|Incident Description: OCC: 0839Hrs. Track disturb DJ alarm track section DJ out of control. NTD in progress. intermittent , tech ping to all tdu, all tdu respone.no fault founFailure: track disturb|True|True|True|True
4000497388|12025674|2022-11-02 16:00:11|2022-11-02 16:00:11|MKU|UPS|40 KVA (Station)|Board|Capasitor burn, Power surge|Incident Description: OCC: MKU Station time 1540hrs, Reported by SO Yasrul PA system at platform produce noisy sound. Razif informed. Tech reset NAC , PA back to normal.Failure: PA System|True|True|True|True
4000497389|12025688|2022-11-02 17:01:15|2022-11-02 17:01:15|BFZ|TPSS|2000 kW Rectifier|Control System|Power supply failure, equipment faulty|Incident Description: OCC: 0917Hrs. Track disturb DY & DW, Location at TUN/Dn. Rohaizan informed. NTD by OCC after train validate the track, system back to normal.Failure: Track disturb|True|True|True|True
4000497392|12025571|2022-11-02 09:33:29|2022-11-02 09:33:29|BFZ|TPSS|2000 kW Rectifier|Control System|Power supply failure, equipment faulty|Incident Description: OCC: 0849Hrs. Track disturb DW & DT, Location at SSZ/Dn. Rohaizan informed. NTD by OCC after train validate the track, system back to normal.Failure: Track disturb|True|True|True|True
4000502606|12026191|2022-11-03 22:06:24|2022-11-03 22:06:24|IBI|TPSS|2000 kW Rectifier|Control System|Power supply failure, equipment faulty|Incident Description: OCC: 2204hrs, IBI, SO Farahin reported help point at Platform 1 unservicesble. S&C Razif informed. reset NAC system back to normal.Failure: Help point us|True|True|True|True
4000498133|12027610|2022-11-09 09:33:45|2022-11-09 09:33:45|KLS|UPS|Front control panel|Others|Others|Incident Description: OCC : 0927hrs, SO Hafis reported IPPA Help point sound slow at platfrom. S&C Zul informed. already adjust the volume at NAC .Failure: IPPA Help Point|True|True|False|False
4000500646|12028994|2022-11-13 19:31:50|2022-11-13 19:31:50|BFZ|TPSS|Front control panel|Others|Others|Incident Description: OCC: 1920hrs, UC & UE track disturb while RSV 23 passing that area. After NTD track status back to normal. S&C Amir informed. tech ping to TDU, all normal. NTD track back to normal.Failure: Track disturb|True|True|False|False
4000500653|12030845|2022-11-17 20:39:22|2022-11-17 20:39:22|BNG|Blue Light System|Front control panel|Others|Others|Incident Description: OCC: 2035hrs SO Sidik reported PA BNG not clear informed Shafie S&C.  reset NAC , IPPA back to normal.Failure: PA announcement|True|True|False|False
4000503233|12040186|2022-12-07 08:07:33|2022-12-07 08:07:33|BAS|UPS|Front control panel|Others|Others|Incident Description: OCC: 0751hrs, BAS, SO Fadzil reported IPPA slow. Azwan informed.  reset NAC , sound back to normal.Failure: IPPA|True|True|False|False
4000505193|12044213|2022-12-16 15:23:27|2022-12-16 15:23:27|BFZ|TPSS|Front control panel|Others|Others|Incident Description: OCC: 1515hrs, RAN, from SO Fatin PS live test unreadable. S&C Fadhul informed. reset IPPA , after reset IPPA back to normal.Failure: PA live|True|True|False|False
4000505192|12044325|2022-12-17 05:57:19|2022-12-17 05:57:19|BFZ|Load Break Switch|Front control panel|Control Switches|Unstable control power supply 110VDC / incoming supply 240VAC|Incident Description: OCC: Status Switch 2 TSA degraded and Switch movement control by TNM tech by Local/Fallback panel. TNM and S&C tech acknowledged. still under monitoring from S&C and TNM. 2 night ina row doing troubleshooting still the same. SW2 titwangsa back to normal. check by TNM team and S&C team. change relays.Failure: Switch 2 TSA degraded|True|True|True|True
4000508044|12046693|2022-12-22 16:33:26|2022-12-22 16:33:26|BFZ|TPSS|2000 kW Rectifier|Control System|Power supply failure, equipment faulty|Incident Description: OCC: 1315hrs,Switch 2 degraded and unable to move by remote with alarm Switch 100 out of control. After take Individual control, SPA and move manually switch 2 back to normal. keep monitoring the situation, SnC standby at site during operation hours.Failure: Switch 2|True|True|True|True
4000508045|12046578|2022-12-22 09:31:31|2022-12-22 09:31:31|BFZ|TPSS|2000 kW Rectifier|Control System|Power supply failure, equipment faulty|Incident Description: OCC: 0907hrs,Switch 3 degraded and unable to move by remote with alarm Switch 101 out of control in order. After take local control, SPA and move manually switch 3 back to normal. keep monitoring the situation, SnC standby at site during operation hours.Failure: Switch 3|True|True|True|True
4000508033|12048363|2022-12-26 19:00:59|2022-12-26 19:00:59|BFZ|Low Voltage|Front control panel|Others|Others|Incident Description: OCC: 1746hrs, track DW & DY disturb while RSV 21 departing TUN towards TSA. NTD in progress to validate the tracks. Train 21 missing count TAG , cause track became invalid. after NTD track back to normal.Failure: Track disturb|True|True|False|False
4000508029|12050012|2022-12-30 06:42:39|2022-12-30 06:42:39|BFZ|TPSS|2000 kW Rectifier|Control System|Power supply failure, equipment faulty|Incident Description: OCC: 0641hrs,IPPA at OCC unserviceable.Informed S&C Shahril. reset IPPA at OCC, system back to normal.Failure: IPPA|True|True|True|True
4000508030|12050165|2022-12-30 07:56:06|2022-12-30 07:56:06|BFZ|UPS|40 KVA (Station)|Board|Capasitor burn, Power surge|Incident Description: OCC: 0724hrs, IPPA OCC Status Down and Info station PIS unable to edit. Troubleshoot in progress by S&C. this already resolve byhIT team Hafiz and NazariFailure: IPPA u/s|True|True|True|True
4000466051|11946548|2022-01-01 01:14:50|2022-01-01 01:14:50|BFZ|TPSS|MSB|Others|Others|Incident Description: spotlight usFailure: IPPA u/s|True|True|False|False
4000466044|11935264|2022-01-01 17:07:16|2022-01-01 17:07:16|SSZ|TPSS|AARU|Others|Others|Incident Description: Fire alarm panel triggeredFailure: IPPA u/s|True|True|False|False
4000466061|11947314|2022-01-01 02:27:06|2022-01-01 02:27:06|HAH|TPSS|MSB|Others|Others|Incident Description: Main fire alarm panelFailure: IPPA u/s|True|True|False|False
4000466064|11948343|2022-01-01 09:14:21|2022-01-01 09:14:21|HAH|TPSS|AARU|Display Panel|Power supply failure|Incident Description: TNB supply failFailure: IPPA u/s|True|True|True|True
4000466959|11948903|2022-01-01 05:07:57|2022-01-01 05:07:57|HAH|TPSS|750 VDC Switchgear|Feeder 1|Protection relay faulty, Protection tripping|Incident Description: 750 vdcFailure: IPPA u/s|True|True|True|True
4000456710|11923190|2022-01-01 17:50:14|2022-01-01 17:50:14|HAH|Generator Set|Volvo 100kVa|Battery|Charger card failure, power supply failure, Battery faulty|Incident Description: Power lossFailure: IPPA u/s|True|True|True|True
4000466047|11937562|2022-01-01 05:53:28|2022-01-01 05:53:28|HAH|Low Voltage|MSB|MCCB|Short circuits, MCCB trip|Incident Description: Busbar voltage exceeededFailure: IPPA u/s|True|True|True|True
4000466049|11939515|2022-01-01 10:54:57|2022-01-01 10:54:57|CIT|TPSS|2000 kW Rectifier|Main Power Conversion|Overcurrent,DC short circuit|Incident Description: Emergency main power failFailure: IPPA u/s|True|True|True|True
4000508533|12055372|2023-01-03 22:13:45|2023-01-03 22:13:45|CIT|TPSS|2000 kW Rectifier|Control System|Power supply failure, equipment faulty|Incident Description: SW 2 out of controlFailure: IPPA u/s|True|True|True|True
4000508530|12055403|2023-01-04 05:55:09|2023-01-04 05:55:09|CIT|TPSS|MSB|Others|Others|Incident Description: Track disturbFailure: IPPA u/s|True|True|False|False
4000508529|12055863|2023-01-05 15:39:42|2023-01-05 15:39:42|CIT|UPS|40 KVA (Station)|Cable|Insulation is cracked or brittle, Cable fault|Incident Description: Cable trunkingFailure: IPPA u/s|True|True|True|True
4000508923|12055697|2023-01-05 06:49:25|2023-01-05 06:49:25|CIT|UPS|MSB|Others|Others|Incident Description: Busbar volt exceededFailure: IPPA u/s|True|True|False|False
4000508596|12056309|2023-01-06 18:39:26|2023-01-06 18:39:26|BFZ|UPS|40 KVA (Station)|Board|Capasitor burn, Power surge|Incident Description: ELECTCOMS Work stationFailure: IPPA u/s|True|True|True|True
4000508952|12056400|2023-01-06 23:35:48|2023-01-06 23:35:48|BFZ|TPSS|MSB|Others|Others|Incident Description: Track disturbFailure: IPPA u/s|True|True|False|False
4000508527|12056162|2023-01-06 08:51:56|2023-01-06 08:51:56|BFZ|TPSS|MSB|Others|Others|Incident Description: TRACK DISTURBFailure: IPPA u/s|True|True|False|False
4000508526|12056204|2023-01-06 10:22:29|2023-01-06 10:22:29|BFZ|TPSS|MSB|Others|Others|Incident Description: signalling invalidFailure: IPPA u/s|True|True|False|False
4000508528|12056212|2023-01-06 10:47:02|2023-01-06 10:47:02|BFZ|TPSS|MSB|Others|Others|Incident Description: TRACK DISTURBFailure: IPPA u/s|True|True|False|False
4000508947|12056816|2023-01-08 15:26:33|2023-01-08 15:26:33|BFZ|TPSS|MSB|Others|Others|Incident Description: Track disturbFailure: IPPA u/s|True|True|False|False
4000508948|12056818|2023-01-08 16:04:24|2023-01-08 16:04:24|BFZ|TPSS|MSB|Others|Others|Incident Description: Track disturbFailure: IPPA u/s|True|True|False|False
4000508949|12056642|2023-01-08 06:05:21|2023-01-08 06:05:21|BFZ|Stinger|MSB|Others|Others|Incident Description: singnallingFailure: IPPA u/s|True|True|False|False
4000508950|12056814|2023-01-08 14:56:53|2023-01-08 14:56:53|BFZ|TPSS|MSB|Others|Others|Incident Description: Track disturbFailure: IPPA u/s|True|True|False|False
4000545953|12149627|2023-01-08 16:31:21|2023-01-08 16:31:21|BFZ|Low Voltage|10 KVA (TPSS SSZ)|Others|Others|Incident Description: Spotlight dangling at SW8Failure: IPPA u/s|True|True|False|False
4000547651|12149673|2023-01-08 20:14:29|2023-01-08 20:14:29|MAH|TPSS|BLRP|Others|Others|Incident Description: Lamp trippedFailure: IPPA u/s|True|True|False|False
4000509041|12057311|2023-01-09 18:37:32|2023-01-09 18:37:32|MAH|Generator Set|Volvo 100kVa|Battery|Charger card failure, power supply failure, Battery faulty|Incident Description: Switch failureFailure: IPPA u/s|True|True|True|True
4000509409|12057672|2023-01-10 17:09:19|2023-01-10 17:09:19|BFZ|Generator Set|Volvo 100kVa|Battery|Charger card failure, power supply failure, Battery faulty|Incident Description: tag failureFailure: IPPA u/s|True|True|True|True
4000509507|12057965|2023-01-11 20:19:07|2023-01-11 20:19:07|BFZ|Low Voltage|Front control panel|Others|Others|Incident Description: SW 100 failedFailure: IPPA u/s|True|True|False|False
4000509413|12057775|2023-01-11 07:12:59|2023-01-11 07:12:59|BFZ|Low Voltage|Front control panel|Others|Others|Incident Description: SW 100 failedFailure: IPPA u/s|True|True|False|False
4000509663|12058309|2023-01-12 23:57:04|2023-01-12 23:57:04|HAH|TPSS|AARU|Power Supply|Power tripping|Incident Description: Power trippedFailure: IPPA u/s|True|True|True|True
4000570293|12206655|2023-01-12 20:11:56|2023-01-12 20:11:56|IBI|Low Voltage|BLRP|Others|Others|Incident Description: 6 unit flourescent unerviceableFailure: IPPA u/s|True|True|False|False
4000570290|12206417|2023-01-12 08:48:32|2023-01-12 08:48:32|TUN|TPSS|BLRP|Others|Others|Incident Description: Fan TrippedFailure: IPPA u/s|True|True|False|False
4000510811|12058677|2023-01-13 18:20:30|2023-01-13 18:20:30|BFZ|Low Voltage|30 KVA (DCC)|Others|Others|Incident Description: Signal T33Failure: IPPA u/s|True|True|False|False
4000510809|12059465|2023-01-16 09:45:24|2023-01-16 09:45:24|BFZ|Low Voltage|30 KVA (DCC)|Others|Others|Incident Description: SW2 blinking redFailure: IPPA u/s|True|True|False|False
4000511007|12060571|2023-01-18 20:09:30|2023-01-18 20:09:30|BFZ|TPSS|Earthing|Others|Others|Incident Description: track disturbFailure: IPPA u/s|True|True|False|False
4000511202|12061205|2023-01-20 06:13:31|2023-01-20 06:13:31|BFZ|Low Voltage|MSB|Others|Others|Incident Description: Track invalidFailure: IPPA u/s|True|True|False|False
4000513798|12061286|2023-01-20 11:45:29|2023-01-20 11:45:29|TUN|Generator Set|Volvo 100kVa|Battery|Charger card failure, power supply failure, Battery faulty|Incident Description: TNB supplyFailure: IPPA u/s|True|True|True|True
4000511698|12061719|2023-01-23 04:25:17|2023-01-23 04:25:17|BFZ|TPSS|MSB|Others|Others|Incident Description: Track disturbFailure: IPPA u/s|True|True|False|False
4000512028|12062692|2023-01-26 07:37:01|2023-01-26 07:37:01|BFZ|Load Break Switch|Front control panel|Control Switches|Unstable control power supply 110VDC / incoming supply 240VAC|Incident Description: Switch 2Failure: IPPA u/s|True|True|True|True
4000512029|12062665|2023-01-26 05:13:34|2023-01-26 05:13:34|BFZ|TPSS|Switch - Disconnectors (LMS)|Others|Others|Incident Description: Loss commsFailure: IPPA u/s|True|True|False|False
4000513762|12064125|2023-01-31 02:06:19|2023-01-31 02:06:19|BFZ|TPSS|MSB|Others|Others|Incident Description: lost comFailure: IPPA u/s|True|True|False|False
4000513766|12068264|2023-02-01 10:51:31|2023-02-01 10:51:31|BFZ|TPSS|MSB|Others|Others|Incident Description: Request new camera or usedFailure: IPPA u/s|True|True|False|False
4000513768|12068968|2023-02-02 11:31:58|2023-02-02 11:31:58|BFZ|Load Break Switch|Front control panel|Control Switches|Unstable control power supply 110VDC / incoming supply 240VAC|Incident Description: Switch 2Failure: IPPA u/s|True|True|True|True
4000513844|12069183|2023-02-02 22:41:12|2023-02-02 22:41:12|HAH|Low Voltage|Power Indicator Light|Others|Others|Incident Description: PAFailure: IPPA u/s|True|True|False|False
4000513767|12068969|2023-02-02 11:38:42|2023-02-02 11:38:42|BFZ|Low Voltage|30 KVA (DCC)|Others|Others|Incident Description: Signal T33Failure: IPPA u/s|True|True|False|False
4000529617|12096490|2023-02-04 03:00:26|2023-02-04 03:00:26|BFZ|TPSS|750 VDC Switchgear|Feeder 1|Protection relay faulty, Protection tripping|Incident Description: Feeder unable to remoteFailure: IPPA u/s|True|True|True|True
4000514347|12069949|2023-02-05 16:37:56|2023-02-05 16:37:56|BFZ|Stinger|Stinger Plug & Soket|Stinger Plug|Stinger plug & cable gland damage, loose termination|Incident Description: LightingFailure: IPPA u/s|True|True|True|True
4000514209|12070062|2023-02-06 12:11:00|2023-02-06 12:11:00|IBI|Transformer|1500 kVA Service Transformer|Core & Winding Assembly|Winding faulty|Incident Description: Help Point faultyFailure: IPPA u/s|True|True|True|True
4000514210|12070010|2023-02-06 08:01:33|2023-02-06 08:01:33|TUN|TPSS|MSB|Others|Others|Incident Description: Help pointFailure: IPPA u/s|True|True|False|False
4000514208|12070205|2023-02-07 08:39:24|2023-02-07 08:39:24|TUN|Low Voltage|40 KVA (Station)|Others|Others|Incident Description: SW2Failure: IPPA u/s|True|True|False|False
4000514349|12070163|2023-02-07 00:31:27|2023-02-07 00:31:27|TUN|Generator Set|Junction Box|Others|Others|Incident Description: BFZ F1 & F2Failure: IPPA u/s|True|True|False|False
4000515462|12071391|2023-02-10 06:56:28|2023-02-10 06:56:28|TUN|Low Voltage|30 KVA (DCC)|Others|Others|Incident Description: Signal N44Failure: IPPA u/s|True|True|False|False
4000515227|12071896|2023-02-11 18:00:48|2023-02-11 18:00:48|BFZ|Generator Set|Volvo 100kVa|Battery|Charger card failure, power supply failure, Battery faulty|Incident Description: Signal failureFailure: IPPA u/s|True|True|True|True
4000515460|12072077|2023-02-12 16:47:23|2023-02-12 16:47:23|BFZ|Generator Set|Volvo 100kVa|Battery|Charger card failure, power supply failure, Battery faulty|Incident Description: Switch failureFailure: IPPA u/s|True|True|True|True
4000515461|12072046|2023-02-12 08:57:41|2023-02-12 08:57:41|BFZ|Low Voltage|MSB|Others|Others|Incident Description: Lost CommsFailure: IPPA u/s|True|True|False|False
4000515455|12072600|2023-02-14 12:47:47|2023-02-14 12:47:47|BFZ|Low Voltage|MSB|Others|Others|Incident Description: Mira dead need replaceFailure: IPPA u/s|True|True|False|False
4000515459|12072525|2023-02-14 09:05:17|2023-02-14 09:05:17|BFZ|UPS|Earthing|Others|Others|Incident Description: Ext.8601 iinterruptedFailure: IPPA u/s|True|True|False|False
4000516011|12073092|2023-02-15 09:09:35|2023-02-15 09:09:35|MAH|TPSS|MSB|Others|Others|Incident Description: help pointFailure: IPPA u/s|True|True|False|False
4000516463|12073735|2023-02-16 20:37:28|2023-02-16 20:37:28|TUN|Load Break Switch|Front control panel|Others|Others|Incident Description: PID UnserviceableFailure: IPPA u/s|True|True|False|False
4000516746|12074542|2023-02-18 09:48:09|2023-02-18 09:48:09|TUN|Generator Set|Volvo 100kVa|Battery|Charger card failure, power supply failure, Battery faulty|Incident Description: Switch failureFailure: IPPA u/s|True|True|True|True
4000516747|12074545|2023-02-18 09:52:35|2023-02-18 09:52:35|TUN|Generator Set|Volvo 100kVa|Battery|Charger card failure, power supply failure, Battery faulty|Incident Description: Switch failureFailure: IPPA u/s|True|True|True|True
4000516743|12074856|2023-02-20 08:42:17|2023-02-20 08:42:17|TUN|Generator Set|Volvo 100kVa|Battery|Charger card failure, power supply failure, Battery faulty|Incident Description: Switch failureFailure: IPPA u/s|True|True|True|True
4000517394|12075988|2023-02-23 07:00:22|2023-02-23 07:00:22|IBI|TPSS|MSB|Others|Others|Incident Description: Comms RoomFailure: IPPA u/s|True|True|False|False
4000517665|12076303|2023-02-23 16:31:28|2023-02-23 16:31:28|BFZ|TPSS|Earthing|Others|Others|Incident Description: track disturbFailure: IPPA u/s|True|True|False|False
4000517997|12076721|2023-02-24 23:03:16|2023-02-24 23:03:16|BFZ|TPSS|Earthing|Others|Others|Incident Description: track disturbFailure: IPPA u/s|True|True|False|False
4000517996|12076976|2023-02-26 10:34:51|2023-02-26 10:34:51|KLS|Low Voltage|Front control panel|Others|Others|Incident Description: PA Live unreadableFailure: IPPA u/s|True|True|False|False
4000519041|12082317|2023-03-02 17:00:26|2023-03-02 17:00:26|KLS|TPSS|MSB|Others|Others|Incident Description: SignalFailure: IPPA u/s|True|True|False|False
4000519542|12082694|2023-03-03 18:59:58|2023-03-03 18:59:58|BFZ|TPSS|MSB|Others|Others|Incident Description: Track disturbFailure: IPPA u/s|True|True|False|False
4000530320|12109714|2023-03-05 22:16:28|2023-03-05 22:16:28|RAN|Load Break Switch|Power Indicator Light|Becon light|power supply failure, Cable melting|Incident Description: light trippedFailure: IPPA u/s|True|True|True|True
4000539103|12123252|2023-03-06 21:51:26|2023-03-06 21:51:26|TSZ|TPSS|MSB|Becon light|power supply failure, Cable melting|Incident Description: FanFailure: IPPA u/s|True|True|True|True
4000519656|12083471|2023-03-07 08:42:35|2023-03-07 08:42:35|IBI|Generator Set|Volvo 100kVa|Battery|Charger card failure, power supply failure, Battery faulty|Incident Description: TNB FailureFailure: IPPA u/s|True|True|True|True
4000520123|12083700|2023-03-07 20:40:48|2023-03-07 20:40:48|BFZ|Transformer|1500 kVA Service Transformer|Tank Structure|Oil leak|Incident Description: Track disturbedFailure: IPPA u/s|True|True|True|True
4000520119|12084102|2023-03-09 08:15:00|2023-03-09 08:15:00|BFZ|Low Voltage|40 KVA (Station)|Others|Others|Incident Description: SW2Failure: IPPA u/s|True|True|False|False
4000520120|12084108|2023-03-09 09:01:53|2023-03-09 09:01:53|BFZ|Low Voltage|30 KVA (DCC)|Others|Others|Incident Description: Signal D15Failure: IPPA u/s|True|True|False|False
4000558771|12178853|2023-03-10 21:46:42|2023-03-10 21:46:42|BFZ|Stinger|Stinger Plug & Soket|Stinger Plug|Stinger plug & cable gland damage, loose termination|Incident Description: LightingFailure: IPPA u/s|True|True|True|True
4000560247|12178854|2023-03-10 22:17:30|2023-03-10 22:17:30|BFZ|Stinger|Stinger Plug & Soket|Stinger Plug|Stinger plug & cable gland damage, loose termination|Incident Description: LightingFailure: IPPA u/s|True|True|True|True
4000520986|12085116|2023-03-11 05:46:03|2023-03-11 05:46:03|BFZ|Load Break Switch|Power Indicator Light|Others|Others|Incident Description: BFZ power indication faultedFailure: IPPA u/s|True|True|False|False
4000566572|12193843|2023-03-11 20:52:14|2023-03-11 20:52:14|TUN|TPSS|BLRP|Others|Others|Incident Description: Lighting tripped.Failure: IPPA u/s|True|True|False|False
4000521543|12087123|2023-03-17 06:32:04|2023-03-17 06:32:04|TUN|Load Break Switch|Front control panel|Control Switches|Unstable control power supply 110VDC / incoming supply 240VAC|Incident Description: Switch 2 out of controlFailure: IPPA u/s|True|True|True|True
4000522230|12088633|2023-03-21 15:43:30|2023-03-21 15:43:30|TUN|UPS|40 KVA (Station)|Display Panel|power supply failure, Display panel faulty|Incident Description: PIS display panel u/sFailure: IPPA u/s|True|True|True|True
4000523376|12089158|2023-03-22 17:56:36|2023-03-22 17:56:36|TUN|TPSS|11 kV VCB Switchgear|Others|Others|Incident Description: Voltmeter for 11kV bus VTFailure: IPPA u/s|True|True|False|False
4000523375|12089171|2023-03-22 18:24:29|2023-03-22 18:24:29|TUN|TPSS|MSB|Others|Others|Incident Description: Voltmeter replacement for Bus VT 11kVFailure: IPPA u/s|True|True|False|False
4000523374|12089161|2023-03-22 18:02:23|2023-03-22 18:02:23|SSZ|TPSS|MSB|Others|Others|Incident Description: Voltmeter replacement for Bus VT 11kVFailure: IPPA u/s|True|True|False|False
4000523372|12089168|2023-03-23 18:16:00|2023-03-23 18:16:00|SSZ|TPSS|MSB|Others|Others|Incident Description: Voltmeter replacement for Bus VT 11kVFailure: IPPA u/s|True|True|False|False
4000523353|12090182|2023-03-25 14:35:29|2023-03-25 14:35:29|SSZ|Generator Set|Volvo 100kVa|Battery|Charger card failure, power supply failure, Battery faulty|Incident Description: Switch 2 failureFailure: IPPA u/s|True|True|True|True
4000523830|12091895|2023-03-29 19:47:58|2023-03-29 19:47:58|BFZ|TPSS|MSB|Others|Others|Incident Description: Track disturbFailure: IPPA u/s|True|True|False|False
4000523836|12091904|2023-03-29 21:01:23|2023-03-29 21:01:23|BFZ|TPSS|MSB|Others|Others|Incident Description: Track disturbFailure: IPPA u/s|True|True|False|False
4000523834|12091923|2023-03-29 21:56:29|2023-03-29 21:56:29|BFZ|TPSS|MSB|Others|Others|Incident Description: Track disturbFailure: IPPA u/s|True|True|False|False
4000523832|12091925|2023-03-29 21:58:22|2023-03-29 21:58:22|BFZ|TPSS|MSB|Others|Others|Incident Description: Track disturbFailure: IPPA u/s|True|True|False|False
4000523831|12091897|2023-03-29 19:53:59|2023-03-29 19:53:59|BFZ|TPSS|MSB|Others|Others|Incident Description: Track disturbFailure: IPPA u/s|True|True|False|False
4000525171|12096457|2023-04-01 16:05:03|2023-04-01 16:05:03|BFZ|TPSS|MSB|Others|Others|Incident Description: Track disturbFailure: IPPA u/s|True|True|False|False
4000529617|12096490|2023-04-02 03:00:26|2023-04-02 03:00:26|BFZ|TPSS|750 VDC Switchgear|Feeder 1|Protection relay faulty, Protection tripping|Incident Description: Feeder unable to remoteFailure: IPPA u/s|True|True|True|True
4000525177|12097016|2023-04-03 05:04:21|2023-04-03 05:04:21|BFZ|TPSS|MSB|Others|Others|Incident Description: Train distance graphsFailure: IPPA u/s|True|True|False|False
4000525903|12097015|2023-04-03 03:50:33|2023-04-03 03:50:33|BFZ|Stinger|Internal Wiring & Control|Others|Others|Incident Description: Unable to set remote from localFailure: IPPA u/s|True|True|False|False
4000526717|12097344|2023-04-04 02:22:28|2023-04-04 02:22:28|BFZ|Load Break Switch|Power Indicator Light|Becon light|power supply failure, Cable melting|Incident Description: spotlightFailure: IPPA u/s|True|True|True|True
4000526728|12097681|2023-04-04 22:37:17|2023-04-04 22:37:17|RAN|Stinger|Stinger Plug & Soket|Stinger Plug|Stinger plug & cable gland damage, loose termination|Incident Description: LightingFailure: IPPA u/s|True|True|True|True
4000526717|12097344|2023-04-04 02:22:28|2023-04-04 02:22:28|RAN|Load Break Switch|Power Indicator Light|Becon light|power supply failure, Cable melting|Incident Description: spotlightFailure: IPPA u/s|True|True|True|True
4000526728|12097681|2023-04-04 22:37:17|2023-04-04 22:37:17|RAN|Stinger|Stinger Plug & Soket|Stinger Plug|Stinger plug & cable gland damage, loose termination|Incident Description: LightingFailure: IPPA u/s|True|True|True|True
4000530323|12109921|2023-04-05 19:21:32|2023-04-05 19:21:32|RAN|Load Break Switch|Power Indicator Light|Becon light|power supply failure, Cable melting|Incident Description: light trippedFailure: IPPA u/s|True|True|True|True
4000553609|12164437|2023-04-09 18:13:53|2023-04-09 18:13:53|CIT|Stinger|Stinger Plug & Soket|Stinger Plug|Stinger plug & cable gland damage, loose termination|Incident Description: LightingFailure: IPPA u/s|True|True|True|True
4000526201|12099655|2023-04-11 18:11:14|2023-04-11 18:11:14|BFZ|TPSS|MSB|Others|Others|Incident Description: Track distirbedFailure: IPPA u/s|True|True|False|False
4000526200|12099654|2023-04-11 18:04:05|2023-04-11 18:04:05|BFZ|Generator Set|Volvo 100kVa|Battery|Charger card failure, power supply failure, Battery faulty|Incident Description: Link failureFailure: IPPA u/s|True|True|True|True
4000568863|12194018|2023-04-11 15:08:49|2023-04-11 15:08:49|SSZ|Low Voltage|MSB|MCCB|Short circuits, MCCB trip|Incident Description: Positive Busbar voltage exceededFailure: IPPA u/s|True|True|True|True
4000526729|12099765|2023-04-12 09:33:20|2023-04-12 09:33:20|MAH|Low Voltage|MSB|Capacitor Bank|Loose cable termination, PFR faulty, Cap bank faulty|Incident Description: Platform fanFailure: IPPA u/s|True|True|True|True
4000527358|12100460|2023-04-13 21:04:38|2023-04-13 21:04:38|BFZ|TPSS|MSB|Others|Others|Incident Description: Track disturbFailure: IPPA u/s|True|True|False|False
4000527357|12100858|2023-04-14 22:40:12|2023-04-14 22:40:12|MAH|Low Voltage|Front control panel|Others|Others|Incident Description: PA live level CharlieFailure: IPPA u/s|True|True|False|False
4000529620|12101301|2023-04-16 17:49:58|2023-04-16 17:49:58|MAH|Low Voltage|30 KVA (DCC)|Others|Others|Incident Description: RSV 30 reported 750vdc not availableFailure: IPPA u/s|True|True|False|False
4000529704|12101514|2023-04-17 06:14:38|2023-04-17 06:14:38|BFZ|Generator Set|Volvo 100kVa|Battery|Charger card failure, power supply failure, Battery faulty|Incident Description: PCT failureFailure: IPPA u/s|True|True|True|True
4000529704|12103281|2023-04-24 14:22:57|2023-04-24 14:22:57|BFZ|UPS|40 KVA (Station)|MCB|Mechanical fault, Overload tripping|Incident Description: SW 2 faultFailure: IPPA u/s|True|True|True|True
4000529704|12103459|2023-04-25 13:51:41|2023-04-25 13:51:41|BFZ|UPS|40 KVA (Station)|MCB|Mechanical fault, Overload tripping|Incident Description: SW 2 faultFailure: IPPA u/s|True|True|True|True
4000529621|12103992|2023-04-27 20:04:38|2023-04-27 20:04:38|IBI|TPSS|BLRP|Others|Others|Incident Description: Lighting trippedFailure: IPPA u/s|True|True|False|False
4000529697|12103965|2023-04-27 16:54:32|2023-04-27 16:54:32|BFZ|TPSS|MSB|Others|Others|Incident Description: Track disturbFailure: IPPA u/s|True|True|False|False
4000529695|12104447|2023-04-28 17:47:54|2023-04-28 17:47:54|BFZ|Transformer|1500 kVA Service Transformer|Tank Structure|Oil leak|Incident Description: track disturbedFailure: IPPA u/s|True|True|True|True
4000529694|12104445|2023-04-28 17:26:26|2023-04-28 17:26:26|BFZ|Transformer|1500 kVA Service Transformer|Tank Structure|Oil leak|Incident Description: track disturbedFailure: IPPA u/s|True|True|True|True
4000529696|12104202|2023-04-28 09:45:20|2023-04-28 09:45:20|BFZ|Transformer|1500 kVA Service Transformer|Tank Structure|Oil leak|Incident Description: track disturbedFailure: IPPA u/s|True|True|True|True
4000529622|12104637|2023-04-30 05:29:46|2023-04-30 05:29:46|BFZ|TPSS|750 VDC Switchgear|Feeder 1|Protection relay faulty, Protection tripping|Incident Description: TPSS feeder statusFailure: IPPA u/s|True|True|True|True
4000531530|12104801|2023-05-01 05:28:36|2023-05-01 05:28:36|BFZ|TPSS|MSB|Others|Others|Incident Description: Track disturbFailure: IPPA u/s|True|True|False|False
4000508923|12055697|2023-05-01 06:49:25|2023-05-01 06:49:25|BFZ|UPS|MSB|Others|Others|Incident Description: Busbar volt exceededFailure: IPPA u/s|True|True|False|False
4000529689|12109361|2023-05-02 17:47:56|2023-05-02 17:47:56|BFZ|TPSS|MSB|Others|Others|Incident Description: Track disturbFailure: IPPA u/s|True|True|False|False
4000514347|12069949|2023-05-02 16:37:56|2023-05-02 16:37:56|BFZ|Stinger|Stinger Plug & Soket|Stinger Plug|Stinger plug & cable gland damage, loose termination|Incident Description: LightingFailure: IPPA u/s|True|True|True|True
4000530158|12109639|2023-05-03 16:41:17|2023-05-03 16:41:17|BFZ|TPSS|MSB|Others|Others|Incident Description: Track disturbFailure: IPPA u/s|True|True|False|False
4000530320|12109714|2023-05-03 22:16:28|2023-05-03 22:16:28|RAN|Load Break Switch|Power Indicator Light|Becon light|power supply failure, Cable melting|Incident Description: light trippedFailure: IPPA u/s|True|True|True|True
4000530157|12109808|2023-05-04 09:18:00|2023-05-04 09:18:00|BFZ|TPSS|MSB|Others|Others|Incident Description: Track DisturbFailure: IPPA u/s|True|True|False|False
4000530323|12109921|2023-05-04 19:21:32|2023-05-04 19:21:32|RAN|Load Break Switch|Power Indicator Light|Becon light|power supply failure, Cable melting|Incident Description: light trippedFailure: IPPA u/s|True|True|True|True
4000530324|12109942|2023-05-05 00:39:58|2023-05-05 00:39:58|RAN|TPSS|750 VDC Switchgear|Feeder 2|Protection relay faulty, Protection tripping|Incident Description: Feeder 2Failure: IPPA u/s|True|True|True|True
4000530324|12109942|2023-05-05 00:39:58|2023-05-05 00:39:58|RAN|TPSS|750 VDC Switchgear|Feeder 2|Protection relay faulty, Protection tripping|Incident Description: Feeder 2Failure: IPPA u/s|True|True|True|True
4000535632|12123357|2023-05-06 03:05:31|2023-05-06 03:05:31|RAN|TPSS|750 VDC Switchgear|Feeder 1|Protection relay faulty, Protection tripping|Incident Description: TPSS communication lostFailure: IPPA u/s|True|True|True|True
4000539618|12123358|2023-05-06 03:08:37|2023-05-06 03:08:37|RAN|TPSS|750 VDC Switchgear|Feeder 1|Protection relay faulty, Protection tripping|Incident Description: TPSS communication lostFailure: IPPA u/s|True|True|True|True
4000530153|12110572|2023-05-07 11:07:23|2023-05-07 11:07:23|TUN|TPSS|2000 kW Rectifier|Control System|Power supply failure, equipment faulty|Incident Description: PA system problem at TUNFailure: IPPA u/s|True|True|True|True
4000530149|12110618|2023-05-08 06:21:32|2023-05-08 06:21:32|BNG|Blue Light System|Internal Wiring & Control|Others|Others|Incident Description: IPPAFailure: IPPA u/s|True|True|False|False
4000530151|12110693|2023-05-08 07:00:28|2023-05-08 07:00:28|BFZ|Generator Set|Volvo 100kVa|Battery|Charger card failure, power supply failure, Battery faulty|Incident Description: Tag failureFailure: IPPA u/s|True|True|True|True
4000530150|12110715|2023-05-08 08:39:23|2023-05-08 08:39:23|BFZ|TPSS|MSB|Others|Others|Incident Description: Track disturbFailure: IPPA u/s|True|True|False|False
4000530666|12111248|2023-05-09 21:17:35|2023-05-09 21:17:35|IBI|Stinger|Stinger Plug & Soket|Stinger Plug|Stinger plug & cable gland damage, loose termination|Incident Description: LightingFailure: IPPA u/s|True|True|True|True
4000553610|12164731|2023-05-09 20:48:20|2023-05-09 20:48:20|TSZ|TPSS|BLRP|Others|Others|Incident Description: Lighting TrippedFailure: IPPA u/s|True|True|False|False
4000560246|12179281|2023-05-10 10:42:07|2023-05-10 10:42:07|TSZ|TPSS|MSB|Others|Others|Incident Description: request extension plugFailure: IPPA u/s|True|True|False|False
4000533302|12111511|2023-05-11 07:02:04|2023-05-11 07:02:04|TSZ|TPSS|AARU|Power Supply|Power tripping|Incident Description: Power trippedFailure: IPPA u/s|True|True|True|True
4000568845|12194191|2023-05-11 20:35:36|2023-05-11 20:35:36|TSZ|UPS|40 KVA (Station)|Others|Others|Incident Description: Sportlight u/sFailure: IPPA u/s|True|True|False|False
4000568843|12194135|2023-05-11 06:03:40|2023-05-11 06:03:40|KLS|TPSS|BLRP|Others|Others|Incident Description: Lighting trippedFailure: IPPA u/s|True|True|False|False
4000571392|12207892|2023-05-12 17:02:06|2023-05-12 17:02:06|MAH|Low Voltage|MSB|Capacitor Bank|Loose cable termination, PFR faulty, Cap bank faulty|Incident Description: Fan platformFailure: IPPA u/s|True|True|True|True
4000533456|12112545|2023-05-13 22:03:40|2023-05-13 22:03:40|KLS|Stinger|Stinger Plug & Soket|Stinger Plug|Stinger plug & cable gland damage, loose termination|Incident Description: LightingFailure: IPPA u/s|True|True|True|True
4000533457|12112541|2023-05-13 21:14:30|2023-05-13 21:14:30|MKU|Stinger|Stinger Plug & Soket|Stinger Plug|Stinger plug & cable gland damage, loose termination|Incident Description: LightingFailure: IPPA u/s|True|True|True|True
4000532165|12113267|2023-05-16 18:31:09|2023-05-16 18:31:09|KLS|TPSS|BLRP|Others|Others|Incident Description: Help PointFailure: IPPA u/s|True|True|False|False
4000533864|12117036|2023-05-26 21:00:06|2023-05-26 21:00:06|BFZ|TPSS|750 VDC Switchgear|Feeder 1|Protection relay faulty, Protection tripping|Incident Description: BUSVAR feeder loss communicationFailure: IPPA u/s|True|True|True|True
4000533863|12117227|2023-05-27 11:49:27|2023-05-27 11:49:27|MAH|TPSS|BLRP|Others|Others|Incident Description: Lighting trippedFailure: IPPA u/s|True|True|False|False
4000535681|12117901|2023-05-30 19:24:54|2023-05-30 19:24:54|MAH|Stinger|Stinger Plug & Soket|Stinger Plug|Stinger plug & cable gland damage, loose termination|Incident Description: LightingFailure: IPPA u/s|True|True|True|True
4000539103|12123252|2023-06-03 21:51:26|2023-06-03 21:51:26|TSZ|TPSS|MSB|Stinger Plug|Stinger plug & cable gland damage, loose termination|Incident Description: FanFailure: IPPA u/s|True|True|True|True
4000535629|12123509|2023-06-05 17:56:40|2023-06-05 17:56:40|TSZ|TPSS|Earthing|Others|Others|Incident Description: track disturbFailure: IPPA u/s|True|True|False|False
4000535632|12123357|2023-06-05 03:05:31|2023-06-05 03:05:31|TSZ|TPSS|750 VDC Switchgear|Feeder 1|Protection relay faulty, Protection tripping|Incident Description: TPSS communication lostFailure: IPPA u/s|True|True|True|True
4000539618|12123358|2023-06-05 03:08:37|2023-06-05 03:08:37|TSZ|TPSS|750 VDC Switchgear|Feeder 1|Protection relay faulty, Protection tripping|Incident Description: TPSS communication lostFailure: IPPA u/s|True|True|True|True
4000541125|12137497|2023-06-07 04:41:30|2023-06-07 04:41:30|BFZ|TPSS|750 VDC Switchgear|Feeder 1|Protection relay faulty, Protection tripping|Incident Description: TPSS SSZ Loss CommunicationFailure: IPPA u/s|True|True|True|True
4000539113|12124229|2023-06-08 11:56:36|2023-06-08 11:56:36|BFZ|Stinger|Stinger Panel|MCCB Compartment|Short circuits, MCCB trip|Incident Description: Stinger problemFailure: IPPA u/s|True|True|True|True
4000547134|12151697|2023-06-08 23:15:39|2023-06-08 23:15:39|BFZ|TPSS|AARU|Power Supply|Power tripping|Incident Description: Power supply alarmFailure: IPPA u/s|True|True|True|True
4000553612|12164746|2023-06-09 00:06:43|2023-06-09 00:06:43|BFZ|Generator Set|Volvo 100kVa|Battery|Charger card failure, power supply failure, Battery faulty|Incident Description: 11kV power failureFailure: IPPA u/s|True|True|True|True
4000553620|12164775|2023-06-09 06:02:25|2023-06-09 06:02:25|BFZ|TPSS|AARU|Display Panel|Power supply failure|Incident Description: AARU tripFailure: IPPA u/s|True|True|True|True
4000539132|12124934|2023-06-10 16:47:53|2023-06-10 16:47:53|BFZ|TPSS|MSB|Others|Others|Incident Description: BlackoutFailure: IPPA u/s|True|True|False|False
4000560248|12180028|2023-06-10 21:14:11|2023-06-10 21:14:11|BFZ|TPSS|750 VDC Switchgear|Feeder 1|Protection relay faulty, Protection tripping|Incident Description: TPSS trippedFailure: IPPA u/s|True|True|True|True
4000536668|12125283|2023-06-12 23:33:44|2023-06-12 23:33:44|BFZ|Load Break Switch|Front control panel|Push button|Faulty auxiliary contacts|Incident Description: Push to talkFailure: IPPA u/s|True|True|True|True
4000539136|12125120|2023-06-12 09:17:09|2023-06-12 09:17:09|CIT|Stinger|Stinger Plug & Soket|MCCB Compartment|Short circuits, MCCB trip|Incident Description: Plug point trippedFailure: IPPA u/s|True|True|True|True
4000539622|12126045|2023-06-15 01:12:07|2023-06-15 01:12:07|SSZ|TPSS|BLRP|Others|Others|Incident Description: Lighting tripFailure: IPPA u/s|True|True|False|False
4000538063|12127146|2023-06-18 04:15:30|2023-06-18 04:15:30|BFZ|Load Break Switch|30 KVA (DCC)|Others|Others|Incident Description: ML PCT & DP PCT LINK FAILUREFailure: IPPA u/s|True|True|False|False
4000538059|12127145|2023-06-18 04:01:05|2023-06-18 04:01:05|BFZ|Load Break Switch|30 KVA (DCC)|Others|Others|Incident Description: ML PCT & DP PCT LINK FAILUREFailure: IPPA u/s|True|True|False|False
4000538053|12127509|2023-06-19 08:47:32|2023-06-19 08:47:32|BFZ|TPSS|Front control panel|Others|Others|Incident Description: PCT MainlineFailure: IPPA u/s|True|True|False|False
4000539034|12128528|2023-06-21 05:22:09|2023-06-21 05:22:09|BFZ|Generator Set|Volvo 100kVa|Battery|Charger card failure, power supply failure, Battery faulty|Incident Description: Tag failureFailure: IPPA u/s|True|True|True|True
4000539623|12129524|2023-06-22 12:00:11|2023-06-22 12:00:11|BFZ|Load Break Switch|Power Indicator Light|Becon light|power supply failure, Cable melting|Incident Description: Light TrippedFailure: IPPA u/s|True|True|True|True
4000540622|12131255|2023-06-27 06:42:31|2023-06-27 06:42:31|BFZ|Generator Set|Volvo 100kVa|Battery|Charger card failure, power supply failure, Battery faulty|Incident Description: Tag failureFailure: IPPA u/s|True|True|True|True
4000540558|12136443|2023-07-02 06:38:03|2023-07-02 06:38:03|BFZ|Generator Set|Volvo 100kVa|Battery|Charger card failure, power supply failure, Battery faulty|Incident Description: PCT Link failureFailure: IPPA u/s|True|True|True|True
4000514349|12070163|2023-07-02 00:31:27|2023-07-02 00:31:27|BFZ|Generator Set|Junction Box|Others|Others|Incident Description: BFZ F1 & F2Failure: IPPA u/s|True|True|False|False
4000514349|12136896|2023-07-03 23:54:57|2023-07-03 23:54:57|BFZ|Transformer|1500 kVA Service Transformer|Cooling System (kVAW)|Coolant leak|Incident Description: OCC - Signalling SystemFailure: IPPA u/s|True|True|True|True
4000541128|12136747|2023-07-03 13:07:30|2023-07-03 13:07:30|BFZ|Load Break Switch|30 KVA (DCC)|Others|Others|Incident Description: ML PCT mainline link failureFailure: IPPA u/s|True|True|False|False
4000519656|12083471|2023-07-03 08:42:35|2023-07-03 08:42:35|IBI|Generator Set|Volvo 100kVa|Battery|Charger card failure, power supply failure, Battery faulty|Incident Description: TNB FailureFailure: IPPA u/s|True|True|True|True
4000541125|12137497|2023-07-06 04:41:30|2023-07-06 04:41:30|BFZ|TPSS|750 VDC Switchgear|Feeder 1|Protection relay faulty, Protection tripping|Incident Description: TPSS SSZ Loss CommunicationFailure: IPPA u/s|True|True|True|True
4000541693|12137721|2023-07-06 20:15:25|2023-07-06 20:15:25|BFZ|Generator Set|Volvo 100kVa|Battery|Charger card failure, power supply failure, Battery faulty|Incident Description: ML link failureFailure: IPPA u/s|True|True|True|True
4000541304|12137955|2023-07-08 10:04:11|2023-07-08 10:04:11|BFZ|Load Break Switch|Switch - Disconnectors (LMS)|Operate Interface|Control relay malfunction|Incident Description: Switch Socket Outlet (SSO) malfunction.Failure: IPPA u/s|True|True|True|True
4000543607|12138102|2023-07-07 17:04:18|2023-07-07 17:04:18|BFZ|Load Break Switch|Front control panel|Control Switches|Unstable control power supply 110VDC / incoming supply 240VAC|Incident Description: Switch Unable to RemoteFailure: IPPA u/s|True|True|True|True
4000541692|12137754|2023-07-07 06:17:11|2023-07-07 06:17:11|SSZ|TPSS|Switch - Disconnectors (LMS)|Others|Others|Incident Description: Loss commsFailure: IPPA u/s|True|True|False|False
4000541689|12138377|2023-07-08 08:40:05|2023-07-08 08:40:05|BFZ|Low Voltage|30 KVA (DCC)|Others|Others|Incident Description: MTZ loss commFailure: IPPA u/s|True|True|False|False
4000541690|12138364|2023-07-08 06:01:05|2023-07-08 06:01:05|BFZ|Load Break Switch|30 KVA (DCC)|Others|Others|Incident Description: ML PCT mainline link failureFailure: IPPA u/s|True|True|False|False
4000546402|12138191|2023-07-08 05:43:25|2023-07-08 05:43:25|BFZ|Load Break Switch|Front control panel|Control Switches|Unstable control power supply 110VDC / incoming supply 240VAC|Incident Description: Switch 3 faultFailure: IPPA u/s|True|True|True|True
4000541688|12138523|2023-07-09 10:00:20|2023-07-09 10:00:20|BFZ|Load Break Switch|40 KVA (Station)|Others|Others|Incident Description: ML PCT Mainline Link FailureFailure: IPPA u/s|True|True|False|False
4000553712|12165109|2023-07-09 08:27:02|2023-07-09 08:27:02|BAS|Blue Light System|Junction Box|Relay|Relay coil resistance and relay contacts|Incident Description: Beacon BoxFailure: IPPA u/s|True|True|True|True
4000542155|12139094|2023-07-11 17:11:07|2023-07-11 17:11:07|HAH|UPS|40 KVA (Station)|Board|Capasitor burn, Power surge|Incident Description: Platform fan power trippedFailure: IPPA u/s|True|True|True|True
4000568851|12194782|2023-07-11 12:20:21|2023-07-11 12:20:21|TUN|Generator Set|Volvo 100kVa|AMF Board|Relay, Timer, loose connection, Under voltage relay faulty|Incident Description: Lamp timerFailure: IPPA u/s|True|True|True|True
4000565934|12194615|2023-07-11 02:42:28|2023-07-11 02:42:28|BFZ|Transformer|1500 kVA Service Transformer|Core & Winding Assembly|Winding faulty|Incident Description: BF1 fault indicationFailure: IPPA u/s|True|True|True|True
4000546787|12139438|2023-07-12 18:08:38|2023-07-12 18:08:38|TUN|TPSS|BLRP|Others|Others|Incident Description: Platform TripFailure: IPPA u/s|True|True|False|False
4000542686|12139498|2023-07-12 22:47:34|2023-07-12 22:47:34|KLS|Blue Light System|Blue Light Station|Relay|Relay coil resistance and relay contacts|Incident Description: PA system faultFailure: IPPA u/s|True|True|True|True
4000542687|12139431|2023-07-12 17:56:46|2023-07-12 17:56:46|BFZ|TPSS|MSB|Others|Others|Incident Description: Track DisturbFailure: IPPA u/s|True|True|False|False
4000542693|12140325|2023-07-14 15:45:02|2023-07-14 15:45:02|BFZ|TPSS|MSB|Others|Others|Incident Description: Spotlight timerFailure: IPPA u/s|True|True|False|False
4000543165|12140423|2023-07-15 03:54:14|2023-07-15 03:54:14|BFZ|TPSS|Switch - Disconnectors (LMS)|Others|Others|Incident Description: Loss commsFailure: IPPA u/s|True|True|False|False
4000543174|12140566|2023-07-15 08:30:45|2023-07-15 08:30:45|KLS|UPS|40 KVA (Station)|MCB|Mechanical fault, Overload tripping|Incident Description: IPPA faultFailure: IPPA u/s|True|True|True|True
4000543184|12140673|2023-07-15 20:12:31|2023-07-15 20:12:31|BFZ|Generator Set|Volvo 100kVa|Battery|Charger card failure, power supply failure, Battery faulty|Incident Description: PCL link failureFailure: IPPA u/s|True|True|True|True
4000544378|12141819|2023-07-18 10:44:08|2023-07-18 10:44:08|MAH|Low Voltage|MSB|Others|Others|Incident Description: 5 fan unserviceableFailure: IPPA u/s|True|True|False|False
4000544035|12141866|2023-07-18 14:27:36|2023-07-18 14:27:36|BFZ|Transformer|1500 kVA Service Transformer|Tank Structure|Oil leak|Incident Description: Track disturbedFailure: IPPA u/s|True|True|True|True
4000544031|12142212|2023-07-19 17:48:13|2023-07-19 17:48:13|BFZ|Transformer|1500 kVA Service Transformer|Tank Structure|Oil leak|Incident Description: Track disturbedFailure: IPPA u/s|True|True|True|True
4000544030|12142375|2023-07-20 10:45:02|2023-07-20 10:45:02|BFZ|Load Break Switch|MSB|Others|Others|Incident Description: Main Line link failureFailure: IPPA u/s|True|True|False|False
4000544380|12142360|2023-07-20 09:45:05|2023-07-20 09:45:05|BFZ|TPSS|AARU|Display Panel|Power supply failure|Incident Description: AARU device faultFailure: IPPA u/s|True|True|True|True
4000544356|12142851|2023-07-21 19:52:06|2023-07-21 19:52:06|BFZ|Generator Set|Volvo 100kVa|Battery|Charger card failure, power supply failure, Battery faulty|Incident Description: PCL link failureFailure: IPPA u/s|True|True|True|True
4000544355|12143198|2023-07-23 09:28:44|2023-07-23 09:28:44|IBI|Transformer|1500 kVA Service Transformer|Core & Winding Assembly|Winding faulty|Incident Description: PC anydesk faultyFailure: IPPA u/s|True|True|True|True
4000545176|12143620|2023-07-25 07:23:16|2023-07-25 07:23:16|KLS|TPSS|Internal Wiring & Control|Others|Others|Incident Description: IPPA ErrorFailure: IPPA u/s|True|True|False|False
4000545177|12143621|2023-07-25 07:37:30|2023-07-25 07:37:30|BFZ|TPSS|Internal Wiring & Control|Others|Others|Incident Description: IPPA ErrorFailure: IPPA u/s|True|True|False|False
4000546405|12143591|2023-07-25 02:33:03|2023-07-25 02:33:03|BFZ|TPSS|750 VDC Switchgear|Feeder 4|Protection relay faulty, Protection tripping|Incident Description: Feeder 4 unable to closeFailure: IPPA u/s|True|True|True|True
4000545178|12143653|2023-07-25 10:19:44|2023-07-25 10:19:44|BFZ|Load Break Switch|30 KVA (DCC)|Others|Others|Incident Description: ML PCT mainline link failureFailure: IPPA u/s|True|True|False|False
4000545953|12149627|2023-08-01 16:31:21|2023-08-01 16:31:21|BFZ|Low Voltage|10 KVA (TPSS SSZ)|Others|Others|Incident Description: Spotlight dangling at SW8Failure: IPPA u/s|True|True|False|False
4000547651|12149673|2023-08-01 20:14:29|2023-08-01 20:14:29|MAH|TPSS|BLRP|Others|Others|Incident Description: Lamp trippedFailure: IPPA u/s|True|True|False|False
4000547134|12151697|2023-08-06 23:15:39|2023-08-06 23:15:39|BFZ|TPSS|AARU|Power Supply|Power tripping|Incident Description: Power supply alarmFailure: IPPA u/s|True|True|True|True
4000539113|12124229|2023-08-06 11:56:36|2023-08-06 11:56:36|BFZ|Stinger|Stinger Panel|MCCB Compartment|Short circuits, MCCB trip|Incident Description: Stinger problemFailure: IPPA u/s|True|True|True|True
4000547650|12152222|2023-08-08 18:03:39|2023-08-08 18:03:39|TUN|TPSS|MSB|Others|Others|Incident Description: Platform 1 Highbay Lamp trippedFailure: IPPA u/s|True|True|False|False
4000547456|12151992|2023-08-08 00:47:07|2023-08-08 00:47:07|SSZ|TPSS|750 VDC Switchgear|Feeder 1|Protection relay faulty, Protection tripping|Incident Description: TPSS loss comsFailure: IPPA u/s|True|True|True|True
4000547650|12152222|2023-08-08 18:03:39|2023-08-08 18:03:39|TUN|TPSS|MSB|Others|Others|Incident Description: Platform 1 Highbay Lamp trippedFailure: IPPA u/s|True|True|False|False
4000547456|12151992|2023-08-08 00:47:07|2023-08-08 00:47:07|SSZ|TPSS|750 VDC Switchgear|Feeder 1|Protection relay faulty, Protection tripping|Incident Description: TPSS loss comsFailure: IPPA u/s|True|True|True|True
4000553677|12165473|2023-08-09 03:11:50|2023-08-09 03:11:50|SSZ|Low Voltage|30 KVA (DCC)|Others|Others|Incident Description: SW4 lighting tripFailure: IPPA u/s|True|True|False|False
4000553710|12165478|2023-08-09 06:24:26|2023-08-09 06:24:26|CIT|UPS|Power Indicator Light|Others|Others|Incident Description: Lamp P1 and U1 tripFailure: IPPA u/s|True|True|False|False
4000553621|12165638|2023-08-09 08:23:23|2023-08-09 08:23:23|RAN|Low Voltage|Power Indicator Light|Others|Others|Incident Description: Lighting P1 unserviceableFailure: IPPA u/s|True|True|False|False
4000548308|12153442|2023-08-12 09:07:37|2023-08-12 09:07:37|RAN|TPSS|MSB|Others|Others|Incident Description: blackoutFailure: IPPA u/s|True|True|False|False
4000571393|12208719|2023-08-12 07:00:30|2023-08-12 07:00:30|BAS|TPSS|MSB|Others|Others|Incident Description: walkway lampFailure: IPPA u/s|True|True|False|False
4000548304|12153972|2023-08-14 18:33:48|2023-08-14 18:33:48|BFZ|TPSS|AARU|Others|Others|Incident Description: Air conditioner userviceableFailure: IPPA u/s|True|True|False|False
4000548309|12153880|2023-08-14 10:10:20|2023-08-14 10:10:20|TUN|Load Break Switch|Power Indicator Light|Becon light|power supply failure, Cable melting|Incident Description: Light timerFailure: IPPA u/s|True|True|True|True
4000548314|12154231|2023-08-15 16:17:14|2023-08-15 16:17:14|RAN|Load Break Switch|Switch - Disconnectors (LMS)|Operate Interface|Control relay malfunction|Incident Description: Switch Socket Outlet (SSO) malfunction.Failure: IPPA u/s|True|True|True|True
4000548302|12154204|2023-08-15 14:36:16|2023-08-15 14:36:16|BAS|Stinger|Stinger Plug & Soket|Stinger Plug|Stinger plug & cable gland damage, loose termination|Incident Description: LightingFailure: IPPA u/s|True|True|True|True
4000550276|12154501|2023-08-16 16:46:05|2023-08-16 16:46:05|BAS|Load Break Switch|Front control panel|Control Switches|Unstable control power supply 110VDC / incoming supply 240VAC|Incident Description: Panel switch abnormal soundFailure: IPPA u/s|True|True|True|True
4000548838|12154493|2023-08-16 16:13:13|2023-08-16 16:13:13|BAS|UPS|Front control panel|Others|Others|Incident Description: Help point U/SFailure: IPPA u/s|True|True|False|False
4000552576|12154516|2023-08-16 18:13:13|2023-08-16 18:13:13|MKU|Blue Light System|Junction Box|Relay|Relay coil resistance and relay contacts|Incident Description: DBR BoxFailure: IPPA u/s|True|True|True|True
4000548835|12154893|2023-08-17 14:10:06|2023-08-17 14:10:06|TSZ|TPSS|MSB|Others|Others|Incident Description: Help pointFailure: IPPA u/s|True|True|False|False
4000549667|12156121|2023-08-19 20:33:25|2023-08-19 20:33:25|BFZ|TPSS|MSB|Others|Others|Incident Description: Time & distance graph errorFailure: IPPA u/s|True|True|False|False
4000549666|12156243|2023-08-20 17:58:17|2023-08-20 17:58:17|TUN|Blue Light System|Internal Wiring & Control|Others|Others|Incident Description: IPPAFailure: IPPA u/s|True|True|False|False
4000549727|12156402|2023-08-21 12:35:12|2023-08-21 12:35:12|MAH|TPSS|MSB|Others|Others|Incident Description: Help pointFailure: IPPA u/s|True|True|False|False
4000550277|12157072|2023-08-24 12:39:41|2023-08-24 12:39:41|MAH|Load Break Switch|Switch - Disconnectors (LMS)|Operate Interface|Control relay malfunction|Incident Description: Highbay malfunctionFailure: IPPA u/s|True|True|True|True
4000550712|12157341|2023-08-25 07:07:27|2023-08-25 07:07:27|BAS|TPSS|MSB|Others|Others|Incident Description: Help pointFailure: IPPA u/s|True|True|False|False
4000552498|12159330|2023-08-31 19:37:00|2023-08-31 19:37:00|HAH|TPSS|BLRP|Others|Others|Incident Description: Lamp trippedFailure: IPPA u/s|True|True|False|False
4000553609|12164437|2023-09-04 18:13:53|2023-09-04 18:13:53|CIT|Stinger|Stinger Plug & Soket|Stinger Plug|Stinger plug & cable gland damage, loose termination|Incident Description: LightingFailure: IPPA u/s|True|True|True|True
4000553610|12164731|2023-09-05 20:48:20|2023-09-05 20:48:20|TSZ|TPSS|BLRP|Others|Others|Incident Description: Lighting TrippedFailure: IPPA u/s|True|True|False|False
4000530666|12111248|2023-09-05 21:17:35|2023-09-05 21:17:35|IBI|Stinger|Stinger Plug & Soket|Stinger Plug|Stinger plug & cable gland damage, loose termination|Incident Description: LightingFailure: IPPA u/s|True|True|True|True
4000554088|12164864|2023-09-06 11:23:55|2023-09-06 11:23:55|BFZ|TPSS|AARU|Others|Others|Incident Description: Axle Counter Evaluator TSA degradedFailure: IPPA u/s|True|True|False|False
4000553612|12164746|2023-09-06 00:06:43|2023-09-06 00:06:43|BFZ|Generator Set|Volvo 100kVa|Battery|Charger card failure, power supply failure, Battery faulty|Incident Description: 11kV power failureFailure: IPPA u/s|True|True|True|True
4000554091|12165004|2023-09-06 17:22:50|2023-09-06 17:22:50|IBI|TPSS|2000 kW Rectifier|Control System|Power supply failure, equipment faulty|Incident Description: PA system errorFailure: IPPA u/s|True|True|True|True
4000553620|12164775|2023-09-06 06:02:25|2023-09-06 06:02:25|IBI|TPSS|AARU|Display Panel|Power supply failure|Incident Description: AARU tripFailure: IPPA u/s|True|True|True|True
4000553712|12165109|2023-09-07 08:27:02|2023-09-07 08:27:02|BAS|Blue Light System|Junction Box|Relay|Relay coil resistance and relay contacts|Incident Description: Beacon BoxFailure: IPPA u/s|True|True|True|True
4000554084|12165661|2023-09-08 09:37:56|2023-09-08 09:37:56|HAH|Load Break Switch|Internal Wiring & Control|Others|Others|Incident Description: DRSIS unserviceableFailure: IPPA u/s|True|True|False|False
4000553677|12165473|2023-09-08 03:11:50|2023-09-08 03:11:50|HAH|Low Voltage|30 KVA (DCC)|Others|Others|Incident Description: SW4 lighting tripFailure: IPPA u/s|True|True|False|False
4000553710|12165478|2023-09-08 06:24:26|2023-09-08 06:24:26|CIT|UPS|Power Indicator Light|Others|Others|Incident Description: Lamp P1 and U1 tripFailure: IPPA u/s|True|True|False|False
4000553621|12165638|2023-09-08 08:23:23|2023-09-08 08:23:23|RAN|Low Voltage|Power Indicator Light|Others|Others|Incident Description: Lighting P1 unserviceableFailure: IPPA u/s|True|True|False|False
4000568853|12195352|2023-09-11 10:27:53|2023-09-11 10:27:53|MKU|TPSS|MSB|Others|Others|Incident Description: Socket not workingFailure: IPPA u/s|True|True|False|False
4000554077|12167767|2023-09-13 22:21:17|2023-09-13 22:21:17|HAH|TPSS|MSB|Others|Others|Incident Description: Data ConsistencyFailure: IPPA u/s|True|True|False|False
4000555109|12167759|2023-09-13 20:07:37|2023-09-13 20:07:37|HAH|Stinger|Stinger Plug & Soket|Stinger Plug|Stinger plug & cable gland damage, loose termination|Incident Description: LightingFailure: IPPA u/s|True|True|True|True
4000554078|12167676|2023-09-13 14:00:29|2023-09-13 14:00:29|SSZ|Low Voltage|BLRP|Others|Others|Incident Description: Train coastingFailure: IPPA u/s|True|True|False|False
4000555114|12167621|2023-09-13 11:18:24|2023-09-13 11:18:24|SSZ|TPSS|BLRP|Others|Others|Incident Description: Lamp trippedFailure: IPPA u/s|True|True|False|False
4000554079|12167638|2023-09-13 11:29:44|2023-09-13 11:29:44|IBI|TPSS|Power Indicator Light|Others|Others|Incident Description: PIS errorFailure: IPPA u/s|True|True|False|False
4000554180|12168013|2023-09-14 17:35:52|2023-09-14 17:35:52|HAH|TPSS|Internal Wiring & Control|Others|Others|Incident Description: ETCSFailure: IPPA u/s|True|True|False|False
4000554179|12168069|2023-09-14 21:13:13|2023-09-14 21:13:13|HAH|TPSS|MSB|Others|Others|Incident Description: Data ConsistencyFailure: IPPA u/s|True|True|False|False
4000555045|12168065|2023-09-14 20:07:13|2023-09-14 20:07:13|HAH|Load Break Switch|Switch - Disconnectors (LMS)|Operate Interface|Control relay malfunction|Incident Description: Lighting malfunctionFailure: IPPA u/s|True|True|True|True
4000554178|12168092|2023-09-15 06:28:04|2023-09-15 06:28:04|BFZ|Low Voltage|MSB|Others|Others|Incident Description: Balise groupFailure: IPPA u/s|True|True|False|False
4000555117|12168433|2023-09-15 21:17:15|2023-09-15 21:17:15|TUN|Low Voltage|MSB|Others|Others|Incident Description: Lamp unserviceableFailure: IPPA u/s|True|True|False|False
4000556215|12169150|2023-09-18 03:47:24|2023-09-18 03:47:24|BFZ|Low Voltage|Internal Wiring & Control|Others|Others|Incident Description: HVACFailure: IPPA u/s|True|True|False|False
4000555365|12169414|2023-09-18 14:31:07|2023-09-18 14:31:07|CIT|TPSS|AARU|Power Supply|Power tripping|Incident Description: Power plug trippedFailure: IPPA u/s|True|True|True|True
4000555121|12169393|2023-09-18 12:26:29|2023-09-18 12:26:29|RAN|TPSS|11 kV VCB Switchgear|Instrument|Open circuit in CT secondary|Incident Description: Genset runFailure: IPPA u/s|True|True|True|True
4000555118|12169336|2023-09-18 08:01:20|2023-09-18 08:01:20|RAN|TPSS|BLRP|Others|Others|Incident Description: Lighting trippedFailure: IPPA u/s|True|True|False|False
4000556214|12169827|2023-09-19 11:32:38|2023-09-19 11:32:38|TUN|Low Voltage|MSB|Surge Protection Device (SPD)|Loose earth connection, Mulfuction SPD|Incident Description: PID device u/sFailure: IPPA u/s|True|True|True|True
4000556212|12170012|2023-09-20 08:56:32|2023-09-20 08:56:32|HAH|Load Break Switch|Internal Wiring & Control|Others|Others|Incident Description: DRSIS unserviceableFailure: IPPA u/s|True|True|False|False
4000556210|12170873|2023-09-22 08:02:21|2023-09-22 08:02:21|HAH|Low Voltage|Power Indicator Light|Others|Others|Incident Description: PIDFailure: IPPA u/s|True|True|False|False
4000557004|12173242|2023-09-27 21:02:05|2023-09-27 21:02:05|HAH|TPSS|BLRP|Others|Others|Incident Description: lighting trippedFailure: IPPA u/s|True|True|False|False
4000557060|12173300|2023-09-28 07:23:46|2023-09-28 07:23:46|BNG|TPSS|AARU|Power Supply|Power tripping|Incident Description: Wifi No Power SupplyFailure: IPPA u/s|True|True|True|True
4000560247|12178854|2023-10-03 22:17:30|2023-10-03 22:17:30|BNG|Stinger|Stinger Plug & Soket|Stinger Plug|Stinger plug & cable gland damage, loose termination|Incident Description: LightingFailure: IPPA u/s|True|True|True|True
4000558771|12178853|2023-10-03 21:46:42|2023-10-03 21:46:42|BNG|Stinger|Stinger Plug & Soket|Stinger Plug|Stinger plug & cable gland damage, loose termination|Incident Description: LightingFailure: IPPA u/s|True|True|True|True
4000560246|12179281|2023-10-05 10:42:07|2023-10-05 10:42:07|BNG|TPSS|MSB|Others|Others|Incident Description: request extension plugFailure: IPPA u/s|True|True|False|False
4000560248|12180028|2023-10-06 21:14:11|2023-10-06 21:14:11|BNG|TPSS|750 VDC Switchgear|Feeder 1|Protection relay faulty, Protection tripping|Incident Description: TPSS trippedFailure: IPPA u/s|True|True|True|True
4000559039|12179973|2023-10-06 16:59:06|2023-10-06 16:59:06|BFZ|TPSS|MSB|Others|Others|Incident Description: Track DisturbFailure: IPPA u/s|True|True|False|False
4000539132|12124934|2023-10-06 16:47:53|2023-10-06 16:47:53|BFZ|TPSS|MSB|Others|Others|Incident Description: BlackoutFailure: IPPA u/s|True|True|False|False
4000559038|12180213|2023-10-07 18:01:41|2023-10-07 18:01:41|BFZ|Blue Light System|Internal Wiring & Control|Others|Others|Incident Description: IPPA Not SyncFailure: IPPA u/s|True|True|False|False
4000568855|12195854|2023-10-11 17:32:38|2023-10-11 17:32:38|IBI|TPSS|MSB|Others|Others|Incident Description: Lighting underpass unserviceableFailure: IPPA u/s|True|True|False|False
4000560102|12182692|2023-10-14 08:10:28|2023-10-14 08:10:28|RAN|TPSS|Front control panel|Others|Others|Incident Description: Help Point errorFailure: IPPA u/s|True|True|False|False
4000560249|12182708|2023-10-14 09:35:05|2023-10-14 09:35:05|TUN|Load Break Switch|Power Indicator Light|Becon light|power supply failure, Cable melting|Incident Description: Utility light timer faultFailure: IPPA u/s|True|True|True|True
4000566559|12183759|2023-10-17 18:25:47|2023-10-17 18:25:47|RAN|TPSS|BLRP|Others|Others|Incident Description: Utility 1 Lighting tripFailure: IPPA u/s|True|True|False|False
4000561773|12184110|2023-10-18 15:13:29|2023-10-18 15:13:29|BFZ|TPSS|EMSB|Others|Others|Incident Description: Data consistency within balise groupFailure: IPPA u/s|True|True|False|False
4000561770|12184611|2023-10-19 17:07:18|2023-10-19 17:07:18|BFZ|TPSS|MSB|Others|Others|Incident Description: Track disturbFailure: IPPA u/s|True|True|False|False
4000561767|12185529|2023-10-22 14:42:18|2023-10-22 14:42:18|BFZ|Load Break Switch|Front control panel|Others|Others|Incident Description: PCT Mainline failureFailure: IPPA u/s|True|True|False|False
4000561766|12185659|2023-10-23 07:43:46|2023-10-23 07:43:46|TUN|TPSS|MSB|Others|Others|Incident Description: Clock not syncFailure: IPPA u/s|True|True|False|False
4000562929|12186461|2023-10-25 08:31:40|2023-10-25 08:31:40|RAN|Load Break Switch|Front control panel|Indicators light|Bulb / LED faulty|Incident Description: Light and fan tripFailure: IPPA u/s|True|True|True|True
4000562929|12186826|2023-10-26 10:16:46|2023-10-26 10:16:46|KLS|Transformer|MSB|Others|Others|Incident Description: lamp unable to be close by using switchFailure: IPPA u/s|True|True|False|False
4000566563|12186885|2023-10-26 15:23:03|2023-10-26 15:23:03|RAN|TPSS|BLRP|Others|Others|Incident Description: Fan TrippedFailure: IPPA u/s|True|True|False|False
4000563048|12186924|2023-10-26 18:33:54|2023-10-26 18:33:54|RAN|TPSS|750 VDC Switchgear|Feeder 1|Protection relay faulty, Protection tripping|Incident Description: TPSS loss comsFailure: IPPA u/s|True|True|True|True
4000562930|12186987|2023-10-27 05:24:41|2023-10-27 05:24:41|TUN|Low Voltage|MSB|MCCB|Short circuits, MCCB trip|Incident Description: TripFailure: IPPA u/s|True|True|True|True
4000566565|12187281|2023-10-27 13:52:54|2023-10-27 13:52:54|TUN|TPSS|BLRP|Others|Others|Incident Description: Lighting tripFailure: IPPA u/s|True|True|False|False
4000566571|12188466|2023-10-31 17:28:55|2023-10-31 17:28:55|TUN|TPSS|750 VDC Switchgear|Feeder 1|Protection relay faulty, Protection tripping|Incident Description: TPSS busbar errorFailure: IPPA u/s|True|True|True|True
4000566572|12193843|2023-11-03 20:52:14|2023-11-03 20:52:14|TUN|TPSS|BLRP|Others|Others|Incident Description: Lighting tripped.Failure: IPPA u/s|True|True|False|False
4000564809|12193780|2023-11-03 18:23:38|2023-11-03 18:23:38|RAN|UPS|Internal Wiring & Control|Others|Others|Incident Description: IPPA u/sFailure: IPPA u/s|True|True|False|False
4000520986|12085116|2023-11-03 05:46:03|2023-11-03 05:46:03|BFZ|Load Break Switch|Power Indicator Light|Others|Others|Incident Description: BFZ power indication faultedFailure: IPPA u/s|True|True|False|False
4000568863|12194018|2023-11-04 15:08:49|2023-11-04 15:08:49|SSZ|Low Voltage|MSB|MCCB|Short circuits, MCCB trip|Incident Description: Positive Busbar voltage exceededFailure: IPPA u/s|True|True|True|True
4000568845|12194191|2023-11-05 20:35:36|2023-11-05 20:35:36|SSZ|UPS|40 KVA (Station)|Others|Others|Incident Description: Sportlight u/sFailure: IPPA u/s|True|True|False|False
4000568843|12194135|2023-11-05 06:03:40|2023-11-05 06:03:40|KLS|TPSS|BLRP|Others|Others|Incident Description: Lighting trippedFailure: IPPA u/s|True|True|False|False
4000533302|12111511|2023-11-05 07:02:04|2023-11-05 07:02:04|KLS|TPSS|AARU|Power Supply|Power tripping|Incident Description: Power trippedFailure: IPPA u/s|True|True|True|True
4000568849|12194300|2023-11-06 07:01:16|2023-11-06 07:01:16|TUN|TPSS|MSB|Others|Others|Incident Description: Multiple trippedFailure: IPPA u/s|True|True|False|False
4000568851|12194782|2023-11-07 12:20:21|2023-11-07 12:20:21|TUN|Generator Set|Volvo 100kVa|AMF Board|Relay, Timer, loose connection, Under voltage relay faulty|Incident Description: Lamp timerFailure: IPPA u/s|True|True|True|True
4000565934|12194615|2023-11-07 02:42:28|2023-11-07 02:42:28|BFZ|Transformer|1500 kVA Service Transformer|Core & Winding Assembly|Winding faulty|Incident Description: BF1 fault indicationFailure: IPPA u/s|True|True|True|True
4000542155|12139094|2023-11-07 17:11:07|2023-11-07 17:11:07|HAH|UPS|40 KVA (Station)|Board|Capasitor burn, Power surge|Incident Description: Platform fan power trippedFailure: IPPA u/s|True|True|True|True
4000568852|12195104|2023-11-08 13:01:02|2023-11-08 13:01:02|TUN|TPSS|MSB|Others|Others|Incident Description: Timer device fault.Failure: IPPA u/s|True|True|False|False
4000568853|12195352|2023-11-09 10:27:53|2023-11-09 10:27:53|MKU|TPSS|MSB|Others|Others|Incident Description: Socket not workingFailure: IPPA u/s|True|True|False|False
4000568855|12195854|2023-11-10 17:32:38|2023-11-10 17:32:38|IBI|TPSS|MSB|Others|Others|Incident Description: Lighting underpass unserviceableFailure: IPPA u/s|True|True|False|False
4000568858|12196205|2023-11-12 16:38:31|2023-11-12 16:38:31|TUN|TPSS|BLRP|Others|Others|Incident Description: lighting trippedFailure: IPPA u/s|True|True|False|False
4000575047|12209314|2023-11-12 08:15:50|2023-11-12 08:15:50|MAH|TPSS|BLRP|Others|Others|Incident Description: Fan trippedFailure: IPPA u/s|True|True|False|False
4000565928|12196459|2023-11-13 15:25:06|2023-11-13 15:25:06|RAN|Blue Light System|Internal Wiring & Control|Others|Others|Incident Description: IPPAFailure: IPPA u/s|True|True|False|False
4000568859|12197024|2023-11-14 18:19:24|2023-11-14 18:19:24|RAN|Transformer|1500 kVA Service Transformer|Core & Winding Assembly|Winding faulty|Incident Description: Light faultFailure: IPPA u/s|True|True|True|True
4000568860|12197360|2023-11-15 22:24:32|2023-11-15 22:24:32|TUN|Stinger|Stinger Plug & Soket|Stinger Plug|Stinger plug & cable gland damage, loose termination|Incident Description: LightingFailure: IPPA u/s|True|True|True|True
4000568862|12197737|2023-11-16 12:27:14|2023-11-16 12:27:14|HAH|TPSS|MSB|Others|Others|Incident Description: Lights not offFailure: IPPA u/s|True|True|False|False
4000568861|12197735|2023-11-16 12:25:09|2023-11-16 12:25:09|TUN|TPSS|MSB|Others|Others|Incident Description: Lights not offFailure: IPPA u/s|True|True|False|False
4000568864|12198922|2023-11-18 18:38:12|2023-11-18 18:38:12|TUN|TPSS|40 KVA (Station)|Others|Others|Incident Description: Highbay UnserviceableFailure: IPPA u/s|True|True|False|False
4000568866|12198937|2023-11-19 06:24:11|2023-11-19 06:24:11|TUN|TPSS|BLRP|Others|Others|Incident Description: Lighting trippedFailure: IPPA u/s|True|True|False|False
4000568867|12200127|2023-11-21 17:43:31|2023-11-21 17:43:31|CIT|TPSS|BLRP|Others|Others|Incident Description: Lighting trippedFailure: IPPA u/s|True|True|False|False
4000568721|12201405|2023-11-26 22:22:45|2023-11-26 22:22:45|BFZ|Transformer|1500 kVA Service Transformer|High Voltage System (11kV)|Bushing leak|Incident Description: Speaker shortingFailure: IPPA u/s|True|True|True|True
4000568868|12201435|2023-11-27 06:21:43|2023-11-27 06:21:43|BNG|TPSS|BLRP|Others|Others|Incident Description: lighting tripFailure: IPPA u/s|True|True|False|False
4000568720|12201438|2023-11-27 07:13:54|2023-11-27 07:13:54|RAN|Low Voltage|Internal Wiring & Control|Others|Others|Incident Description: IPPA unserviceableFailure: IPPA u/s|True|True|False|False
4000569391|12202136|2023-11-29 19:26:52|2023-11-29 19:26:52|BNG|TPSS|BLRP|Others|Others|Incident Description: Lighting trippedFailure: IPPA u/s|True|True|False|False
4000569392|12202314|2023-11-30 09:35:54|2023-11-30 09:35:54|MKU|TPSS|BLRP|Others|Others|Incident Description: Lighting trippedFailure: IPPA u/s|True|True|False|False
4000570293|12206655|2023-12-01 20:11:56|2023-12-01 20:11:56|IBI|Low Voltage|BLRP|Others|Others|Incident Description: 6 unit flourescent unerviceableFailure: IPPA u/s|True|True|False|False
4000570290|12206417|2023-12-01 08:48:32|2023-12-01 08:48:32|TUN|TPSS|BLRP|Others|Others|Incident Description: Fan TrippedFailure: IPPA u/s|True|True|False|False
4000509663|12058309|2023-12-01 23:57:04|2023-12-01 23:57:04|HAH|TPSS|AARU|Power Supply|Power tripping|Incident Description: Power trippedFailure: IPPA u/s|True|True|True|True
4000570478|12207387|2023-12-04 01:03:01|2023-12-04 01:03:01|BFZ|TPSS|MSB|Others|Others|Incident Description: Frequent loss commFailure: IPPA u/s|True|True|False|False
4000526729|12099765|2023-12-04 09:33:20|2023-12-04 09:33:20|MAH|Low Voltage|MSB|Capacitor Bank|Loose cable termination, PFR faulty, Cap bank faulty|Incident Description: Platform fanFailure: IPPA u/s|True|True|True|True
4000571532|12207911|2023-12-05 18:40:56|2023-12-05 18:40:56|MAH|Load Break Switch|Front control panel|Others|Others|Incident Description: PID UnserviceableFailure: IPPA u/s|True|True|False|False
4000571392|12207892|2023-12-05 17:02:06|2023-12-05 17:02:06|MAH|Low Voltage|MSB|Capacitor Bank|Loose cable termination, PFR faulty, Cap bank faulty|Incident Description: Fan platformFailure: IPPA u/s|True|True|True|True
4000539136|12125120|2023-12-06 09:17:09|2023-12-06 09:17:09|CIT|Stinger|Stinger Plug & Soket|MCCB Compartment|Short circuits, MCCB trip|Incident Description: Plug point trippedFailure: IPPA u/s|True|True|True|True
4000575046|12208461|2023-12-07 14:47:26|2023-12-07 14:47:26|HAH|TPSS|MSB|Others|Others|Incident Description: Beep beep soundFailure: IPPA u/s|True|True|False|False
4000546787|12139438|2023-12-07 18:08:38|2023-12-07 18:08:38|TUN|TPSS|BLRP|Others|Others|Incident Description: Platform TripFailure: IPPA u/s|True|True|False|False
4000571393|12208719|2023-12-08 07:00:30|2023-12-08 07:00:30|BAS|TPSS|MSB|Others|Others|Incident Description: walkway lampFailure: IPPA u/s|True|True|False|False
4000571529|12208879|2023-12-08 18:12:09|2023-12-08 18:12:09|BFZ|TPSS|MSB|Others|Others|Incident Description: Track DisturbFailure: IPPA u/s|True|True|False|False
4000548308|12153442|2023-12-08 09:07:37|2023-12-08 09:07:37|RAN|TPSS|MSB|Others|Others|Incident Description: blackoutFailure: IPPA u/s|True|True|False|False
4000575047|12209314|2023-12-11 08:15:50|2023-12-11 08:15:50|MAH|TPSS|BLRP|Others|Others|Incident Description: Fan trippedFailure: IPPA u/s|True|True|False|False
4000568858|12196205|2023-12-11 16:38:31|2023-12-11 16:38:31|TUN|TPSS|BLRP|Others|Others|Incident Description: lighting trippedFailure: IPPA u/s|True|True|False|False
4000575049|12209607|2023-12-12 14:31:44|2023-12-12 14:31:44|MAH|TPSS|BLRP|Others|Others|Incident Description: Fan trippedFailure: IPPA u/s|True|True|False|False
4000575048|12209506|2023-12-12 08:33:35|2023-12-12 08:33:35|MAH|TPSS|BLRP|Others|Others|Incident Description: Fan trippedFailure: IPPA u/s|True|True|False|False
4000575051|12209780|2023-12-13 09:15:59|2023-12-13 09:15:59|MAH|TPSS|BLRP|Others|Others|Incident Description: Fan trippedFailure: IPPA u/s|True|True|False|False
4000575050|12209985|2023-12-13 17:13:07|2023-12-13 17:13:07|TUN|TPSS|MSB|Others|Others|Incident Description: 3 units high bay unserviceableFailure: IPPA u/s|True|True|False|False
4000575050|12210117|2023-12-14 05:18:36|2023-12-14 05:18:36|TUN|TPSS|750 VDC Switchgear|Feeder 1|Protection relay faulty, Protection tripping|Incident Description: Feeder unable to closeFailure: IPPA u/s|True|True|True|True
4000573462|12211567|2023-12-14 14:07:30|2023-12-14 14:07:30|BFZ|TPSS|MSB|Others|Others|Incident Description: Track disturbFailure: IPPA u/s|True|True|False|False
4000573465|12211761|2023-12-14 21:11:28|2023-12-14 21:11:28|BFZ|TPSS|MSB|Others|Others|Incident Description: Track disturbFailure: IPPA u/s|True|True|False|False
4000573460|12212195|2023-12-15 18:06:42|2023-12-15 18:06:42|BFZ|TPSS|MSB|Others|Others|Incident Description: Track disturbFailure: IPPA u/s|True|True|False|False
4000575052|12212534|2023-12-16 11:34:14|2023-12-16 11:34:14|IBI|TPSS|BLRP|Others|Others|Incident Description: Lighting trippedFailure: IPPA u/s|True|True|False|False
4000573459|12212416|2023-12-16 07:03:09|2023-12-16 07:03:09|TSZ|TPSS|MSB|Others|Others|Incident Description: Speaker unserviceableFailure: IPPA u/s|True|True|False|False
4000573459|12214152|2023-12-21 05:52:18|2023-12-21 05:52:18|MAH|TPSS|AARU|Others|Others|Incident Description: Fire alarm panel alarm triggeredFailure: IPPA u/s|True|True|False|False
4000575054|12214600|2023-12-22 11:47:21|2023-12-22 11:47:21|CIT|Load Break Switch|Power Indicator Light|Becon light|power supply failure, Cable melting|Incident Description: 3 Unit Flourescent Light UnserviceableFailure: IPPA u/s|True|True|True|True
4000575053|12214601|2023-12-22 11:50:57|2023-12-22 11:50:57|CIT|Low Voltage|MSB|Others|Others|Incident Description: Sportlight UnserviceableFailure: IPPA u/s|True|True|False|False
4000575055|12214561|2023-12-22 08:15:07|2023-12-22 08:15:07|KLS|Blue Light System|BLRP|Others|Others|Incident Description: Lamp and fan trippedFailure: IPPA u/s|True|True|False|False
4000575056|12215604|2023-12-23 22:54:29|2023-12-23 22:54:29|HAH|Stinger|Stinger Plug & Soket|Stinger Plug|Stinger plug & cable gland damage, loose termination|Incident Description: LightingFailure: IPPA u/s|True|True|True|True
4000575056|12214736|2023-12-23 05:09:24|2023-12-23 05:09:24|HAH|TPSS|MSB|Others|Others|Incident Description: multiple errorFailure: IPPA u/s|True|True|False|False
4000575056|12217486|2023-12-28 07:34:35|2023-12-28 07:34:35|MKU|TPSS|110 VDC Charger (Battery System)|DC Charager|Charger failure / faulty|Incident Description: Escalator FailureFailure: IPPA u/s|True|True|True|True
4000575056|12217880|2023-12-29 10:07:39|2023-12-29 10:07:39|MKU|Transformer|MSB|Others|Others|Incident Description: Switch bypass unserviceableFailure: IPPA u/s|True|True|False|False
4000577165|12218281|2023-12-30 15:09:57|2023-12-30 15:09:57|CIT|Transformer|MSB|Others|Others|Incident Description: Switch bypass unserviceableFailure: IPPA u/s|True|True|False|False
4000577164|12218249|2023-12-30 09:32:01|2023-12-30 09:32:01|TUN|Transformer|MSB|Others|Others|Incident Description: Switch bypass unserviceableFailure: IPPA u/s|True|True|False|False
4000577166|12218300|2023-12-30 19:51:15|2023-12-30 19:51:15|MAH|Load Break Switch|Power Indicator Light|Becon light|power supply failure, Cable melting|Incident Description: Light UnserviceableFailure: IPPA u/s|True|True|True|True
4000581590|12218119|2023-12-30 01:18:47|2023-12-30 01:18:47|MAH|TPSS|750 VDC Switchgear|Feeder 1|Protection relay faulty, Protection tripping|Incident Description: Feeder obsoleteFailure: IPPA u/s|True|True|True|True
4000533456|12112545|2022-01-01 22:03:40|2022-01-01 22:03:40|KLS|Stinger|Stinger Plug & Soket|Stinger Plug|Stinger plug & cable gland damage, loose termination|Incident Description: LightingFailure: IPPA u/s|True|True|True|True
4000533457|12112541|2022-01-01 21:14:30|2022-01-01 21:14:30|MKU|Stinger|Stinger Plug & Soket|Stinger Plug|Stinger plug & cable gland damage, loose termination|Incident Description: LightingFailure: IPPA u/s|True|True|True|True
4000555109|12167759|2022-01-01 20:07:37|2022-01-01 20:07:37|MKU|Stinger|Stinger Plug & Soket|Stinger Plug|Stinger plug & cable gland damage, loose termination|Incident Description: LightingFailure: IPPA u/s|True|True|True|True
4000555114|12167621|2022-01-01 11:18:24|2022-01-01 11:18:24|MKU|TPSS|BLRP|Others|Others|Incident Description: Lamp trippedFailure: IPPA u/s|True|True|False|False
4000575051|12209780|2022-01-01 09:15:59|2022-01-01 09:15:59|MAH|TPSS|BLRP|Others|Others|Incident Description: Fan trippedFailure: IPPA u/s|True|True|False|False
4000575050|12209985|2022-01-01 17:13:07|2022-01-01 17:13:07|TUN|TPSS|MSB|Others|Others|Incident Description: 3 units high bay unserviceableFailure: IPPA u/s|True|True|False|False
4000542693|12140325|2022-01-01 15:45:02|2022-01-01 15:45:02|TUN|TPSS|MSB|Others|Others|Incident Description: Spotlight timerFailure: IPPA u/s|True|True|False|False
4000548304|12153972|2022-01-01 18:33:48|2022-01-01 18:33:48|BFZ|TPSS|AARU|Others|Others|Incident Description: Air conditioner userviceableFailure: IPPA u/s|True|True|False|False
4000548309|12153880|2022-01-01 10:10:20|2022-01-01 10:10:20|TUN|Load Break Switch|Power Indicator Light|Becon light|power supply failure, Cable melting|Incident Description: Light timerFailure: IPPA u/s|True|True|True|True
4000555045|12168065|2022-01-01 20:07:13|2022-01-01 20:07:13|TUN|Load Break Switch|Switch - Disconnectors (LMS)|Operate Interface|Control relay malfunction|Incident Description: Lighting malfunctionFailure: IPPA u/s|True|True|True|True
4000560249|12182708|2022-01-01 09:35:05|2022-01-01 09:35:05|TUN|Load Break Switch|Power Indicator Light|Becon light|power supply failure, Cable melting|Incident Description: Utility light timer faultFailure: IPPA u/s|True|True|True|True
4000568859|12197024|2022-01-01 18:19:24|2022-01-01 18:19:24|RAN|Transformer|1500 kVA Service Transformer|Core & Winding Assembly|Winding faulty|Incident Description: Light faultFailure: IPPA u/s|True|True|True|True
4000568859|12210117|2022-01-01 05:18:36|2022-01-01 05:18:36|RAN|TPSS|750 VDC Switchgear|Feeder 1|Protection relay faulty, Protection tripping|Incident Description: Feeder unable to closeFailure: IPPA u/s|True|True|True|True
4000539622|12126045|2022-01-01 01:12:07|2022-01-01 01:12:07|SSZ|TPSS|BLRP|Others|Others|Incident Description: Lighting tripFailure: IPPA u/s|True|True|False|False
4000548302|12154204|2022-01-01 14:36:16|2022-01-01 14:36:16|BAS|Stinger|Stinger Plug & Soket|Stinger Plug|Stinger plug & cable gland damage, loose termination|Incident Description: LightingFailure: IPPA u/s|True|True|True|True
4000555117|12168433|2022-01-01 21:17:15|2022-01-01 21:17:15|TUN|Low Voltage|MSB|Others|Others|Incident Description: Lamp unserviceableFailure: IPPA u/s|True|True|False|False
4000568860|12197360|2022-01-01 22:24:32|2022-01-01 22:24:32|TUN|Stinger|Stinger Plug & Soket|Stinger Plug|Stinger plug & cable gland damage, loose termination|Incident Description: LightingFailure: IPPA u/s|True|True|True|True
4000568862|12197737|2022-01-01 12:27:14|2022-01-01 12:27:14|HAH|TPSS|MSB|Others|Others|Incident Description: Lights not offFailure: IPPA u/s|True|True|False|False
4000568861|12197735|2022-01-01 12:25:09|2022-01-01 12:25:09|TUN|TPSS|MSB|Others|Others|Incident Description: Lights not offFailure: IPPA u/s|True|True|False|False
4000575052|12212534|2022-01-01 11:34:14|2022-01-01 11:34:14|IBI|TPSS|BLRP|Others|Others|Incident Description: Lighting trippedFailure: IPPA u/s|True|True|False|False
4000566559|12183759|2022-01-01 18:25:47|2022-01-01 18:25:47|RAN|TPSS|BLRP|Others|Others|Incident Description: Utility 1 Lighting tripFailure: IPPA u/s|True|True|False|False
4000544378|12141819|2022-01-01 10:44:08|2022-01-01 10:44:08|MAH|Low Voltage|MSB|Others|Others|Incident Description: 5 fan unserviceableFailure: IPPA u/s|True|True|False|False
4000556215|12169150|2022-01-01 03:47:24|2022-01-01 03:47:24|BFZ|Low Voltage|Internal Wiring & Control|Others|Others|Incident Description: HVACFailure: IPPA u/s|True|True|False|False
4000555365|12169414|2022-01-01 14:31:07|2022-01-01 14:31:07|CIT|TPSS|AARU|Power Supply|Power tripping|Incident Description: Power plug trippedFailure: IPPA u/s|True|True|True|True
4000555121|12169393|2022-01-01 12:26:29|2022-01-01 12:26:29|RAN|TPSS|11 kV VCB Switchgear|Instrument|Open circuit in CT secondary|Incident Description: Genset runFailure: IPPA u/s|True|True|True|True
4000555118|12169336|2022-01-01 08:01:20|2022-01-01 08:01:20|RAN|TPSS|BLRP|Others|Others|Incident Description: Lighting trippedFailure: IPPA u/s|True|True|False|False
4000568864|12198922|2022-01-01 18:38:12|2022-01-01 18:38:12|TUN|TPSS|40 KVA (Station)|Others|Others|Incident Description: Highbay UnserviceableFailure: IPPA u/s|True|True|False|False
4000568866|12198937|2022-01-01 06:24:11|2022-01-01 06:24:11|TUN|TPSS|BLRP|Others|Others|Incident Description: Lighting trippedFailure: IPPA u/s|True|True|False|False
4000513798|12061286|2022-01-01 11:45:29|2022-01-01 11:45:29|TUN|Generator Set|Volvo 100kVa|Battery|Charger card failure, power supply failure, Battery faulty|Incident Description: TNB supplyFailure: IPPA u/s|True|True|True|True
4000544380|12142360|2022-01-01 09:45:05|2022-01-01 09:45:05|BFZ|TPSS|AARU|Display Panel|Power supply failure|Incident Description: AARU device faultFailure: IPPA u/s|True|True|True|True
4000568867|12200127|2022-01-01 17:43:31|2022-01-01 17:43:31|CIT|TPSS|BLRP|Others|Others|Incident Description: Lighting trippedFailure: IPPA u/s|True|True|False|False
4000568867|12214152|2022-01-01 05:52:18|2022-01-01 05:52:18|MAH|TPSS|AARU|Others|Others|Incident Description: Fire alarm panel alarm triggeredFailure: IPPA u/s|True|True|False|False
4000523376|12089158|2022-01-01 17:56:36|2022-01-01 17:56:36|MAH|TPSS|11 kV VCB Switchgear|Others|Others|Incident Description: Voltmeter for 11kV bus VTFailure: IPPA u/s|True|True|False|False
4000523375|12089171|2022-01-01 18:24:29|2022-01-01 18:24:29|MAH|TPSS|MSB|Others|Others|Incident Description: Voltmeter replacement for Bus VT 11kVFailure: IPPA u/s|True|True|False|False
4000523374|12089161|2022-01-01 18:02:23|2022-01-01 18:02:23|SSZ|TPSS|MSB|Others|Others|Incident Description: Voltmeter replacement for Bus VT 11kVFailure: IPPA u/s|True|True|False|False
4000523372|12089168|2022-01-01 18:16:00|2022-01-01 18:16:00|SSZ|TPSS|MSB|Others|Others|Incident Description: Voltmeter replacement for Bus VT 11kVFailure: IPPA u/s|True|True|False|False
4000539623|12129524|2022-01-01 12:00:11|2022-01-01 12:00:11|SSZ|Load Break Switch|Power Indicator Light|Becon light|power supply failure, Cable melting|Incident Description: Light TrippedFailure: IPPA u/s|True|True|True|True
4000575053|12214601|2022-01-01 11:50:57|2022-01-01 11:50:57|CIT|Low Voltage|MSB|Others|Others|Incident Description: Sportlight UnserviceableFailure: IPPA u/s|True|True|False|False
4000575054|12214600|2022-01-01 11:47:21|2022-01-01 11:47:21|CIT|Load Break Switch|Power Indicator Light|Becon light|power supply failure, Cable melting|Incident Description: 3 Unit Flourescent Light UnserviceableFailure: IPPA u/s|True|True|True|True
4000575055|12214561|2022-01-01 08:15:07|2022-01-01 08:15:07|KLS|Blue Light System|BLRP|Others|Others|Incident Description: Lamp and fan trippedFailure: IPPA u/s|True|True|False|False
4000575056|12215604|2022-01-01 22:54:29|2022-01-01 22:54:29|HAH|Stinger|Stinger Plug & Soket|Stinger Plug|Stinger plug & cable gland damage, loose termination|Incident Description: LightingFailure: IPPA u/s|True|True|True|True
4000550277|12157072|2022-01-01 12:39:41|2022-01-01 12:39:41|MAH|Load Break Switch|Switch - Disconnectors (LMS)|Operate Interface|Control relay malfunction|Incident Description: Highbay malfunctionFailure: IPPA u/s|True|True|True|True
4000546405|12143591|2022-01-01 02:33:03|2022-01-01 02:33:03|BFZ|TPSS|750 VDC Switchgear|Feeder 4|Protection relay faulty, Protection tripping|Incident Description: Feeder 4 unable to closeFailure: IPPA u/s|True|True|True|True
4000562929|12186461|2022-01-01 08:31:40|2022-01-01 08:31:40|RAN|Load Break Switch|Front control panel|Indicators light|Bulb / LED faulty|Incident Description: Light and fan tripFailure: IPPA u/s|True|True|True|True
4000533864|12117036|2022-01-01 21:00:06|2022-01-01 21:00:06|BFZ|TPSS|750 VDC Switchgear|Feeder 1|Protection relay faulty, Protection tripping|Incident Description: BUSVAR feeder loss communicationFailure: IPPA u/s|True|True|True|True
4000533864|12186826|2022-01-01 10:16:46|2022-01-01 10:16:46|KLS|Transformer|MSB|Others|Others|Incident Description: lamp unable to be close by using switchFailure: IPPA u/s|True|True|False|False
4000566563|12186885|2022-01-01 15:23:03|2022-01-01 15:23:03|RAN|TPSS|BLRP|Others|Others|Incident Description: Fan TrippedFailure: IPPA u/s|True|True|False|False
4000563048|12186924|2022-01-01 18:33:54|2022-01-01 18:33:54|RAN|TPSS|750 VDC Switchgear|Feeder 1|Protection relay faulty, Protection tripping|Incident Description: TPSS loss comsFailure: IPPA u/s|True|True|True|True
4000529621|12103992|2022-01-01 20:04:38|2022-01-01 20:04:38|IBI|TPSS|BLRP|Others|Others|Incident Description: Lighting trippedFailure: IPPA u/s|True|True|False|False
4000533863|12117227|2022-01-01 11:49:27|2022-01-01 11:49:27|MAH|TPSS|BLRP|Others|Others|Incident Description: Lighting trippedFailure: IPPA u/s|True|True|False|False
4000557004|12173242|2022-01-01 21:02:05|2022-01-01 21:02:05|MAH|TPSS|BLRP|Others|Others|Incident Description: lighting trippedFailure: IPPA u/s|True|True|False|False
4000566565|12187281|2022-01-01 13:52:54|2022-01-01 13:52:54|TUN|TPSS|BLRP|Others|Others|Incident Description: Lighting tripFailure: IPPA u/s|True|True|False|False
4000562930|12186987|2022-01-01 05:24:41|2022-01-01 05:24:41|TUN|Low Voltage|MSB|MCCB|Short circuits, MCCB trip|Incident Description: TripFailure: IPPA u/s|True|True|True|True
4000568868|12201435|2022-01-01 06:21:43|2022-01-01 06:21:43|BNG|TPSS|BLRP|Others|Others|Incident Description: lighting tripFailure: IPPA u/s|True|True|False|False
4000569391|12202136|2022-01-01 19:26:52|2022-01-01 19:26:52|BNG|TPSS|BLRP|Others|Others|Incident Description: Lighting trippedFailure: IPPA u/s|True|True|False|False
4000529622|12104637|2022-01-01 05:29:46|2022-01-01 05:29:46|BNG|TPSS|750 VDC Switchgear|Feeder 1|Protection relay faulty, Protection tripping|Incident Description: TPSS feeder statusFailure: IPPA u/s|True|True|True|True
4000535681|12117901|2022-01-01 19:24:54|2022-01-01 19:24:54|BNG|Stinger|Stinger Plug & Soket|Stinger Plug|Stinger plug & cable gland damage, loose termination|Incident Description: LightingFailure: IPPA u/s|True|True|True|True
4000569392|12202314|2022-01-01 09:35:54|2022-01-01 09:35:54|MKU|TPSS|BLRP|Others|Others|Incident Description: Lighting trippedFailure: IPPA u/s|True|True|False|False
4000577166|12218300|2022-01-01 19:51:15|2022-01-01 19:51:15|MAH|Load Break Switch|Power Indicator Light|Becon light|power supply failure, Cable melting|Incident Description: Light UnserviceableFailure: IPPA u/s|True|True|True|True
4000581590|12218119|2022-01-01 01:18:47|2022-01-01 01:18:47|MAH|TPSS|750 VDC Switchgear|Feeder 1|Protection relay faulty, Protection tripping|Incident Description: Feeder obsoleteFailure: IPPA u/s|True|True|True|True
4000552498|12159330|2022-01-01 19:37:00|2022-01-01 19:37:00|HAH|TPSS|BLRP|Others|Others|Incident Description: Lamp trippedFailure: IPPA u/s|True|True|False|False
4000566571|12188466|2022-01-01 17:28:55|2022-01-01 17:28:55|HAH|TPSS|750 VDC Switchgear|Feeder 1|Protection relay faulty, Protection tripping|Incident Description: TPSS busbar errorFailure: IPPA u/s|True|True|True|True
4000581592|12222349|2024-01-01 22:27:45|2024-01-01 22:27:45|IBI|Low Voltage|MSB|Others|Others|Incident Description: Fan unserviceableFailure: IPPA u/s|True|True|False|False
4000581591|12222330|2024-01-01 18:48:28|2024-01-01 18:48:28|RAN|Low Voltage|MSB|Others|Others|Incident Description: Lamp unserviceableFailure: IPPA u/s|True|True|False|False
4000581592|12222349|2024-01-01 22:27:45|2024-01-01 22:27:45|IBI|Low Voltage|MSB|Others|Others|Incident Description: Fan unserviceableFailure: IPPA u/s|True|True|False|False
4000581591|12222330|2024-01-01 18:48:28|2024-01-01 18:48:28|RAN|Low Voltage|MSB|Others|Others|Incident Description: Lamp unserviceableFailure: IPPA u/s|True|True|False|False
4000581593|12223609|2024-01-04 18:10:04|2024-01-04 18:10:04|IBI|TPSS|BLRP|Others|Others|Incident Description: TrppedFailure: IPPA u/s|True|True|False|False
4000577013|12223594|2024-01-04 16:29:35|2024-01-04 16:29:35|BFZ|TPSS|MSB|Others|Others|Incident Description: Track DisturbFailure: IPPA u/s|True|True|False|False
4000581593|12223609|2024-01-04 18:10:04|2024-01-04 18:10:04|IBI|TPSS|BLRP|Others|Others|Incident Description: TrppedFailure: IPPA u/s|True|True|False|False
4000577043|12224231|2024-01-06 10:19:29|2024-01-06 10:19:29|MAH|Low Voltage|AARU|Others|Others|Incident Description: Anydesk no network.Failure: IPPA u/s|True|True|False|False
4000581594|12224809|2024-01-08 19:16:01|2024-01-08 19:16:01|BFZ|Load Break Switch|Power Indicator Light|Becon light|power supply failure, Cable melting|Incident Description: Light unserviceableFailure: IPPA u/s|True|True|True|True
4000581594|12224809|2024-01-08 19:16:01|2024-01-08 19:16:01|BFZ|Load Break Switch|Power Indicator Light|Becon light|power supply failure, Cable melting|Incident Description: Light unserviceableFailure: IPPA u/s|True|True|True|True
4000581596|12226696|2024-01-14 08:23:41|2024-01-14 08:23:41|TUN|Load Break Switch|Power Indicator Light|Becon light|power supply failure, Cable melting|Incident Description: light trippedFailure: IPPA u/s|True|True|True|True
4000581596|12226696|2024-01-14 08:23:41|2024-01-14 08:23:41|TUN|Load Break Switch|Power Indicator Light|Becon light|power supply failure, Cable melting|Incident Description: light trippedFailure: IPPA u/s|True|True|True|True
4000581597|12227359|2024-01-16 07:28:46|2024-01-16 07:28:46|TUN|TPSS|MSB|Others|Others|Incident Description: Spotlight unserviceableFailure: IPPA u/s|True|True|False|False
4000581598|12227390|2024-01-16 10:18:35|2024-01-16 10:18:35|BNG|TPSS|BLRP|Others|Others|Incident Description: lighting tripFailure: IPPA u/s|True|True|False|False
4000581597|12227359|2024-01-16 07:28:46|2024-01-16 07:28:46|BNG|TPSS|MSB|Others|Others|Incident Description: Spotlight unserviceableFailure: IPPA u/s|True|True|False|False
4000581598|12227390|2024-01-16 10:18:35|2024-01-16 10:18:35|BNG|TPSS|BLRP|Others|Others|Incident Description: lighting tripFailure: IPPA u/s|True|True|False|False
4000584027|12227984|2024-01-17 18:07:22|2024-01-17 18:07:22|BFZ|Generator Set|40 KVA (OCC)|Others|Others|Incident Description: GW sensor loss communicationFailure: IPPA u/s|True|True|False|False
4000581599|12228404|2024-01-18 15:02:33|2024-01-18 15:02:33|IBI|TPSS|AARU|Power Supply|Power tripping|Incident Description: power supplytripFailure: IPPA u/s|True|True|True|True
4000581599|12228404|2024-01-18 15:02:33|2024-01-18 15:02:33|IBI|TPSS|AARU|Power Supply|Power tripping|Incident Description: power supplytripFailure: IPPA u/s|True|True|True|True
4000582149|12229611|2024-01-20 20:55:05|2024-01-20 20:55:05|IBI|Generator Set|40 KVA (OCC)|Others|Others|Incident Description: GW sensor loss communicationFailure: IPPA u/s|True|True|False|False
4000585093|12229581|2024-01-20 14:07:21|2024-01-20 14:07:21|BNG|TPSS|MSB|Others|Others|Incident Description: Fan and socket outlet tripFailure: IPPA u/s|True|True|False|False
4000585094|12229610|2024-01-20 20:49:57|2024-01-20 20:49:57|BNG|Load Break Switch|Power Indicator Light|Becon light|power supply failure, Cable melting|Incident Description: Light TrippedFailure: IPPA u/s|True|True|True|True
4000585093|12229581|2024-01-20 14:07:21|2024-01-20 14:07:21|BNG|TPSS|MSB|Others|Others|Incident Description: Fan and socket outlet tripFailure: IPPA u/s|True|True|False|False
4000585094|12229610|2024-01-20 20:49:57|2024-01-20 20:49:57|BNG|Load Break Switch|Power Indicator Light|Becon light|power supply failure, Cable melting|Incident Description: Light TrippedFailure: IPPA u/s|True|True|True|True
4000585097|12229660|2024-01-21 05:41:23|2024-01-21 05:41:23|MKU|Stinger|AARU|Others|Others|Incident Description: Siren UnserviceableFailure: IPPA u/s|True|True|False|False
4000585099|12230805|2024-01-23 20:45:20|2024-01-23 20:45:20|BAS|Stinger|Stinger Plug & Soket|Stinger Plug|Stinger plug & cable gland damage, loose termination|Incident Description: LightingFailure: IPPA u/s|True|True|True|True
4000585098|12230602|2024-01-23 12:08:46|2024-01-23 12:08:46|MKU|TPSS|AARU|Others|Others|Incident Description: Aircond trippedFailure: IPPA u/s|True|True|False|False
4000585099|12230805|2024-01-23 20:45:20|2024-01-23 20:45:20|BAS|Stinger|Stinger Plug & Soket|Stinger Plug|Stinger plug & cable gland damage, loose termination|Incident Description: LightingFailure: IPPA u/s|True|True|True|True
4000585098|12230602|2024-01-23 12:08:46|2024-01-23 12:08:46|MKU|TPSS|AARU|Others|Others|Incident Description: Aircond trippedFailure: IPPA u/s|True|True|False|False
4000582146|12230917|2024-01-24 10:25:17|2024-01-24 10:25:17|KLS|TPSS|BLRP|Others|Others|Incident Description: Lighting trippedFailure: IPPA u/s|True|True|False|False
4000582146|12230917|2024-01-24 10:25:17|2024-01-24 10:25:17|KLS|TPSS|BLRP|Others|Others|Incident Description: Lighting trippedFailure: IPPA u/s|True|True|False|False
4000585101|12232079|2024-01-28 20:21:53|2024-01-28 20:21:53|BNG|TPSS|BLRP|Others|Others|Incident Description: Linkbridge trippedFailure: IPPA u/s|True|True|False|False
4000585101|12232079|2024-01-28 20:21:53|2024-01-28 20:21:53|BNG|TPSS|BLRP|Others|Others|Incident Description: Linkbridge trippedFailure: IPPA u/s|True|True|False|False
4000582151|12232693|2024-01-30 21:52:11|2024-01-30 21:52:11|MKU|TPSS|Front control panel|Others|Others|Incident Description: Highbay trippedFailure: IPPA u/s|True|True|False|False
4000582151|12232693|2024-01-30 21:52:11|2024-01-30 21:52:11|MKU|TPSS|Front control panel|Others|Others|Incident Description: Highbay trippedFailure: IPPA u/s|True|True|False|False
4000585102|12238049|2024-02-03 12:37:08|2024-02-03 12:37:08|TUN|Load Break Switch|Power Indicator Light|Becon light|power supply failure, Cable melting|Incident Description: Lamp unable to light offFailure: IPPA u/s|True|True|True|True
4000585102|12238049|2024-02-03 12:37:08|2024-02-03 12:37:08|TUN|Load Break Switch|Power Indicator Light|Becon light|power supply failure, Cable melting|Incident Description: Lamp unable to light offFailure: IPPA u/s|True|True|True|True
4000585105|12239096|2024-02-07 11:18:09|2024-02-07 11:18:09|IBI|TPSS|BLRP|Others|Others|Incident Description: Lamp TrippedFailure: IPPA u/s|True|True|False|False
4000585104|12239032|2024-02-07 07:37:37|2024-02-07 07:37:37|TUN|TPSS|BLRP|Others|Others|Incident Description: Lamp TrippedFailure: IPPA u/s|True|True|False|False
4000585107|12239240|2024-02-07 19:30:32|2024-02-07 19:30:32|BNG|TPSS|BLRP|Others|Others|Incident Description: Lighting trippedFailure: IPPA u/s|True|True|False|False
4000585105|12239096|2024-02-07 11:18:09|2024-02-07 11:18:09|IBI|TPSS|BLRP|Others|Others|Incident Description: Lamp TrippedFailure: IPPA u/s|True|True|False|False
4000585104|12239032|2024-02-07 07:37:37|2024-02-07 07:37:37|TUN|TPSS|BLRP|Others|Others|Incident Description: Lamp TrippedFailure: IPPA u/s|True|True|False|False
4000585107|12239240|2024-02-07 19:30:32|2024-02-07 19:30:32|BNG|TPSS|BLRP|Others|Others|Incident Description: Lighting trippedFailure: IPPA u/s|True|True|False|False
4000585108|12240294|2024-02-09 23:14:19|2024-02-09 23:14:19|KLS|Load Break Switch|Power Indicator Light|Becon light|power supply failure, Cable melting|Incident Description: unit light at platform 2 unserviceableFailure: IPPA u/s|True|True|True|True
4000585108|12240294|2024-02-09 23:14:19|2024-02-09 23:14:19|KLS|Load Break Switch|Power Indicator Light|Becon light|power supply failure, Cable melting|Incident Description: unit light at platform 2 unserviceableFailure: IPPA u/s|True|True|True|True
4000585111|12240501|2024-02-10 19:16:53|2024-02-10 19:16:53|KLS|TPSS|BLRP|Others|Others|Incident Description: Lighting tripFailure: IPPA u/s|True|True|False|False
4000591707|12240415|2024-02-10 06:44:44|2024-02-10 06:44:44|TSZ|Low Voltage|MSB|Others|Others|Incident Description: sportlight lamp at SW 2 unserviceable.Failure: IPPA u/s|True|True|False|False
4000585109|12240338|2024-02-10 03:24:29|2024-02-10 03:24:29|TSZ|Low Voltage|BLRP|Others|Others|Incident Description: Lamp for local unserviceableFailure: IPPA u/s|True|True|False|False
4000585111|12240501|2024-02-10 19:16:53|2024-02-10 19:16:53|KLS|TPSS|BLRP|Others|Others|Incident Description: Lighting tripFailure: IPPA u/s|True|True|False|False
4000591707|12240415|2024-02-10 06:44:44|2024-02-10 06:44:44|TSZ|Low Voltage|MSB|Others|Others|Incident Description: sportlight lamp at SW 2 unserviceable.Failure: IPPA u/s|True|True|False|False
4000585109|12240338|2024-02-10 03:24:29|2024-02-10 03:24:29|TSZ|Low Voltage|BLRP|Others|Others|Incident Description: Lamp for local unserviceableFailure: IPPA u/s|True|True|False|False
4000585112|12240947|2024-02-12 15:07:56|2024-02-12 15:07:56|BNG|TPSS|BLRP|Others|Others|Incident Description: Lighting TrippedFailure: IPPA u/s|True|True|False|False
4000585112|12240947|2024-02-12 15:07:56|2024-02-12 15:07:56|BNG|TPSS|BLRP|Others|Others|Incident Description: Lighting TrippedFailure: IPPA u/s|True|True|False|False
4000588087|12241630|2024-02-14 18:27:35|2024-02-14 18:27:35|BNG|TPSS|MSB|Others|Others|Incident Description: lighting tripped at level 4 male prayersFailure: IPPA u/s|True|True|False|False
4000588087|12241630|2024-02-14 18:27:35|2024-02-14 18:27:35|BNG|TPSS|MSB|Others|Others|Incident Description: lighting tripped at level 4 male prayersFailure: IPPA u/s|True|True|False|False
4000591710|12241934|2024-02-15 13:32:49|2024-02-15 13:32:49|BNG|TPSS|BLRP|Others|Others|Incident Description: Request plug pointFailure: IPPA u/s|True|True|False|False
4000586278|12243176|2024-02-17 12:29:09|2024-02-17 12:29:09|BFZ|UPS|Internal Wiring & Control|Others|Others|Incident Description: Track UZ/EF DisturbFailure: IPPA u/s|True|True|False|False
4000591711|12243850|2024-02-19 16:17:49|2024-02-19 16:17:49|BFZ|Low Voltage|MSB|Others|Others|Incident Description: 2 unit downlight UnserviceableFailure: IPPA u/s|True|True|False|False
4000591713|12243901|2024-02-19 17:53:38|2024-02-19 17:53:38|BFZ|TPSS|MSB|Others|Others|Incident Description: lighting unserviceableFailure: IPPA u/s|True|True|False|False
4000591713|12243901|2024-02-19 17:53:38|2024-02-19 17:53:38|BFZ|TPSS|MSB|Others|Others|Incident Description: lighting unserviceableFailure: IPPA u/s|True|True|False|False
4000591714|12244531|2024-02-21 04:43:52|2024-02-21 04:43:52|BFZ|TPSS|750 VDC Switchgear|Feeder 1|Protection relay faulty, Protection tripping|Incident Description: AARU TPSS HTZ status OpenFailure: IPPA u/s|True|True|True|True
4000591714|12244531|2024-02-21 04:43:52|2024-02-21 04:43:52|BFZ|TPSS|750 VDC Switchgear|Feeder 1|Protection relay faulty, Protection tripping|Incident Description: AARU TPSS HTZ status OpenFailure: IPPA u/s|True|True|True|True
4000599721|12246240|2024-02-24 18:23:15|2024-02-24 18:23:15|KLS|Load Break Switch|Power Indicator Light|Becon light|power supply failure, Cable melting|Incident Description: light tripped at platform 2 KLSFailure: IPPA u/s|True|True|True|True
4000599720|12246075|2024-02-24 08:39:01|2024-02-24 08:39:01|KLS|TPSS|750 VDC Switchgear|Feeder 4|Protection relay faulty, Protection tripping|Incident Description: HTZ 750Vdc Feeder 4 OpenFailure: IPPA u/s|True|True|True|True
4000599721|12246240|2024-02-24 18:23:15|2024-02-24 18:23:15|KLS|Load Break Switch|Power Indicator Light|Becon light|power supply failure, Cable melting|Incident Description: light tripped at platform 2 KLSFailure: IPPA u/s|True|True|True|True
4000599720|12246075|2024-02-24 08:39:01|2024-02-24 08:39:01|KLS|TPSS|750 VDC Switchgear|Feeder 4|Protection relay faulty, Protection tripping|Incident Description: HTZ 750Vdc Feeder 4 OpenFailure: IPPA u/s|True|True|True|True
4000588185|12247352|2024-02-27 13:59:34|2024-02-27 13:59:34|TUN|TPSS|MSB|Others|Others|Incident Description: helppointFailure: IPPA u/s|True|True|False|False
4000599722|12247453|2024-02-27 19:34:34|2024-02-27 19:34:34|TUN|Stinger|Stinger Plug & Soket|Stinger Plug|Stinger plug & cable gland damage, loose termination|Incident Description: LightingFailure: IPPA u/s|True|True|True|True
4000599722|12247453|2024-02-27 19:34:34|2024-02-27 19:34:34|TUN|Stinger|Stinger Plug & Soket|Stinger Plug|Stinger plug & cable gland damage, loose termination|Incident Description: LightingFailure: IPPA u/s|True|True|True|True
4000588288|12248088|2024-02-28 17:26:05|2024-02-28 17:26:05|BFZ|TPSS|MSB|Others|Others|Incident Description: Track disturbFailure: IPPA u/s|True|True|False|False
4000588288|12253568|2024-03-02 19:22:13|2024-03-02 19:22:13|BFZ|Low Voltage|30 KVA (DCC)|Others|Others|Incident Description: Lamp u/sFailure: IPPA u/s|True|True|False|False
4000599724|12253523|2024-03-02 14:18:38|2024-03-02 14:18:38|IBI|Load Break Switch|Switch - Disconnectors (LMS)|Operate Interface|Control relay malfunction|Incident Description: 1 unit fan malfunction.Failure: IPPA u/s|True|True|True|True
4000599724|12253523|2024-03-02 14:18:38|2024-03-02 14:18:38|IBI|Load Break Switch|Switch - Disconnectors (LMS)|Operate Interface|Control relay malfunction|Incident Description: 1 unit fan malfunction.Failure: IPPA u/s|True|True|True|True
4000589614|12253821|2024-03-04 10:53:49|2024-03-04 10:53:49|BFZ|Load Break Switch|40 KVA (Station)|Others|Others|Incident Description: ML PCT Mainline Link FailureFailure: IPPA u/s|True|True|False|False
4000590243|12254402|2024-03-06 07:45:42|2024-03-06 07:45:42|IBI|TPSS|2000 kW Rectifier|Control System|Power supply failure, equipment faulty|Incident Description: Train service system screen errorFailure: IPPA u/s|True|True|True|True
4000590814|12254959|2024-03-07 10:28:59|2024-03-07 10:28:59|IBI|Low Voltage|Internal Wiring & Control|Others|Others|Incident Description: DRSIS UnserviceableFailure: IPPA u/s|True|True|False|False
4000599726|12255283|2024-03-08 07:23:10|2024-03-08 07:23:10|IBI|UPS|BLRP|Others|Others|Incident Description: power socket outlet tripped.Failure: IPPA u/s|True|True|False|False
4000599726|12255283|2024-03-08 07:23:10|2024-03-08 07:23:10|IBI|UPS|BLRP|Others|Others|Incident Description: power socket outlet tripped.Failure: IPPA u/s|True|True|False|False
4000600592|12255704|2024-03-09 12:22:23|2024-03-09 12:22:23|TUN|Load Break Switch|Power Indicator Light|Becon light|power supply failure, Cable melting|Incident Description: Lamp unable to light offFailure: IPPA u/s|True|True|True|True
4000600592|12255704|2024-03-09 12:22:23|2024-03-09 12:22:23|TUN|Load Break Switch|Power Indicator Light|Becon light|power supply failure, Cable melting|Incident Description: Lamp unable to light offFailure: IPPA u/s|True|True|True|True
4000600592|12255934|2024-03-10 10:49:13|2024-03-10 10:49:13|HAH|TPSS|EMSB|Others|Others|Incident Description: escalator trippedFailure: IPPA u/s|True|True|False|False
4000600592|12255934|2024-03-10 10:49:13|2024-03-10 10:49:13|HAH|TPSS|EMSB|Others|Others|Incident Description: escalator trippedFailure: IPPA u/s|True|True|False|False
4000600592|12256740|2024-03-14 00:11:32|2024-03-14 00:11:32|IBI|Load Break Switch|Front control panel|Push button|Faulty auxiliary contacts|Incident Description: lift button powerFailure: IPPA u/s|True|True|True|True
4000600592|12256737|2024-03-14 00:07:29|2024-03-14 00:07:29|IBI|TPSS|MSB|Others|Others|Incident Description: broken stand fanFailure: IPPA u/s|True|True|False|False
4000600592|12256738|2024-03-14 00:09:15|2024-03-14 00:09:15|IBI|TPSS|MSB|Others|Others|Incident Description: broken tilesFailure: IPPA u/s|True|True|False|False
4000600592|12256740|2024-03-14 00:11:32|2024-03-14 00:11:32|IBI|Load Break Switch|Front control panel|Push button|Faulty auxiliary contacts|Incident Description: lift button powerFailure: IPPA u/s|True|True|True|True
4000600592|12256737|2024-03-14 00:07:29|2024-03-14 00:07:29|IBI|TPSS|MSB|Others|Others|Incident Description: broken stand fanFailure: IPPA u/s|True|True|False|False
4000600594|12257889|2024-03-16 11:04:24|2024-03-16 11:04:24|MAH|TPSS|MSB|Others|Others|Incident Description: High bay ONFailure: IPPA u/s|True|True|False|False
4000600593|12257888|2024-03-16 11:00:52|2024-03-16 11:00:52|RAN|TPSS|MSB|Others|Others|Incident Description: High bay ONFailure: IPPA u/s|True|True|False|False
4000600594|12257889|2024-03-16 11:04:24|2024-03-16 11:04:24|MAH|TPSS|MSB|Others|Others|Incident Description: High bay ONFailure: IPPA u/s|True|True|False|False
4000600593|12257888|2024-03-16 11:00:52|2024-03-16 11:00:52|RAN|TPSS|MSB|Others|Others|Incident Description: High bay ONFailure: IPPA u/s|True|True|False|False
4000594100|12259721|2024-03-20 07:30:55|2024-03-20 07:30:55|TSZ|UPS|40 KVA (Station)|Cable|Insulation is cracked or brittle, Cable fault|Incident Description: Cable clipFailure: IPPA u/s|True|True|True|True
4000600595|12259755|2024-03-20 08:37:26|2024-03-20 08:37:26|TUN|TPSS|AARU|Power Supply|Power tripping|Incident Description: power tripFailure: IPPA u/s|True|True|True|True
4000600595|12259723|2024-03-20 07:36:08|2024-03-20 07:36:08|TUN|TPSS|BLRP|Others|Others|Incident Description: train coastingFailure: IPPA u/s|True|True|False|False
4000600595|12259761|2024-03-20 08:41:48|2024-03-20 08:41:48|TUN|TPSS|AARU|Others|Others|Incident Description: Fire alarm activatedFailure: IPPA u/s|True|True|False|False
4000600595|12259761|2024-03-20 08:41:48|2024-03-20 08:41:48|TUN|TPSS|AARU|Others|Others|Incident Description: Fire alarm activatedFailure: IPPA u/s|True|True|False|False
4000600596|12260133|2024-03-21 03:50:02|2024-03-21 03:50:02|BNG|TPSS|AARU|Power Supply|Power tripping|Incident Description: Aircond Power TrippedFailure: IPPA u/s|True|True|True|True
4000600597|12260194|2024-03-21 08:15:29|2024-03-21 08:15:29|KLS|TPSS|MSB|Others|Others|Incident Description: 1 unit lamp and 2 unit fan trippedFailure: IPPA u/s|True|True|False|False
4000600596|12260133|2024-03-21 03:50:02|2024-03-21 03:50:02|BNG|TPSS|AARU|Power Supply|Power tripping|Incident Description: Aircond Power TrippedFailure: IPPA u/s|True|True|True|True
4000600597|12260194|2024-03-21 08:15:29|2024-03-21 08:15:29|KLS|TPSS|MSB|Others|Others|Incident Description: 1 unit lamp and 2 unit fan trippedFailure: IPPA u/s|True|True|False|False
4000596510|12260922|2024-03-26 08:10:04|2024-03-26 08:10:04|CIT|Low Voltage|40 KVA (Station)|Others|Others|Incident Description: Platform fan unserviceableFailure: IPPA u/s|True|True|False|False
4000596510|12260922|2024-03-26 08:10:04|2024-03-26 08:10:04|CIT|Low Voltage|40 KVA (Station)|Others|Others|Incident Description: Platform fan unserviceableFailure: IPPA u/s|True|True|False|False
4000600598|12262290|2024-03-27 15:48:03|2024-03-27 15:48:03|CIT|Low Voltage|MSB|Current Transformer|Open circuits, CT faulty|Incident Description: Current tripFailure: IPPA u/s|True|True|True|True
4000594097|12261349|2024-03-27 00:29:58|2024-03-27 00:29:58|BFZ|TPSS|MSB|Others|Others|Incident Description: Track disturbFailure: IPPA u/s|True|True|False|False
4000594583|12262359|2024-03-27 17:42:26|2024-03-27 17:42:26|BFZ|TPSS|2000 kW Rectifier|Control System|Power supply failure, equipment faulty|Incident Description: Track DR out of controlFailure: IPPA u/s|True|True|True|True
4000600598|12262290|2024-03-27 15:48:03|2024-03-27 15:48:03|CIT|Low Voltage|MSB|Current Transformer|Open circuits, CT faulty|Incident Description: Current tripFailure: IPPA u/s|True|True|True|True
4000600599|12262465|2024-03-28 08:21:18|2024-03-28 08:21:18|KLS|UPS|AARU|Others|Others|Incident Description: 2 units fan trippedFailure: IPPA u/s|True|True|False|False
4000600599|12262465|2024-03-28 08:21:18|2024-03-28 08:21:18|KLS|UPS|AARU|Others|Others|Incident Description: 2 units fan trippedFailure: IPPA u/s|True|True|False|False
4000600600|12263626|2024-03-31 04:14:34|2024-03-31 04:14:34|KLS|Load Break Switch|Power Indicator Light|Becon light|power supply failure, Cable melting|Incident Description: Light at switch unserviceableFailure: IPPA u/s|True|True|True|True
4000600600|12263626|2024-03-31 04:14:34|2024-03-31 04:14:34|KLS|Load Break Switch|Power Indicator Light|Becon light|power supply failure, Cable melting|Incident Description: Light at switch unserviceableFailure: IPPA u/s|True|True|True|True
4000597689|12270139|2024-04-08 04:51:18|2024-04-08 04:51:18|BFZ|Low Voltage|30 KVA (DCC)|Others|Others|Incident Description: HTZ loss commsFailure: IPPA u/s|True|True|False|False
4000600601|12271426|2024-04-15 07:55:19|2024-04-15 07:55:19|BFZ|TPSS|AARU|Power Supply|Power tripping|Incident Description: Power TrippedFailure: IPPA u/s|True|True|True|True
4000600601|12271426|2024-04-15 07:55:19|2024-04-15 07:55:19|BFZ|TPSS|AARU|Power Supply|Power tripping|Incident Description: Power TrippedFailure: IPPA u/s|True|True|True|True
4000600602|12272648|2024-04-17 19:49:26|2024-04-17 19:49:26|BFZ|TPSS|750 VDC Switchgear|Feeder 1|Protection relay faulty, Protection tripping|Incident Description: TPSS BusbarFailure: IPPA u/s|True|True|True|True
4000598321|12272439|2024-04-17 13:53:59|2024-04-17 13:53:59|BFZ|Load Break Switch|40 KVA (Station)|Others|Others|Incident Description: ML PCT Mainline Link FailureFailure: IPPA u/s|True|True|False|False
4000600602|12272648|2024-04-17 19:49:26|2024-04-17 19:49:26|BFZ|TPSS|750 VDC Switchgear|Feeder 1|Protection relay faulty, Protection tripping|Incident Description: TPSS BusbarFailure: IPPA u/s|True|True|True|True
4000600603|12273754|2024-04-20 06:55:40|2024-04-20 06:55:40|HAH|TPSS|AARU|Others|Others|Incident Description: Fire alram triggeredFailure: IPPA u/s|True|True|False|False
4000600603|12273754|2024-04-20 06:55:40|2024-04-20 06:55:40|HAH|TPSS|AARU|Others|Others|Incident Description: Fire alram triggeredFailure: IPPA u/s|True|True|False|False
4000600604|12274769|2024-04-23 10:46:53|2024-04-23 10:46:53|MAH|UPS|BLRP|Others|Others|Incident Description: lamp timer u/sFailure: IPPA u/s|True|True|False|False
4000600605|12275029|2024-04-23 14:19:33|2024-04-23 14:19:33|MAH|Low Voltage|MSB|Others|Others|Incident Description: Downlight unserviceableFailure: IPPA u/s|True|True|False|False
4000600607|12275078|2024-04-23 16:58:58|2024-04-23 16:58:58|TUN|TPSS|BLRP|Others|Others|Incident Description: 3 unit Highbay at platform 1 unserviceabFailure: IPPA u/s|True|True|False|False
4000600604|12274769|2024-04-23 10:46:53|2024-04-23 10:46:53|MAH|UPS|BLRP|Others|Others|Incident Description: lamp timer u/sFailure: IPPA u/s|True|True|False|False
4000600605|12275029|2024-04-23 14:19:33|2024-04-23 14:19:33|MAH|Low Voltage|MSB|Others|Others|Incident Description: Downlight unserviceableFailure: IPPA u/s|True|True|False|False
4000600607|12275078|2024-04-23 16:58:58|2024-04-23 16:58:58|TUN|TPSS|BLRP|Others|Others|Incident Description: 3 unit Highbay at platform 1 unserviceabFailure: IPPA u/s|True|True|False|False
4000600610|12275747|2024-04-25 20:27:11|2024-04-25 20:27:11|TUN|Low Voltage|MSB|Others|Others|Incident Description: Downlight unit unserviceableFailure: IPPA u/s|True|True|False|False
4000600609|12275590|2024-04-25 10:09:04|2024-04-25 10:09:04|MAH|Load Break Switch|Switch - Disconnectors (LMS)|Operate Interface|Control relay malfunction|Incident Description: Timer malfunctionFailure: IPPA u/s|True|True|True|True
4000600608|12275501|2024-04-25 05:33:33|2024-04-25 05:33:33|MAH|TPSS|750 VDC Switchgear|Feeder 1|Protection relay faulty, Protection tripping|Incident Description: Fire alarm TPSS triggeredFailure: IPPA u/s|True|True|True|True
4000600610|12275747|2024-04-25 20:27:11|2024-04-25 20:27:11|MAH|Low Voltage|MSB|Others|Others|Incident Description: Downlight unit unserviceableFailure: IPPA u/s|True|True|False|False
4000600609|12275590|2024-04-25 10:09:04|2024-04-25 10:09:04|MAH|Load Break Switch|Switch - Disconnectors (LMS)|Operate Interface|Control relay malfunction|Incident Description: Timer malfunctionFailure: IPPA u/s|True|True|True|True
4000600608|12275501|2024-04-25 05:33:33|2024-04-25 05:33:33|MAH|TPSS|750 VDC Switchgear|Feeder 1|Protection relay faulty, Protection tripping|Incident Description: Fire alarm TPSS triggeredFailure: IPPA u/s|True|True|True|True
4000600612|12276332|2024-04-27 18:08:41|2024-04-27 18:08:41|HAH|TPSS|BLRP|Others|Others|Incident Description: Lights TrippedFailure: IPPA u/s|True|True|False|False
4000600611|12276276|2024-04-27 08:01:46|2024-04-27 08:01:46|IBI|TPSS|BLRP|Others|Others|Incident Description: Lights TrippedFailure: IPPA u/s|True|True|False|False
4000600612|12276332|2024-04-27 18:08:41|2024-04-27 18:08:41|HAH|TPSS|BLRP|Others|Others|Incident Description: Lights TrippedFailure: IPPA u/s|True|True|False|False
4000600611|12276276|2024-04-27 08:01:46|2024-04-27 08:01:46|IBI|TPSS|BLRP|Others|Others|Incident Description: Lights TrippedFailure: IPPA u/s|True|True|False|False
4000600613|12276434|2024-04-28 20:40:12|2024-04-28 20:40:12|MAH|Stinger|Stinger Plug & Soket|Stinger Plug|Stinger plug & cable gland damage, loose termination|Incident Description: LightingFailure: IPPA u/s|True|True|True|True
4000600613|12276434|2024-04-28 20:40:12|2024-04-28 20:40:12|MAH|Stinger|Stinger Plug & Soket|Stinger Plug|Stinger plug & cable gland damage, loose termination|Incident Description: LightingFailure: IPPA u/s|True|True|True|True
4000600614|12276702|2024-04-29 20:02:27|2024-04-29 20:02:27|MAH|Stinger|Stinger Plug & Soket|Stinger Plug|Stinger plug & cable gland damage, loose termination|Incident Description: lightingFailure: IPPA u/s|True|True|True|True
4000600614|12276702|2024-04-29 20:02:27|2024-04-29 20:02:27|MAH|Stinger|Stinger Plug & Soket|Stinger Plug|Stinger plug & cable gland damage, loose termination|Incident Description: lightingFailure: IPPA u/s|True|True|True|True
4000605295|12282872|2024-05-06 20:42:14|2024-05-06 20:42:14|BAS|TPSS|BLRP|Others|Others|Incident Description: Lighting tripFailure: IPPA u/s|True|True|False|False
4000605295|12282872|2024-05-06 20:42:14|2024-05-06 20:42:14|BAS|TPSS|BLRP|Others|Others|Incident Description: Lighting tripFailure: IPPA u/s|True|True|False|False
4000605296|12283551|2024-05-08 23:13:53|2024-05-08 23:13:53|BAS|Load Break Switch|Front control panel|Indicators light|Bulb / LED faulty|Incident Description: Light ing tripFailure: IPPA u/s|True|True|True|True
4000605296|12283551|2024-05-08 23:13:53|2024-05-08 23:13:53|BAS|Load Break Switch|Front control panel|Indicators light|Bulb / LED faulty|Incident Description: Light ing tripFailure: IPPA u/s|True|True|True|True
4000603450|12283843|2024-05-09 19:16:37|2024-05-09 19:16:37|BAS|Load Break Switch|Power Indicator Light|Becon light|power supply failure, Cable melting|Incident Description: Parking Light UnserviceableFailure: IPPA u/s|True|True|True|True
4000602980|12283844|2024-05-09 19:47:07|2024-05-09 19:47:07|TSZ|TPSS|EMSB|Others|Others|Incident Description: Escalator TrippedFailure: IPPA u/s|True|True|False|False
4000605297|12283845|2024-05-09 19:48:35|2024-05-09 19:48:35|TSZ|TPSS|BLRP|Others|Others|Incident Description: Lamp TrippedFailure: IPPA u/s|True|True|False|False
4000605298|12283849|2024-05-09 21:03:36|2024-05-09 21:03:36|TSZ|TPSS|AARU|Display Panel|Power supply failure|Incident Description: AARU & RectifierFailure: IPPA u/s|True|True|True|True
4000603450|12283843|2024-05-09 19:16:37|2024-05-09 19:16:37|TSZ|Load Break Switch|Power Indicator Light|Becon light|power supply failure, Cable melting|Incident Description: Parking Light UnserviceableFailure: IPPA u/s|True|True|True|True
4000602980|12283844|2024-05-09 19:47:07|2024-05-09 19:47:07|TSZ|TPSS|EMSB|Others|Others|Incident Description: Escalator TrippedFailure: IPPA u/s|True|True|False|False
4000605297|12283845|2024-05-09 19:48:35|2024-05-09 19:48:35|TSZ|TPSS|BLRP|Others|Others|Incident Description: Lamp TrippedFailure: IPPA u/s|True|True|False|False
4000605298|12283849|2024-05-09 21:03:36|2024-05-09 21:03:36|TSZ|TPSS|AARU|Display Panel|Power supply failure|Incident Description: AARU & RectifierFailure: IPPA u/s|True|True|True|True
4000605301|12284096|2024-05-10 06:48:30|2024-05-10 06:48:30|TSZ|TPSS|AARU|Others|Others|Incident Description: fire alarm panelFailure: IPPA u/s|True|True|False|False
4000605299|12284092|2024-05-10 06:29:27|2024-05-10 06:29:27|BNG|TPSS|AARU|Power Supply|Power tripping|Incident Description: power tripFailure: IPPA u/s|True|True|True|True
4000605301|12284096|2024-05-10 06:48:30|2024-05-10 06:48:30|BNG|TPSS|AARU|Others|Others|Incident Description: fire alarm panelFailure: IPPA u/s|True|True|False|False
4000605299|12284092|2024-05-10 06:29:27|2024-05-10 06:29:27|BNG|TPSS|AARU|Power Supply|Power tripping|Incident Description: power tripFailure: IPPA u/s|True|True|True|True
4000602955|12284399|2024-05-11 12:45:08|2024-05-11 12:45:08|RAN|TPSS|MSB|Others|Others|Incident Description: Platform 1 & 2 help pointFailure: IPPA u/s|True|True|False|False
4000602955|12284644|2024-05-13 08:10:38|2024-05-13 08:10:38|BFZ|Load Break Switch|EMSB|Others|Others|Incident Description: Anydesk errorFailure: IPPA u/s|True|True|False|False
4000604166|12285084|2024-05-14 09:06:41|2024-05-14 09:06:41|BFZ|Load Break Switch|40 KVA (Station)|Others|Others|Incident Description: ML PCT Mainline link failureFailure: IPPA u/s|True|True|False|False
4000608498|12286598|2024-05-17 06:36:30|2024-05-17 06:36:30|RAN|TPSS|BLRP|Others|Others|Incident Description: lighting trippedFailure: IPPA u/s|True|True|False|False
4000608498|12286598|2024-05-17 06:36:30|2024-05-17 06:36:30|RAN|TPSS|BLRP|Others|Others|Incident Description: lighting trippedFailure: IPPA u/s|True|True|False|False
4000605303|12287200|2024-05-18 21:47:46|2024-05-18 21:47:46|BAS|UPS|BLRP|Others|Others|Incident Description: 15 unit lamp u/sFailure: IPPA u/s|True|True|False|False
4000605303|12287200|2024-05-18 21:47:46|2024-05-18 21:47:46|BAS|UPS|BLRP|Others|Others|Incident Description: 15 unit lamp u/sFailure: IPPA u/s|True|True|False|False
4000605304|12287493|2024-05-20 08:03:52|2024-05-20 08:03:52|BAS|TPSS|AARU|Power Supply|Power tripping|Incident Description: Power trippedFailure: IPPA u/s|True|True|True|True
4000605304|12287493|2024-05-20 08:03:52|2024-05-20 08:03:52|BAS|TPSS|AARU|Power Supply|Power tripping|Incident Description: Power trippedFailure: IPPA u/s|True|True|True|True
4000609340|12288933|2024-05-23 06:56:14|2024-05-23 06:56:14|MKU|TPSS|AARU|Others|Others|Incident Description: Area trippedFailure: IPPA u/s|True|True|False|False
4000609340|12288933|2024-05-23 06:56:14|2024-05-23 06:56:14|MKU|TPSS|AARU|Others|Others|Incident Description: Area trippedFailure: IPPA u/s|True|True|False|False
4000609341|12289718|2024-05-25 21:51:40|2024-05-25 21:51:40|MKU|UPS|MSB|Others|Others|Incident Description: 3 unit fanFailure: IPPA u/s|True|True|False|False
4000609341|12289718|2024-05-25 21:51:40|2024-05-25 21:51:40|MKU|UPS|MSB|Others|Others|Incident Description: 3 unit fanFailure: IPPA u/s|True|True|False|False
4000609341|12289783|2024-05-26 14:29:35|2024-05-26 14:29:35|MKU|TPSS|BLRP|Others|Others|Incident Description: Incoming Power Lay to New Cabin, SW1Failure: IPPA u/s|True|True|False|False
4000609341|12289783|2024-05-26 14:29:35|2024-05-26 14:29:35|MKU|TPSS|BLRP|Others|Others|Incident Description: Incoming Power Lay to New Cabin, SW1Failure: IPPA u/s|True|True|False|False
4000608208|12290914|2024-05-30 08:30:41|2024-05-30 08:30:41|BFZ|Load Break Switch|Front control panel|Control Switches|Unstable control power supply 110VDC / incoming supply 240VAC|Incident Description: Switch 2 out of controlFailure: IPPA u/s|True|True|True|True
4000609343|12291488|2024-05-31 12:34:47|2024-05-31 12:34:47|TUN|UPS|MSB|Others|Others|Incident Description: high bay platform cannot switch offFailure: IPPA u/s|True|True|False|False
4000609342|12291395|2024-05-31 06:39:12|2024-05-31 06:39:12|TUN|TPSS|MSB|Others|Others|Incident Description: Spotlight unserviceableFailure: IPPA u/s|True|True|False|False
4000609343|12291488|2024-05-31 12:34:47|2024-05-31 12:34:47|TUN|UPS|MSB|Others|Others|Incident Description: high bay platform cannot switch offFailure: IPPA u/s|True|True|False|False
4000609342|12291395|2024-05-31 06:39:12|2024-05-31 06:39:12|TUN|TPSS|MSB|Others|Others|Incident Description: Spotlight unserviceableFailure: IPPA u/s|True|True|False|False
4000608202|12296112|2024-06-03 23:01:17|2024-06-03 23:01:17|BFZ|TPSS|Earthing|Others|Others|Incident Description: track disturbFailure: IPPA u/s|True|True|False|False
4000609344|12297116|2024-06-06 21:38:05|2024-06-06 21:38:05|BNG|TPSS|BLRP|Others|Others|Incident Description: Lighting trippedFailure: IPPA u/s|True|True|False|False
4000608497|12297115|2024-06-06 21:30:12|2024-06-06 21:30:12|RAN|TPSS|BLRP|Others|Others|Incident Description: Lighting trippedFailure: IPPA u/s|True|True|False|False
4000609344|12297116|2024-06-06 21:38:05|2024-06-06 21:38:05|BNG|TPSS|BLRP|Others|Others|Incident Description: Lighting trippedFailure: IPPA u/s|True|True|False|False
4000608497|12297115|2024-06-06 21:30:12|2024-06-06 21:30:12|RAN|TPSS|BLRP|Others|Others|Incident Description: Lighting trippedFailure: IPPA u/s|True|True|False|False
4000609345|12297767|2024-06-09 22:30:50|2024-06-09 22:30:50|TUN|TPSS|BLRP|Others|Others|Incident Description: Lamp trippedFailure: IPPA u/s|True|True|False|False
4000609345|12297767|2024-06-09 22:30:50|2024-06-09 22:30:50|TUN|TPSS|BLRP|Others|Others|Incident Description: Lamp trippedFailure: IPPA u/s|True|True|False|False
4000610094|12298164|2024-06-11 10:41:08|2024-06-11 10:41:08|CIT|Blue Light System|Junction Box|Relay|Relay coil resistance and relay contacts|Incident Description: CommunicationFailure: IPPA u/s|True|True|True|True
4000610095|12298095|2024-06-11 08:47:39|2024-06-11 08:47:39|BFZ|Load Break Switch|Front control panel|Control Switches|Unstable control power supply 110VDC / incoming supply 240VAC|Incident Description: Switch 2 out of controlFailure: IPPA u/s|True|True|True|True
4000610091|12298845|2024-06-12 14:15:07|2024-06-12 14:15:07|BFZ|UPS|40 KVA (Station)|Board|Capasitor burn, Power surge|Incident Description: PID All stationFailure: IPPA u/s|True|True|True|True
4000610092|12299003|2024-06-12 15:27:55|2024-06-12 15:27:55|BFZ|TPSS|MSB|Others|Others|Incident Description: Track disturbFailure: IPPA u/s|True|True|False|False
4000611767|12300523|2024-06-15 09:09:46|2024-06-15 09:09:46|CIT|TPSS|AARU|Others|Others|Incident Description: Power Trip at First Aid Room and KioskFailure: IPPA u/s|True|True|False|False
4000611767|12300523|2024-06-15 09:09:46|2024-06-15 09:09:46|CIT|TPSS|AARU|Others|Others|Incident Description: Power Trip at First Aid Room and KioskFailure: IPPA u/s|True|True|False|False
4000611767|12301226|2024-06-17 15:47:33|2024-06-17 15:47:33|IBI|TPSS|AARU|Resistor Bank|Loose terminal connections, Increase reading|Incident Description: DRSIS screen blankFailure: IPPA u/s|True|True|True|True
4000618904|12302728|2024-06-21 09:54:21|2024-06-21 09:54:21|BFZ|TPSS|AARU|Display Panel|Power supply failure|Incident Description: TNB Supply FailFailure: IPPA u/s|True|True|True|True
4000613923|12302721|2024-06-21 09:40:09|2024-06-21 09:40:09|RAN|TPSS|MSB|Others|Others|Incident Description: Lights not offFailure: IPPA u/s|True|True|False|False
4000618904|12302728|2024-06-21 09:54:21|2024-06-21 09:54:21|BFZ|TPSS|AARU|Display Panel|Power supply failure|Incident Description: TNB Supply FailFailure: IPPA u/s|True|True|True|True
4000613923|12302721|2024-06-21 09:40:09|2024-06-21 09:40:09|RAN|TPSS|MSB|Others|Others|Incident Description: Lights not offFailure: IPPA u/s|True|True|False|False
4000618905|12303251|2024-06-22 22:32:29|2024-06-22 22:32:29|CIT|TPSS|AARU|Display Panel|Power supply failure|Incident Description: TNB supply failFailure: IPPA u/s|True|True|True|True
4000618905|12303251|2024-06-22 22:32:29|2024-06-22 22:32:29|CIT|TPSS|AARU|Display Panel|Power supply failure|Incident Description: TNB supply failFailure: IPPA u/s|True|True|True|True
4000618907|12303303|2024-06-23 15:05:46|2024-06-23 15:05:46|CIT|TPSS|AARU|Display Panel|Power supply failure|Incident Description: TNB supply failFailure: IPPA u/s|True|True|True|True
4000618907|12303303|2024-06-23 15:05:46|2024-06-23 15:05:46|CIT|TPSS|AARU|Display Panel|Power supply failure|Incident Description: TNB supply failFailure: IPPA u/s|True|True|True|True
4000618908|12303763|2024-06-25 08:16:56|2024-06-25 08:16:56|CIT|TPSS|AARU|Power Supply|Power tripping|Incident Description: Alarm TNB Supply FailFailure: IPPA u/s|True|True|True|True
4000618908|12303763|2024-06-25 08:16:56|2024-06-25 08:16:56|CIT|TPSS|AARU|Power Supply|Power tripping|Incident Description: Alarm TNB Supply FailFailure: IPPA u/s|True|True|True|True
4000618910|12305194|2024-06-27 20:02:21|2024-06-27 20:02:21|HAH|UPS|BLRP|Others|Others|Incident Description: 3 Unit Highbay UnserviceableFailure: IPPA u/s|True|True|False|False
4000618910|12305194|2024-06-27 20:02:21|2024-06-27 20:02:21|HAH|UPS|BLRP|Others|Others|Incident Description: 3 Unit Highbay UnserviceableFailure: IPPA u/s|True|True|False|False
4000618911|12305560|2024-06-29 00:40:23|2024-06-29 00:40:23|MKU|TPSS|BLRP|Others|Others|Incident Description: Roller shutterFailure: IPPA u/s|True|True|False|False
4000618912|12305607|2024-06-29 07:08:47|2024-06-29 07:08:47|RAN|UPS|AARU|Others|Others|Incident Description: All lamp utility 1 U/SFailure: IPPA u/s|True|True|False|False
4000618911|12305560|2024-06-29 00:40:23|2024-06-29 00:40:23|MKU|TPSS|BLRP|Others|Others|Incident Description: Roller shutterFailure: IPPA u/s|True|True|False|False
4000618912|12305607|2024-06-29 07:08:47|2024-06-29 07:08:47|RAN|UPS|AARU|Others|Others|Incident Description: All lamp utility 1 U/SFailure: IPPA u/s|True|True|False|False
4000614814|12311335|2024-07-05 17:42:15|2024-07-05 17:42:15|RAN|UPS|BLRP|Others|Others|Incident Description: Lighting u/sFailure: IPPA u/s|True|True|False|False
4000614814|12311335|2024-07-05 17:42:15|2024-07-05 17:42:15|RAN|UPS|BLRP|Others|Others|Incident Description: Lighting u/sFailure: IPPA u/s|True|True|False|False
4000618913|12311613|2024-07-07 08:15:06|2024-07-07 08:15:06|RAN|Low Voltage|BLRP|Others|Others|Incident Description: Lamp DanglingFailure: IPPA u/s|True|True|False|False
4000618913|12311613|2024-07-07 08:15:06|2024-07-07 08:15:06|RAN|Low Voltage|BLRP|Others|Others|Incident Description: Lamp DanglingFailure: IPPA u/s|True|True|False|False
4000618914|12311799|2024-07-08 08:45:38|2024-07-08 08:45:38|HAH|TPSS|MSB|Others|Others|Incident Description: platform 1 fan trippedFailure: IPPA u/s|True|True|False|False
4000615978|12312679|2024-07-11 07:22:34|2024-07-11 07:22:34|BFZ|TPSS|AARU|Power Supply|Power tripping|Incident Description: Non Critical Power Supply alarm In OFailure: IPPA u/s|True|True|True|True
4000615956|12312684|2024-07-11 08:03:04|2024-07-11 08:03:04|BFZ|Load Break Switch|Front control panel|Others|Others|Incident Description: ML PCT Mainline Link Failure in OrderFailure: IPPA u/s|True|True|False|False
4000615965|12312734|2024-07-11 09:44:09|2024-07-11 09:44:09|BFZ|TPSS|AARU|Power Supply|Power tripping|Incident Description: HAH Non Critical Power SupplyFailure: IPPA u/s|True|True|True|True
4000615958|12313041|2024-07-11 18:19:28|2024-07-11 18:19:28|BFZ|TPSS|AARU|Power Supply|Power tripping|Incident Description: MKU non-critical power supply in orderFailure: IPPA u/s|True|True|True|True
4000615953|12313341|2024-07-12 11:19:06|2024-07-12 11:19:06|HAH|Low Voltage|AARU|Others|Others|Incident Description: cordless  side A & B unable to make callFailure: IPPA u/s|True|True|False|False
4000615953|12313681|2024-07-13 22:27:20|2024-07-13 22:27:20|HAH|Blue Light System|BLRP|Others|Others|Incident Description: Lamp BlinkingFailure: IPPA u/s|True|True|False|False
4000618917|12313638|2024-07-13 12:41:23|2024-07-13 12:41:23|HAH|Low Voltage|Junction Box|Others|Others|Incident Description: 11kV CB openFailure: IPPA u/s|True|True|False|False
4000618917|12313638|2024-07-13 12:41:23|2024-07-13 12:41:23|HAH|Low Voltage|Junction Box|Others|Others|Incident Description: 11kV CB openFailure: IPPA u/s|True|True|False|False
4000618917|12314064|2024-07-15 09:00:42|2024-07-15 09:00:42|BNG|TPSS|Front control panel|Others|Others|Incident Description: AC trippedFailure: IPPA u/s|True|True|False|False
4000618918|12314149|2024-07-15 12:38:37|2024-07-15 12:38:37|IBI|UPS|30 KVA (DCC)|Others|Others|Incident Description: 2 uni fan u/sFailure: IPPA u/s|True|True|False|False
4000615917|12313916|2024-07-15 05:05:10|2024-07-15 05:05:10|BFZ|Load Break Switch|MSB|Others|Others|Incident Description: ML PCT Mainline link failure in orderFailure: IPPA u/s|True|True|False|False
4000615918|12314044|2024-07-15 07:47:27|2024-07-15 07:47:27|BFZ|Load Break Switch|MSB|Others|Others|Incident Description: ML PCT Mainline link failure in orderFailure: IPPA u/s|True|True|False|False
4000618918|12314149|2024-07-15 12:38:37|2024-07-15 12:38:37|IBI|UPS|30 KVA (DCC)|Others|Others|Incident Description: 2 uni fan u/sFailure: IPPA u/s|True|True|False|False
4000618863|12315242|2024-07-17 08:37:08|2024-07-17 08:37:08|HAH|Generator Set|Internal Wiring & Control|Others|Others|Incident Description: DRSIS usFailure: IPPA u/s|True|True|False|False
4000618919|12316527|2024-07-19 07:05:39|2024-07-19 07:05:39|KLS|TPSS|AARU|Power Supply|Power tripping|Incident Description: Power TrippedFailure: IPPA u/s|True|True|True|True
4000621671|12316564|2024-07-19 09:06:42|2024-07-19 09:06:42|KLS|TPSS|EMSB|Others|Others|Incident Description: Escalator tripFailure: IPPA u/s|True|True|False|False
4000618919|12316527|2024-07-19 07:05:39|2024-07-19 07:05:39|KLS|TPSS|AARU|Power Supply|Power tripping|Incident Description: Power TrippedFailure: IPPA u/s|True|True|True|True
4000621671|12316564|2024-07-19 09:06:42|2024-07-19 09:06:42|KLS|TPSS|EMSB|Others|Others|Incident Description: Escalator tripFailure: IPPA u/s|True|True|False|False
4000618068|12316775|2024-07-20 05:48:48|2024-07-20 05:48:48|BFZ|Load Break Switch|MSB|Others|Others|Incident Description: ML PCT Mainline link failure in orderFailure: IPPA u/s|True|True|False|False
4000618069|12316894|2024-07-20 17:46:54|2024-07-20 17:46:54|BFZ|Load Break Switch|MSB|Others|Others|Incident Description: ML PCT Mainline link failure in orderFailure: IPPA u/s|True|True|False|False
4000621672|12317188|2024-07-22 11:31:43|2024-07-22 11:31:43|BFZ|Low Voltage|AARU|Others|Others|Incident Description: LED Lamp UnserviceableFailure: IPPA u/s|True|True|False|False
4000621672|12317149|2024-07-22 09:56:25|2024-07-22 09:56:25|MAH|TPSS|2000 kW Rectifier|Control System|Power supply failure, equipment faulty|Incident Description: Control Report Server UnserviceableFailure: IPPA u/s|True|True|True|True
4000618254|12317209|2024-07-22 13:30:43|2024-07-22 13:30:43|BFZ|Load Break Switch|30 KVA (DCC)|Others|Others|Incident Description: ML PCT mainline link failureFailure: IPPA u/s|True|True|False|False
4000621672|12317188|2024-07-22 11:31:43|2024-07-22 11:31:43|BFZ|Low Voltage|AARU|Others|Others|Incident Description: LED Lamp UnserviceableFailure: IPPA u/s|True|True|False|False
4000621673|12318517|2024-07-26 08:14:06|2024-07-26 08:14:06|IBI|TPSS|EMSB|Others|Others|Incident Description: Escalator tripFailure: IPPA u/s|True|True|False|False
4000619182|12318654|2024-07-26 17:18:23|2024-07-26 17:18:23|BFZ|Load Break Switch|Front control panel|Others|Others|Incident Description: ML PCT Mainline FailureFailure: IPPA u/s|True|True|False|False
4000621673|12318517|2024-07-26 08:14:06|2024-07-26 08:14:06|IBI|TPSS|EMSB|Others|Others|Incident Description: Escalator tripFailure: IPPA u/s|True|True|False|False
4000621674|12319196|2024-07-29 11:24:05|2024-07-29 11:24:05|MKU|UPS|40 KVA (Station)|Board|Capasitor burn, Power surge|Incident Description: Station tripFailure: IPPA u/s|True|True|True|True
4000621674|12319196|2024-07-29 11:24:05|2024-07-29 11:24:05|MKU|UPS|40 KVA (Station)|Board|Capasitor burn, Power surge|Incident Description: Station tripFailure: IPPA u/s|True|True|True|True
4000620587|12319701|2024-07-30 20:44:18|2024-07-30 20:44:18|BFZ|TPSS|Earthing|Others|Others|Incident Description: Track DY disturbFailure: IPPA u/s|True|True|False|False
4000620586|12319792|2024-07-31 07:07:18|2024-07-31 07:07:18|BFZ|Load Break Switch|MSB|Others|Others|Incident Description: ML PCT Mainline Link Failure In OrderFailure: IPPA u/s|True|True|False|False
4000621675|12323977|2024-08-01 07:27:53|2024-08-01 07:27:53|TUN|Low Voltage|BLRP|Others|Others|Incident Description: Flourescent Lamp UnserviceableFailure: IPPA u/s|True|True|False|False
4000621675|12323977|2024-08-01 07:27:53|2024-08-01 07:27:53|TUN|Low Voltage|BLRP|Others|Others|Incident Description: Flourescent Lamp UnserviceableFailure: IPPA u/s|True|True|False|False
4000627881|12324620|2024-08-02 13:28:20|2024-08-02 13:28:20|TSZ|TPSS|MSB|Others|Others|Incident Description: 1 unit plug point unserviceableFailure: IPPA u/s|True|True|False|False
4000622276|12324699|2024-08-02 21:53:02|2024-08-02 21:53:02|BFZ|Low Voltage|110 VDC Charger (Battery System)|Others|Others|Incident Description: BAS  frequently blinking redFailure: IPPA u/s|True|True|False|False
4000627881|12324620|2024-08-02 13:28:20|2024-08-02 13:28:20|TSZ|TPSS|MSB|Others|Others|Incident Description: 1 unit plug point unserviceableFailure: IPPA u/s|True|True|False|False
4000622284|12324842|2024-08-03 14:53:39|2024-08-03 14:53:39|BFZ|Load Break Switch|40 KVA (Station)|Others|Others|Incident Description: ML PCT Mainline Link FailureFailure: IPPA u/s|True|True|False|False
4000627882|12325131|2024-08-05 11:09:01|2024-08-05 11:09:01|MAH|TPSS|AARU|Others|Others|Incident Description: Aircond TrippedFailure: IPPA u/s|True|True|False|False
4000622287|12325116|2024-08-05 10:46:00|2024-08-05 10:46:00|BFZ|Transformer|1500 kVA Service Transformer|Tank Structure|Oil leak|Incident Description: Track DisturbedFailure: IPPA u/s|True|True|True|True
4000622288|12325121|2024-08-05 10:53:19|2024-08-05 10:53:19|BFZ|Load Break Switch|40 KVA (Station)|Others|Others|Incident Description: PCT Mainline Link FailureFailure: IPPA u/s|True|True|False|False
4000627882|12325131|2024-08-05 11:09:01|2024-08-05 11:09:01|MAH|TPSS|AARU|Others|Others|Incident Description: Aircond TrippedFailure: IPPA u/s|True|True|False|False
4000622292|12325452|2024-08-06 10:12:53|2024-08-06 10:12:53|BFZ|Low Voltage|Power Indicator Light|Others|Others|Incident Description: BNG blinking red with alarm Non CriticalFailure: IPPA u/s|True|True|False|False
4000622291|12325678|2024-08-06 19:00:36|2024-08-06 19:00:36|BFZ|UPS|40 KVA (Station)|Others|Others|Incident Description: Track Section UW disturbFailure: IPPA u/s|True|True|False|False
4000627883|12326040|2024-08-07 20:47:55|2024-08-07 20:47:55|CIT|Stinger|Stinger Plug & Soket|Stinger Plug|Stinger plug & cable gland damage, loose termination|Incident Description: LightingFailure: IPPA u/s|True|True|True|True
4000627883|12326040|2024-08-07 20:47:55|2024-08-07 20:47:55|CIT|Stinger|Stinger Plug & Soket|Stinger Plug|Stinger plug & cable gland damage, loose termination|Incident Description: LightingFailure: IPPA u/s|True|True|True|True
4000627884|12326648|2024-08-09 06:19:37|2024-08-09 06:19:37|CIT|TPSS|2000 kW Rectifier|Control System|Power supply failure, equipment faulty|Incident Description: HAH rectifier opened.Failure: IPPA u/s|True|True|True|True
4000627884|12326648|2024-08-09 06:19:37|2024-08-09 06:19:37|CIT|TPSS|2000 kW Rectifier|Control System|Power supply failure, equipment faulty|Incident Description: HAH rectifier opened.Failure: IPPA u/s|True|True|True|True
4000627885|12326983|2024-08-10 16:11:56|2024-08-10 16:11:56|MKU|TPSS|EMSB|Others|Others|Incident Description: Escalator trippedFailure: IPPA u/s|True|True|False|False
4000627885|12326983|2024-08-10 16:11:56|2024-08-10 16:11:56|MKU|TPSS|EMSB|Others|Others|Incident Description: Escalator trippedFailure: IPPA u/s|True|True|False|False
4000627887|12327746|2024-08-13 12:05:10|2024-08-13 12:05:10|MAH|TPSS|2000 kW Rectifier|Main Power Conversion|Overcurrent,DC short circuit|Incident Description: Emergency Main Power FailFailure: IPPA u/s|True|True|True|True
4000627886|12327626|2024-08-13 07:48:06|2024-08-13 07:48:06|HAH|Low Voltage|MSB|MCCB|Short circuits, MCCB trip|Incident Description: Fan tripFailure: IPPA u/s|True|True|True|True
4000622305|12327801|2024-08-13 15:15:18|2024-08-13 15:15:18|BFZ|Load Break Switch|MSB|Others|Others|Incident Description: ML PCT Mainline Link Failure in orderFailure: IPPA u/s|True|True|False|False
4000622309|12327503|2024-08-13 03:00:04|2024-08-13 03:00:04|BFZ|TPSS|MSB|Others|Others|Incident Description: Track DisturbFailure: IPPA u/s|True|True|False|False
4000627887|12327746|2024-08-13 12:05:10|2024-08-13 12:05:10|MAH|TPSS|2000 kW Rectifier|Main Power Conversion|Overcurrent,DC short circuit|Incident Description: Emergency Main Power FailFailure: IPPA u/s|True|True|True|True
4000627886|12327626|2024-08-13 07:48:06|2024-08-13 07:48:06|HAH|Low Voltage|MSB|MCCB|Short circuits, MCCB trip|Incident Description: Fan tripFailure: IPPA u/s|True|True|True|True
4000627888|12328476|2024-08-15 11:36:19|2024-08-15 11:36:19|HAH|Low Voltage|MSB|Others|Others|Incident Description: Lamp UnserviceableFailure: IPPA u/s|True|True|False|False
4000627888|12328476|2024-08-15 11:36:19|2024-08-15 11:36:19|HAH|Low Voltage|MSB|Others|Others|Incident Description: Lamp UnserviceableFailure: IPPA u/s|True|True|False|False
4000627889|12330035|2024-08-19 07:24:15|2024-08-19 07:24:15|IBI|Low Voltage|Internal Wiring & Control|Others|Others|Incident Description: PB roomFailure: IPPA u/s|True|True|False|False
4000627890|12330036|2024-08-19 07:25:55|2024-08-19 07:25:55|TUN|Load Break Switch|Power Indicator Light|Becon light|power supply failure, Cable melting|Incident Description: fluorescent light unserviceableFailure: IPPA u/s|True|True|True|True
4000626087|12330312|2024-08-19 11:15:13|2024-08-19 11:15:13|BFZ|TPSS|BLRP|Others|Others|Incident Description: Frequent loss comsFailure: IPPA u/s|True|True|False|False
4000627889|12330035|2024-08-19 07:24:15|2024-08-19 07:24:15|IBI|Low Voltage|Internal Wiring & Control|Others|Others|Incident Description: PB roomFailure: IPPA u/s|True|True|False|False
4000627890|12330036|2024-08-19 07:25:55|2024-08-19 07:25:55|TUN|Load Break Switch|Power Indicator Light|Becon light|power supply failure, Cable melting|Incident Description: fluorescent light unserviceableFailure: IPPA u/s|True|True|True|True
4000632009|12337346|2024-09-09 22:09:40|2024-09-09 22:09:40|TUN|Load Break Switch|Front control panel|Control Switches|Unstable control power supply 110VDC / incoming supply 240VAC|Incident Description: Switch faultFailure: IPPA u/s|True|True|True|True
4000628468|12337525|2024-09-10 11:22:34|2024-09-10 11:22:34|BFZ|TPSS|2000 kW Rectifier|Control System|Power supply failure, equipment faulty|Incident Description: SW2 out of controlFailure: IPPA u/s|True|True|True|True
4000627894|12338013|2024-09-11 06:59:38|2024-09-11 06:59:38|BFZ|TPSS|AARU|Others|Others|Incident Description: alarm triggeredFailure: IPPA u/s|True|True|False|False
4000627891|12340891|2024-09-17 06:37:36|2024-09-17 06:37:36|BNG|TPSS|MSB|Others|Others|Incident Description: Crew Room Tripped.Failure: IPPA u/s|True|True|False|False
4000627891|12340891|2024-09-17 06:37:36|2024-09-17 06:37:36|BNG|TPSS|MSB|Others|Others|Incident Description: Crew Room Tripped.Failure: IPPA u/s|True|True|False|False
4000629437|12342090|2024-09-19 09:30:03|2024-09-19 09:30:03|BNG|TPSS|AARU|Power Supply|Power tripping|Incident Description: Power trippedFailure: IPPA u/s|True|True|True|True
4000629268|12342380|2024-09-19 19:52:42|2024-09-19 19:52:42|HAH|Low Voltage|Internal Wiring & Control|Others|Others|Incident Description: Cabel IPPAFailure: IPPA u/s|True|True|False|False
4000629437|12342090|2024-09-19 09:30:03|2024-09-19 09:30:03|HAH|TPSS|AARU|Power Supply|Power tripping|Incident Description: Power trippedFailure: IPPA u/s|True|True|True|True
4000631595|12343579|2024-09-24 07:14:55|2024-09-24 07:14:55|BFZ|TPSS|Internal Wiring & Control|Others|Others|Incident Description: power trip at toilet, pantry & lockerFailure: IPPA u/s|True|True|False|False
4000631595|12343582|2024-09-24 07:25:18|2024-09-24 07:25:18|HAH|UPS|MSB|Others|Others|Incident Description: 4 unit fan unserviceable.Failure: IPPA u/s|True|True|False|False
4000631595|12343840|2024-09-24 16:30:53|2024-09-24 16:30:53|BFZ|Low Voltage|MSB|Others|Others|Incident Description: RSV 27 Tag 4 in FailureFailure: IPPA u/s|True|True|False|False
4000631595|12343579|2024-09-24 07:14:55|2024-09-24 07:14:55|BFZ|TPSS|Internal Wiring & Control|Others|Others|Incident Description: power trip at toilet, pantry & lockerFailure: IPPA u/s|True|True|False|False
4000630277|12344147|2024-09-25 12:07:27|2024-09-25 12:07:27|BFZ|Low Voltage|Internal Wiring & Control|Others|Others|Incident Description: IPPA at DCC unserviceableFailure: IPPA u/s|True|True|False|False
4000630277|12343985|2024-09-25 08:14:13|2024-09-25 08:14:13|RAN|Low Voltage|MSB|Others|Others|Incident Description: Fan unserviceableFailure: IPPA u/s|True|True|False|False
4000630277|12344497|2024-09-26 09:14:26|2024-09-26 09:14:26|MAH|Low Voltage|MSB|Others|Others|Incident Description: Fan unserviceableFailure: IPPA u/s|True|True|False|False
4000630277|12344822|2024-09-27 07:33:28|2024-09-27 07:33:28|MAH|TPSS|AARU|Power Supply|Power tripping|Incident Description: power supply tripFailure: IPPA u/s|True|True|True|True
4000630277|12345339|2024-09-29 10:35:54|2024-09-29 10:35:54|BNG|TPSS|AARU|Power Supply|Power tripping|Incident Description: Power Plug TrippedFailure: IPPA u/s|True|True|True|True
4000630277|12345317|2024-09-29 07:51:53|2024-09-29 07:51:53|BNG|TPSS|MSB|Others|Others|Incident Description: Fan Both Side UnserviceableFailure: IPPA u/s|True|True|False|False
4000630277|12345671|2024-09-30 17:15:16|2024-09-30 17:15:16|BNG|Low Voltage|BLRP|Others|Others|Incident Description: Lamp burntFailure: IPPA u/s|True|True|False|False
4000630277|12349942|2024-10-01 22:26:43|2024-10-01 22:26:43|BNG|TPSS|BLRP|Others|Others|Incident Description: spotlight at new depot unserviceableFailure: IPPA u/s|True|True|False|False
4000637912|12350319|2024-10-02 17:24:33|2024-10-02 17:24:33|BNG|Low Voltage|MSB|Others|Others|Incident Description: Lamp unserviceableFailure: IPPA u/s|True|True|False|False
4000637911|12350009|2024-10-02 09:32:15|2024-10-02 09:32:15|BNG|TPSS|MSB|Others|Others|Incident Description: Platform fans trippedFailure: IPPA u/s|True|True|False|False
4000637912|12350319|2024-10-02 17:24:33|2024-10-02 17:24:33|BNG|Low Voltage|MSB|Others|Others|Incident Description: Lamp unserviceableFailure: IPPA u/s|True|True|False|False
4000637911|12350009|2024-10-02 09:32:15|2024-10-02 09:32:15|BNG|TPSS|MSB|Others|Others|Incident Description: Platform fans trippedFailure: IPPA u/s|True|True|False|False
4000637911|12350747|2024-10-03 15:58:19|2024-10-03 15:58:19|BNG|TPSS|BLRP|Others|Others|Incident Description: Fan trippedFailure: IPPA u/s|True|True|False|False
4000632005|12350516|2024-10-03 08:22:28|2024-10-03 08:22:28|BNG|Load Break Switch|Front control panel|Control Switches|Unstable control power supply 110VDC / incoming supply 240VAC|Incident Description: switch out of controlFailure: IPPA u/s|True|True|True|True
4000637917|12350966|2024-10-04 10:08:24|2024-10-04 10:08:24|BNG|Low Voltage|MSB|Capacitor Bank|Loose cable termination, PFR faulty, Cap bank faulty|Incident Description: Platform fanFailure: IPPA u/s|True|True|True|True
4000632004|12350890|2024-10-04 05:58:32|2024-10-04 05:58:32|BFZ|TPSS|MSB|Others|Others|Incident Description: Track disturbFailure: IPPA u/s|True|True|False|False
4000637917|12350966|2024-10-04 10:08:24|2024-10-04 10:08:24|BNG|Low Voltage|MSB|Capacitor Bank|Loose cable termination, PFR faulty, Cap bank faulty|Incident Description: Platform fanFailure: IPPA u/s|True|True|True|True
4000637918|12351403|2024-10-06 08:40:10|2024-10-06 08:40:10|BNG|Stinger|Stinger Plug & Soket|Stinger Plug|Stinger plug & cable gland damage, loose termination|Incident Description: LightingFailure: IPPA u/s|True|True|True|True
4000637919|12351406|2024-10-06 08:59:01|2024-10-06 08:59:01|MAH|Low Voltage|MSB|Capacitor Bank|Loose cable termination, PFR faulty, Cap bank faulty|Incident Description: Platform fanFailure: IPPA u/s|True|True|True|True
4000637921|12351414|2024-10-06 09:44:38|2024-10-06 09:44:38|BNG|UPS|40 KVA (Station)|Cable|Insulation is cracked or brittle, Cable fault|Incident Description: Fan unserviecableFailure: IPPA u/s|True|True|True|True
4000637918|12351403|2024-10-06 08:40:10|2024-10-06 08:40:10|BNG|Stinger|Stinger Plug & Soket|Stinger Plug|Stinger plug & cable gland damage, loose termination|Incident Description: LightingFailure: IPPA u/s|True|True|True|True
4000637919|12351406|2024-10-06 08:59:01|2024-10-06 08:59:01|MAH|Low Voltage|MSB|Capacitor Bank|Loose cable termination, PFR faulty, Cap bank faulty|Incident Description: Platform fanFailure: IPPA u/s|True|True|True|True
4000637921|12351414|2024-10-06 09:44:38|2024-10-06 09:44:38|BNG|UPS|40 KVA (Station)|Cable|Insulation is cracked or brittle, Cable fault|Incident Description: Fan unserviecableFailure: IPPA u/s|True|True|True|True
4000637922|12351795|2024-10-07 17:12:08|2024-10-07 17:12:08|TUN|Load Break Switch|Power Indicator Light|Becon light|power supply failure, Cable melting|Incident Description: high bay light cannot be offFailure: IPPA u/s|True|True|True|True
4000637922|12351795|2024-10-07 17:12:08|2024-10-07 17:12:08|TUN|Load Break Switch|Power Indicator Light|Becon light|power supply failure, Cable melting|Incident Description: high bay light cannot be offFailure: IPPA u/s|True|True|True|True
4000632418|12351923|2024-10-08 07:24:21|2024-10-08 07:24:21|TUN|TPSS|2000 kW Rectifier|Control System|Power supply failure, equipment faulty|Incident Description: SW 2 out of controlFailure: IPPA u/s|True|True|True|True
4000637923|12352342|2024-10-09 10:08:08|2024-10-09 10:08:08|TUN|Load Break Switch|Power Indicator Light|Becon light|power supply failure, Cable melting|Incident Description: spotlightFailure: IPPA u/s|True|True|True|True
4000637923|12352342|2024-10-09 10:08:08|2024-10-09 10:08:08|TUN|Load Break Switch|Power Indicator Light|Becon light|power supply failure, Cable melting|Incident Description: spotlightFailure: IPPA u/s|True|True|True|True
4000632983|12352506|2024-10-10 07:33:13|2024-10-10 07:33:13|BFZ|Load Break Switch|Front control panel|Control Switches|Unstable control power supply 110VDC / incoming supply 240VAC|Incident Description: Switch out of controlFailure: IPPA u/s|True|True|True|True
4000632982|12353098|2024-10-11 22:05:46|2024-10-11 22:05:46|BFZ|TPSS|2000 kW Rectifier|Control System|Power supply failure, equipment faulty|Incident Description: SW 2 (TSA) Out of ControlFailure: IPPA u/s|True|True|True|True
4000632980|12353153|2024-10-12 11:06:42|2024-10-12 11:06:42|BFZ|TPSS|2000 kW Rectifier|Control System|Power supply failure, equipment faulty|Incident Description: SW 2 (TSA) Out of ControlFailure: IPPA u/s|True|True|True|True
4000637924|12353380|2024-10-13 20:07:29|2024-10-13 20:07:29|TUN|TPSS|MSB|Others|Others|Incident Description: Highbay lamp unserviceableFailure: IPPA u/s|True|True|False|False
4000637924|12353380|2024-10-13 20:07:29|2024-10-13 20:07:29|TUN|TPSS|MSB|Others|Others|Incident Description: Highbay lamp unserviceableFailure: IPPA u/s|True|True|False|False
4000637925|12353491|2024-10-14 11:14:16|2024-10-14 11:14:16|TUN|TPSS|MSB|Others|Others|Incident Description: Highbay Remain On After Switch OffFailure: IPPA u/s|True|True|False|False
4000632978|12353407|2024-10-14 06:05:59|2024-10-14 06:05:59|BNG|Generator Set|Front control panel|Others|Others|Incident Description: PIDS u/sFailure: IPPA u/s|True|True|False|False
4000637925|12353491|2024-10-14 11:14:16|2024-10-14 11:14:16|TUN|TPSS|MSB|Others|Others|Incident Description: Highbay Remain On After Switch OffFailure: IPPA u/s|True|True|False|False
4000633683|12354400|2024-10-16 11:21:56|2024-10-16 11:21:56|KLS|Load Break Switch|Front control panel|Push button|Faulty auxiliary contacts|Incident Description: panic button casing damagedFailure: IPPA u/s|True|True|True|True
4000637926|12354821|2024-10-17 06:43:16|2024-10-17 06:43:16|TUN|TPSS|AARU|Power Supply|Power tripping|Incident Description: power supply trippedFailure: IPPA u/s|True|True|True|True
4000637926|12354821|2024-10-17 06:43:16|2024-10-17 06:43:16|TUN|TPSS|AARU|Power Supply|Power tripping|Incident Description: power supply trippedFailure: IPPA u/s|True|True|True|True
4000637930|12355687|2024-10-18 19:12:58|2024-10-18 19:12:58|BFZ|TPSS|750 VDC Switchgear|Feeder 2|Protection relay faulty, Protection tripping|Incident Description: Power Trip at 11Kv feeder no 2Failure: IPPA u/s|True|True|True|True
4000637928|12355456|2024-10-18 08:34:37|2024-10-18 08:34:37|TUN|TPSS|BLRP|Others|Others|Incident Description: Lamp & Pump TrippedFailure: IPPA u/s|True|True|False|False
4000637930|12355687|2024-10-18 19:12:58|2024-10-18 19:12:58|BFZ|TPSS|750 VDC Switchgear|Feeder 2|Protection relay faulty, Protection tripping|Incident Description: Power Trip at 11Kv feeder no 2Failure: IPPA u/s|True|True|True|True
4000637928|12355456|2024-10-18 08:34:37|2024-10-18 08:34:37|TUN|TPSS|BLRP|Others|Others|Incident Description: Lamp & Pump TrippedFailure: IPPA u/s|True|True|False|False
4000637928|12355780|2024-10-19 10:08:00|2024-10-19 10:08:00|HAH|Load Break Switch|Power Indicator Light|Becon light|power supply failure, Cable melting|Incident Description: light can't be swicthed offFailure: IPPA u/s|True|True|True|True
4000634843|12355798|2024-10-19 12:09:16|2024-10-19 12:09:16|BFZ|Load Break Switch|Switch - Disconnectors (LMS)|Operate Interface|Control relay malfunction|Incident Description: Track section out of controlFailure: IPPA u/s|True|True|True|True
4000637932|12356298|2024-10-21 16:03:37|2024-10-21 16:03:37|BFZ|Stinger|Stinger Plug & Soket|Stinger Plug|Stinger plug & cable gland damage, loose termination|Incident Description: lightingFailure: IPPA u/s|True|True|True|True
4000634842|12356047|2024-10-21 06:07:17|2024-10-21 06:07:17|BFZ|TPSS|MSB|Others|Others|Incident Description: No alarm triggeredFailure: IPPA u/s|True|True|False|False
4000637931|12356017|2024-10-21 01:57:08|2024-10-21 01:57:08|TSZ|TPSS|AARU|Power Supply|Power tripping|Incident Description: Power TrippedFailure: IPPA u/s|True|True|True|True
4000637931|12356016|2024-10-21 01:51:19|2024-10-21 01:51:19|TSZ|TPSS|BLRP|Others|Others|Incident Description: Fire Alarm PanelFailure: IPPA u/s|True|True|False|False
4000637932|12356298|2024-10-21 16:03:37|2024-10-21 16:03:37|TSZ|Stinger|Stinger Plug & Soket|Stinger Plug|Stinger plug & cable gland damage, loose termination|Incident Description: lightingFailure: IPPA u/s|True|True|True|True
4000637931|12356017|2024-10-21 01:57:08|2024-10-21 01:57:08|TSZ|TPSS|AARU|Power Supply|Power tripping|Incident Description: Power TrippedFailure: IPPA u/s|True|True|True|True
4000635340|12357311|2024-10-23 14:13:07|2024-10-23 14:13:07|BFZ|Generator Set|Volvo 100kVa|Battery|Charger card failure, power supply failure, Battery faulty|Incident Description: Tag FailureFailure: IPPA u/s|True|True|True|True
4000635339|12357354|2024-10-23 15:32:26|2024-10-23 15:32:26|BFZ|Low Voltage|Switch - Disconnectors (LMS)|Others|Others|Incident Description: ML Communication DownFailure: IPPA u/s|True|True|False|False
4000636593|12358708|2024-10-27 22:37:56|2024-10-27 22:37:56|HAH|Low Voltage|MSB|Others|Others|Incident Description: Signal dimFailure: IPPA u/s|True|True|False|False
4000639230|12358629|2024-10-27 10:45:17|2024-10-27 10:45:17|HAH|Low Voltage|Front control panel|Others|Others|Incident Description: 750Vdc is Not AvailableFailure: IPPA u/s|True|True|False|False
4000639230|12358629|2024-10-27 10:45:17|2024-10-27 10:45:17|HAH|Low Voltage|Front control panel|Others|Others|Incident Description: 750Vdc is Not AvailableFailure: IPPA u/s|True|True|False|False
4000637933|12358827|2024-10-28 10:57:05|2024-10-28 10:57:05|RAN|Low Voltage|MSB|Others|Others|Incident Description: Fan unserviceableFailure: IPPA u/s|True|True|False|False
4000637933|12358827|2024-10-28 10:57:05|2024-10-28 10:57:05|RAN|Low Voltage|MSB|Others|Others|Incident Description: Fan unserviceableFailure: IPPA u/s|True|True|False|False
4000639234|12359787|2024-10-30 20:47:50|2024-10-30 20:47:50|TSZ|TPSS|MSB|Others|Others|Incident Description: cooms room tripFailure: IPPA u/s|True|True|False|False
4000639234|12359787|2024-10-30 20:47:50|2024-10-30 20:47:50|TSZ|TPSS|MSB|Others|Others|Incident Description: cooms room tripFailure: IPPA u/s|True|True|False|False
4000638046|12359912|2024-10-31 12:05:28|2024-10-31 12:05:28|BFZ|Load Break Switch|Front control panel|Control Switches|Unstable control power supply 110VDC / incoming supply 240VAC|Incident Description: out of controlFailure: IPPA u/s|True|True|True|True
4000637935|12364172|2024-11-01 20:11:57|2024-11-01 20:11:57|BAS|UPS|MSB|Others|Others|Incident Description: 3 unit highbay lamp trippedFailure: IPPA u/s|True|True|False|False
4000637935|12364172|2024-11-01 20:11:57|2024-11-01 20:11:57|BAS|UPS|MSB|Others|Others|Incident Description: 3 unit highbay lamp trippedFailure: IPPA u/s|True|True|False|False
4000638959|12364725|2024-11-04 10:54:44|2024-11-04 10:54:44|CIT|Low Voltage|Internal Wiring & Control|Others|Others|Incident Description: Cordless CHW KIT 1 (No line)Failure: IPPA u/s|True|True|False|False
4000638981|12365239|2024-11-05 17:56:27|2024-11-05 17:56:27|BNG|Low Voltage|Power Indicator Light|Others|Others|Incident Description: PIDS hangFailure: IPPA u/s|True|True|False|False
4000638986|12365889|2024-11-07 15:17:49|2024-11-07 15:17:49|BFZ|TPSS|MSB|Others|Others|Incident Description: Track DisturbFailure: IPPA u/s|True|True|False|False
4000638985|12365982|2024-11-07 16:35:49|2024-11-07 16:35:49|BFZ|Low Voltage|40 KVA (Station)|Others|Others|Incident Description: Detection Point DC/DE out of serviceFailure: IPPA u/s|True|True|False|False
4000638988|12366565|2024-11-09 13:05:05|2024-11-09 13:05:05|BFZ|Low Voltage|MSB|Others|Others|Incident Description: Signal DimFailure: IPPA u/s|True|True|False|False
4000640938|12366513|2024-11-09 06:25:16|2024-11-09 06:25:16|BFZ|Stinger|Stinger Plug & Soket|Stinger Plug|Stinger plug & cable gland damage, loose termination|Incident Description: lightingFailure: IPPA u/s|True|True|True|True
4000638987|12366576|2024-11-09 14:37:15|2024-11-09 14:37:15|BNG|Low Voltage|Internal Wiring & Control|Others|Others|Incident Description: PIDS unserviceableFailure: IPPA u/s|True|True|False|False
4000640938|12366513|2024-11-09 06:25:16|2024-11-09 06:25:16|BNG|Stinger|Stinger Plug & Soket|Stinger Plug|Stinger plug & cable gland damage, loose termination|Incident Description: lightingFailure: IPPA u/s|True|True|True|True
4000639495|12366736|2024-11-10 20:06:39|2024-11-10 20:06:39|KLS|TPSS|BLRP|Others|Others|Incident Description: Lights TrippedFailure: IPPA u/s|True|True|False|False
4000640943|12366621|2024-11-10 06:27:14|2024-11-10 06:27:14|TSZ|TPSS|MSB|Others|Others|Incident Description: Highbay TrippedFailure: IPPA u/s|True|True|False|False
4000640944|12366734|2024-11-10 19:47:39|2024-11-10 19:47:39|TUN|TPSS|BLRP|Others|Others|Incident Description: Lights TrippedFailure: IPPA u/s|True|True|False|False
4000639495|12366736|2024-11-10 20:06:39|2024-11-10 20:06:39|KLS|TPSS|BLRP|Others|Others|Incident Description: Lights TrippedFailure: IPPA u/s|True|True|False|False
4000640943|12366621|2024-11-10 06:27:14|2024-11-10 06:27:14|TSZ|TPSS|MSB|Others|Others|Incident Description: Highbay TrippedFailure: IPPA u/s|True|True|False|False
4000640944|12366734|2024-11-10 19:47:39|2024-11-10 19:47:39|TUN|TPSS|BLRP|Others|Others|Incident Description: Lights TrippedFailure: IPPA u/s|True|True|False|False
4000641628|12368641|2024-11-15 17:13:30|2024-11-15 17:13:30|TUN|Load Break Switch|Power Indicator Light|Becon light|power supply failure, Cable melting|Incident Description: Fluorescense light malfunctionFailure: IPPA u/s|True|True|True|True
4000640576|12368683|2024-11-15 22:11:36|2024-11-15 22:11:36|RAN|Low Voltage|Front control panel|Others|Others|Incident Description: PA unsynchronizedFailure: IPPA u/s|True|True|False|False
4000641628|12368641|2024-11-15 17:13:30|2024-11-15 17:13:30|RAN|Load Break Switch|Power Indicator Light|Becon light|power supply failure, Cable melting|Incident Description: Fluorescense light malfunctionFailure: IPPA u/s|True|True|True|True
4000641598|12368695|2024-11-16 00:09:51|2024-11-16 00:09:51|RAN|Low Voltage|Power Indicator Light|Others|Others|Incident Description: LBS 9 & 10 loss powerFailure: IPPA u/s|True|True|False|False
4000641598|12368695|2024-11-16 00:09:51|2024-11-16 00:09:51|RAN|Low Voltage|Power Indicator Light|Others|Others|Incident Description: LBS 9 & 10 loss powerFailure: IPPA u/s|True|True|False|False
4000641162|12370199|2024-11-19 19:14:50|2024-11-19 19:14:50|RAN|Low Voltage|Power Indicator Light|Others|Others|Incident Description: PID hangFailure: IPPA u/s|True|True|False|False
4000641175|12370198|2024-11-19 19:10:00|2024-11-19 19:10:00|RAN|TPSS|Junction Box|Others|Others|Incident Description: Help pojnt usFailure: IPPA u/s|True|True|False|False
4000644669|12371103|2024-11-21 15:07:17|2024-11-21 15:07:17|RAN|TPSS|AARU|Power Supply|Power tripping|Incident Description: Power TripFailure: IPPA u/s|True|True|True|True
4000641688|12371189|2024-11-21 17:31:30|2024-11-21 17:31:30|IBI|UPS|MSB|Others|Others|Incident Description: 1 unit platform speaker unserviceableFailure: IPPA u/s|True|True|False|False
4000644668|12370869|2024-11-21 11:58:37|2024-11-21 11:58:37|IBI|TPSS|Front control panel|Others|Others|Incident Description: Power Trip at Switch 8Failure: IPPA u/s|True|True|False|False
4000644669|12371103|2024-11-21 15:07:17|2024-11-21 15:07:17|IBI|TPSS|AARU|Power Supply|Power tripping|Incident Description: Power TripFailure: IPPA u/s|True|True|True|True
4000644668|12370869|2024-11-21 11:58:37|2024-11-21 11:58:37|IBI|TPSS|Front control panel|Others|Others|Incident Description: Power Trip at Switch 8Failure: IPPA u/s|True|True|False|False
4000641896|12371453|2024-11-22 10:59:03|2024-11-22 10:59:03|IBI|Load Break Switch|Power Indicator Light|Becon light|power supply failure, Cable melting|Incident Description: Flourescent Light BlinkingFailure: IPPA u/s|True|True|True|True
4000641896|12371513|2024-11-22 15:31:23|2024-11-22 15:31:23|IBI|Low Voltage|Internal Wiring & Control|Others|Others|Incident Description: ELCBFailure: IPPA u/s|True|True|False|False
4000641896|12371515|2024-11-22 15:35:37|2024-11-22 15:35:37|IBI|Low Voltage|MSB|Others|Others|Incident Description: InsulatorFailure: IPPA u/s|True|True|False|False
4000641896|12371453|2024-11-22 10:59:03|2024-11-22 10:59:03|IBI|Load Break Switch|Power Indicator Light|Becon light|power supply failure, Cable melting|Incident Description: Flourescent Light BlinkingFailure: IPPA u/s|True|True|True|True
4000641896|12371513|2024-11-22 15:31:23|2024-11-22 15:31:23|IBI|Low Voltage|Internal Wiring & Control|Others|Others|Incident Description: ELCBFailure: IPPA u/s|True|True|False|False
4000641896|12371515|2024-11-22 15:35:37|2024-11-22 15:35:37|IBI|Low Voltage|MSB|Others|Others|Incident Description: InsulatorFailure: IPPA u/s|True|True|False|False
4000642061|12371766|2024-11-23 15:01:44|2024-11-23 15:01:44|BNG|Low Voltage|Internal Wiring & Control|Others|Others|Incident Description: PIDS Not SyncFailure: IPPA u/s|True|True|False|False
4000642061|12371922|2024-11-24 20:19:24|2024-11-24 20:19:24|BNG|TPSS|MSB|Others|Others|Incident Description: Depot trippedFailure: IPPA u/s|True|True|False|False
4000642061|12371922|2024-11-24 20:19:24|2024-11-24 20:19:24|BNG|TPSS|MSB|Others|Others|Incident Description: Depot trippedFailure: IPPA u/s|True|True|False|False
4000642722|12372842|2024-11-28 10:57:18|2024-11-28 10:57:18|BFZ|Load Break Switch|MSB|Others|Others|Incident Description: ML PCT Mainline link failure in orderFailure: IPPA u/s|True|True|False|False
4000652099|12377630|2024-12-02 07:23:02|2024-12-02 07:23:02|BFZ|TPSS|AARU|Display Panel|Power supply failure|Incident Description: AARUFailure: IPPA u/s|True|True|True|True
4000652099|12377630|2024-12-02 07:23:02|2024-12-02 07:23:02|BFZ|TPSS|AARU|Display Panel|Power supply failure|Incident Description: AARUFailure: IPPA u/s|True|True|True|True
4000643836|12378069|2024-12-03 08:20:41|2024-12-03 08:20:41|BNG|Low Voltage|Front control panel|Others|Others|Incident Description: PIDS UnserviceableFailure: IPPA u/s|True|True|False|False
4000652097|12378472|2024-12-03 18:58:29|2024-12-03 18:58:29|BNG|TPSS|AARU|Display Panel|Power supply failure|Incident Description: AARUFailure: IPPA u/s|True|True|True|True
4000644257|12378156|2024-12-03 10:20:31|2024-12-03 10:20:31|BFZ|Load Break Switch|40 KVA (Station)|Others|Others|Incident Description: ML PCT Mainline link failureFailure: IPPA u/s|True|True|False|False
4000652097|12378472|2024-12-03 18:58:29|2024-12-03 18:58:29|BFZ|TPSS|AARU|Display Panel|Power supply failure|Incident Description: AARUFailure: IPPA u/s|True|True|True|True
4000645939|12380270|2024-12-10 06:18:26|2024-12-10 06:18:26|BFZ|Low Voltage|Front control panel|Others|Others|Incident Description: ML PCT MainlineFailure: IPPA u/s|True|True|False|False
4000645940|12380612|2024-12-10 19:39:31|2024-12-10 19:39:31|BFZ|Load Break Switch|MSB|Others|Others|Incident Description: ML PCT Mainline link failure in orderFailure: IPPA u/s|True|True|False|False
4000645936|12381260|2024-12-13 12:29:14|2024-12-13 12:29:14|MKU|Transformer|1500 kVA Service Transformer|Cooling System (kVAW)|Coolant leak|Incident Description: IPPA systemFailure: IPPA u/s|True|True|True|True
4000645937|12381150|2024-12-13 08:41:25|2024-12-13 08:41:25|BFZ|Load Break Switch|40 KVA (Station)|Others|Others|Incident Description: ML PCT Mainline link failureFailure: IPPA u/s|True|True|False|False
4000645935|12381656|2024-12-14 18:06:25|2024-12-14 18:06:25|BFZ|Low Voltage|BLRP|Others|Others|Incident Description: blinking red with alarm Non Critical PowFailure: IPPA u/s|True|True|False|False
4000645935|12382165|2024-12-16 20:41:20|2024-12-16 20:41:20|BFZ|Generator Set|Volvo 100kVa|AMF Board|Relay, Timer, loose connection, Under voltage relay faulty|Incident Description: SW2 faultyFailure: IPPA u/s|True|True|True|True
4000651420|12381846|2024-12-16 06:59:04|2024-12-16 06:59:04|BFZ|Low Voltage|11 kV VCB Switchgear|Others|Others|Incident Description: 11Kv SWG No 1 Incoming OpenFailure: IPPA u/s|True|True|False|False
4000651420|12381846|2024-12-16 06:59:04|2024-12-16 06:59:04|BFZ|Low Voltage|11 kV VCB Switchgear|Others|Others|Incident Description: 11Kv SWG No 1 Incoming OpenFailure: IPPA u/s|True|True|False|False
4000651422|12382841|2024-12-17 18:32:41|2024-12-17 18:32:41|KLS|Load Break Switch|Switch - Disconnectors (LMS)|Operate Interface|Control relay malfunction|Incident Description: socket outlet malfunctionFailure: IPPA u/s|True|True|True|True
4000651422|12382841|2024-12-17 18:32:41|2024-12-17 18:32:41|KLS|Load Break Switch|Switch - Disconnectors (LMS)|Operate Interface|Control relay malfunction|Incident Description: socket outlet malfunctionFailure: IPPA u/s|True|True|True|True
4000646674|12383134|2024-12-18 12:04:36|2024-12-18 12:04:36|BFZ|Load Break Switch|40 KVA (Station)|Others|Others|Incident Description: ML PCT Mainline Link FailureFailure: IPPA u/s|True|True|False|False
4000651424|12385891|2024-12-27 08:33:14|2024-12-27 08:33:14|BFZ|TPSS|AARU|Display Panel|Power supply failure|Incident Description: AARU feeder tripFailure: IPPA u/s|True|True|True|True
4000651424|12385891|2024-12-27 08:33:14|2024-12-27 08:33:14|BFZ|TPSS|AARU|Display Panel|Power supply failure|Incident Description: AARU feeder tripFailure: IPPA u/s|True|True|True|True
4000650172|12386677|2024-12-30 12:36:34|2024-12-30 12:36:34|BFZ|Load Break Switch|Switch - Disconnectors (LMS)|Operate Interface|Control relay malfunction|Incident Description: Track section out of controlFailure: IPPA u/s|True|True|True|True
4000650174|12386879|2024-12-31 09:17:12|2024-12-31 09:17:12|BNG|TPSS|AARU|Others|Others|Incident Description: PA New Years sound doubleFailure: IPPA u/s|True|True|False|False
4000650173|12386880|2024-12-31 09:18:37|2024-12-31 09:18:37|IBI|TPSS|AARU|Others|Others|Incident Description: PA New Years sound doubleFailure: IPPA u/s|True|True|False|False
4000650274|12387301|2025-01-01 07:29:10|2025-01-01 07:29:10|BAS|Low Voltage|Front control panel|Others|Others|Incident Description: PA Live annaouncement problemFailure: IPPA u/s|True|True|False|False
4000651426|12390472|2025-01-01 12:57:22|2025-01-01 12:57:22|BAS|TPSS|BLRP|Others|Others|Incident Description: TrippedFailure: IPPA u/s|True|True|False|False
4000650275|12387296|2025-01-01 06:42:36|2025-01-01 06:42:36|BFZ|TPSS|MSB|Others|Others|Incident Description: hand held usFailure: IPPA u/s|True|True|False|False
4000654170|12391152|2025-01-02 07:14:32|2025-01-02 07:14:32|BFZ|Generator Set|Volvo 100kVa|AMF Board|Relay, Timer, loose connection, Under voltage relay faulty|Incident Description: 415V LV Generator FaultFailure: IPPA u/s|True|True|True|True
4000656304|12392036|2025-01-05 09:05:03|2025-01-05 09:05:03|BFZ|UPS|Earthing|Others|Others|Incident Description: Req make proper wiring maintenanceFailure: IPPA u/s|True|True|False|False
4000650271|12392014|2025-01-05 05:24:04|2025-01-05 05:24:04|BFZ|Load Break Switch|40 KVA (Station)|Others|Others|Incident Description: ML PCT Mainline link failureFailure: IPPA u/s|True|True|False|False
4000656305|12392179|2025-01-06 10:06:24|2025-01-06 10:06:24|BFZ|Low Voltage|MSB|Others|Others|Incident Description: 1 unit lamp unserviceableFailure: IPPA u/s|True|True|False|False
4000656306|12392833|2025-01-08 09:50:09|2025-01-08 09:50:09|BFZ|Load Break Switch|Power Indicator Light|Becon light|power supply failure, Cable melting|Incident Description: florecent lightFailure: IPPA u/s|True|True|True|True
4000656030|12394386|2025-01-13 11:19:30|2025-01-13 11:19:30|BFZ|UPS|40 KVA (OCC)|Others|Others|Incident Description: Pop up message 50% CPU usageFailure: IPPA u/s|True|True|False|False
4000652050|12395625|2025-01-16 13:58:17|2025-01-16 13:58:17|BFZ|Load Break Switch|Front control panel|Indicators light|Bulb / LED faulty|Incident Description: LightFailure: IPPA u/s|True|True|True|True
4000652054|12395572|2025-01-16 12:10:40|2025-01-16 12:10:40|MKU|Low Voltage|MSB|MCCB|Short circuits, MCCB trip|Incident Description: TripFailure: IPPA u/s|True|True|True|True
4000656309|12398409|2025-01-22 20:52:35|2025-01-22 20:52:35|MKU|Load Break Switch|Power Indicator Light|Becon light|power supply failure, Cable melting|Incident Description: potlightsFailure: IPPA u/s|True|True|True|True
4000656310|12398992|2025-01-26 09:35:46|2025-01-26 09:35:46|HAH|Low Voltage|Front control panel|Others|Others|Incident Description: AC unserviceableFailure: IPPA u/s|True|True|False|False
4000655871|12400230|2025-01-31 13:25:35|2025-01-31 13:25:35|BFZ|TPSS|750 VDC Switchgear|Feeder 1|Protection relay faulty, Protection tripping|Incident Description: MTZ tpss frequent loss commFailure: IPPA u/s|True|True|True|True
4000676972|12447008|2025-02-05 08:29:24|2025-02-05 08:29:24|BFZ|TPSS|MSB|Others|Others|Incident Description: warehouseFailure: IPPA u/s|True|True|False|False
4000656507|12406043|2025-02-06 14:29:08|2025-02-06 14:29:08|BFZ|Transformer|1500 kVA Service Transformer|Core & Winding Assembly|Winding faulty|Incident Description: light FaultyFailure: IPPA u/s|True|True|True|True
4000685130|12461849|2025-02-06 04:57:05|2025-02-06 04:57:05|MKU|TPSS|750 VDC Switchgear|Feeder 1|Protection relay faulty, Protection tripping|Incident Description: Feeder 1 unable to closeFailure: IPPA u/s|True|True|True|True
4000658508|12406430|2025-02-07 21:13:59|2025-02-07 21:13:59|MKU|Low Voltage|40 KVA (Station)|Others|Others|Incident Description: DT2 (Track CF blinking green) disturbFailure: IPPA u/s|True|True|False|False
4000657015|12406716|2025-02-09 19:53:21|2025-02-09 19:53:21|MKU|Low Voltage|MSB|MCCB|Short circuits, MCCB trip|Incident Description: Voltage exceededFailure: IPPA u/s|True|True|True|True
4000658572|12406652|2025-02-09 11:10:16|2025-02-09 11:10:16|KLS|UPS|40 KVA (Station)|Others|Others|Incident Description: Fan at platform u/sFailure: IPPA u/s|True|True|False|False
4000670682|12407148|2025-02-11 05:48:05|2025-02-11 05:48:05|KLS|TPSS|750 VDC Switchgear|Feeder 1|Protection relay faulty, Protection tripping|Incident Description: FeederFailure: IPPA u/s|True|True|True|True
4000658504|12407526|2025-02-12 05:46:20|2025-02-12 05:46:20|BFZ|Load Break Switch|AARU|Others|Others|Incident Description: Intermittent down with alarm FE 1Failure: IPPA u/s|True|True|False|False
4000658502|12408713|2025-02-14 18:19:04|2025-02-14 18:19:04|BFZ|Transformer|1500 kVA Service Transformer|Tank Structure|Oil leak|Incident Description: Track DisturbedFailure: IPPA u/s|True|True|True|True
4000658819|12409189|2025-02-16 05:34:48|2025-02-16 05:34:48|BFZ|TPSS|AARU|Power Supply|Power tripping|Incident Description: Power TripFailure: IPPA u/s|True|True|True|True
4000658587|12409436|2025-02-16 19:55:19|2025-02-16 19:55:19|BFZ|Low Voltage|30 KVA (DCC)|Others|Others|Incident Description: Downlight u/sFailure: IPPA u/s|True|True|False|False
4000658824|12409548|2025-02-17 09:18:03|2025-02-17 09:18:03|BFZ|TPSS|AARU|Display Panel|Power supply failure|Incident Description: TNB supply failFailure: IPPA u/s|True|True|True|True
4000658820|12409500|2025-02-17 07:23:26|2025-02-17 07:23:26|BFZ|TPSS|AARU|Power Supply|Power tripping|Incident Description: Power trippedFailure: IPPA u/s|True|True|True|True
4000658503|12409512|2025-02-17 08:33:24|2025-02-17 08:33:24|BFZ|Load Break Switch|Front control panel|Control Switches|Unstable control power supply 110VDC / incoming supply 240VAC|Incident Description: Switch 101 out of controlFailure: IPPA u/s|True|True|True|True
4000659125|12409782|2025-02-17 16:07:18|2025-02-17 16:07:18|BFZ|Load Break Switch|40 KVA (Station)|Others|Others|Incident Description: ML PCT Mainline link failureFailure: IPPA u/s|True|True|False|False
4000658912|12409906|2025-02-18 07:02:49|2025-02-18 07:02:49|BFZ|TPSS|BLRP|Others|Others|Incident Description: Lighting trippedFailure: IPPA u/s|True|True|False|False
4000658921|12409986|2025-02-18 10:40:12|2025-02-18 10:40:12|BFZ|Low Voltage|11 kV VCB Switchgear|Others|Others|Incident Description: 11KV SWG no.1 incoming RST openFailure: IPPA u/s|True|True|False|False
4000658826|12409985|2025-02-18 10:33:14|2025-02-18 10:33:14|BFZ|TPSS|Stinger Plug & Soket|Others|Others|Incident Description: TNB Spply failFailure: IPPA u/s|True|True|False|False
4000662727|12411827|2025-02-22 11:15:39|2025-02-22 11:15:39|BFZ|TPSS|MSB|Others|Others|Incident Description: Socket tripFailure: IPPA u/s|True|True|False|False
4000662821|12412139|2025-02-24 10:08:09|2025-02-24 10:08:09|HAH|UPS|40 KVA (Station)|Board|Capasitor burn, Power surge|Incident Description: Station HAH TNB supply failedFailure: IPPA u/s|True|True|True|True
4000663061|12412645|2025-02-25 18:28:26|2025-02-25 18:28:26|HAH|Stinger|Stinger Plug & Soket|Stinger Plug|Stinger plug & cable gland damage, loose termination|Incident Description: lightingFailure: IPPA u/s|True|True|True|True
4000670700|12412432|2025-02-25 09:59:54|2025-02-25 09:59:54|HAH|TPSS|10 KVA (TPSS SSZ)|Others|Others|Incident Description: New Depot Train Stabling Platform DT12Failure: IPPA u/s|True|True|False|False
4000663625|12419209|2025-03-04 12:37:25|2025-03-04 12:37:25|MKU|Low Voltage|BLRP|Others|Others|Incident Description: RF not establishedFailure: IPPA u/s|True|True|False|False
4000663631|12419618|2025-03-05 10:59:11|2025-03-05 10:59:11|KLS|Load Break Switch|MSB|Others|Others|Incident Description: Good Stop not available.Failure: IPPA u/s|True|True|False|False
4000663647|12420980|2025-03-09 17:52:02|2025-03-09 17:52:02|KLS|TPSS|MSB|Others|Others|Incident Description: Not receive good stopFailure: IPPA u/s|True|True|False|False
4000663514|12421514|2025-03-11 03:44:55|2025-03-11 03:44:55|BFZ|Low Voltage|30 KVA (DCC)|Others|Others|Incident Description: ML Detection Point Out of ServiceFailure: IPPA u/s|True|True|False|False
4000663724|12421887|2025-03-12 09:02:36|2025-03-12 09:02:36|IBI|Low Voltage|MSB|Others|Others|Incident Description: Fan unserviceableFailure: IPPA u/s|True|True|False|False
4000663991|12421855|2025-03-12 08:09:20|2025-03-12 08:09:20|MAH|TPSS|AARU|Others|Others|Incident Description: All door yellow indicationFailure: IPPA u/s|True|True|False|False
4000664000|12422232|2025-03-13 09:56:51|2025-03-13 09:56:51|CIT|Low Voltage|Front control panel|Others|Others|Incident Description: DCU3 unserviceable and unable to close.Failure: IPPA u/s|True|True|False|False
4000667376|12423141|2025-03-15 19:21:37|2025-03-15 19:21:37|BFZ|UPS|Earthing|Others|Others|Incident Description: UY/ UZ track disturbedFailure: IPPA u/s|True|True|False|False
4000666907|12424184|2025-03-17 13:48:04|2025-03-17 13:48:04|BFZ|TPSS|MSB|Others|Others|Incident Description: SocketFailure: IPPA u/s|True|True|False|False
4000667876|12425131|2025-03-20 05:41:56|2025-03-20 05:41:56|BFZ|UPS|40 KVA (Station)|Cable|Insulation is cracked or brittle, Cable fault|Incident Description: Trace cable brokenFailure: IPPA u/s|True|True|True|True
4000667361|12426059|2025-03-21 17:27:01|2025-03-21 17:27:01|BFZ|Low Voltage|Internal Wiring & Control|Others|Others|Incident Description: ICA 3 RST Door 1 (DCU6) Manually IsolateFailure: IPPA u/s|True|True|False|False
4000667364|12425798|2025-03-21 11:21:39|2025-03-21 11:21:39|BAS|UPS|40 KVA (Station)|MCB|Mechanical fault, Overload tripping|Incident Description: DCU4 faultFailure: IPPA u/s|True|True|True|True
4000667365|12425631|2025-03-21 07:48:47|2025-03-21 07:48:47|CIT|UPS|40 KVA (Station)|MCB|Mechanical fault, Overload tripping|Incident Description: DCU5 faultFailure: IPPA u/s|True|True|True|True
4000667366|12426035|2025-03-21 15:43:35|2025-03-21 15:43:35|RAN|UPS|40 KVA (Station)|MCB|Mechanical fault, Overload tripping|Incident Description: DCU2 faultFailure: IPPA u/s|True|True|True|True
4000667368|12425629|2025-03-21 07:45:38|2025-03-21 07:45:38|TSZ|UPS|40 KVA (Station)|MCB|Mechanical fault, Overload tripping|Incident Description: DCU8 faultFailure: IPPA u/s|True|True|True|True
4000667350|12426204|2025-03-22 17:39:56|2025-03-22 17:39:56|IBI|Generator Set|Volvo 100kVa|AMF Board|Relay, Timer, loose connection, Under voltage relay faulty|Incident Description: RF connection delayFailure: IPPA u/s|True|True|True|True
4000667384|12426086|2025-03-22 00:37:32|2025-03-22 00:37:32|IBI|TPSS|MSB|Others|Others|Incident Description: Help point usFailure: IPPA u/s|True|True|False|False
4000667356|12426205|2025-03-22 17:43:36|2025-03-22 17:43:36|RAN|Generator Set|Volvo 100kVa|AMF Board|Relay, Timer, loose connection, Under voltage relay faulty|Incident Description: RF connection delayFailure: IPPA u/s|True|True|True|True
4000667354|12426197|2025-03-22 15:23:12|2025-03-22 15:23:12|RAN|UPS|40 KVA (Station)|MCB|Mechanical fault, Overload tripping|Incident Description: DCU2 faultFailure: IPPA u/s|True|True|True|True
4000667357|12426111|2025-03-22 07:49:34|2025-03-22 07:49:34|TSZ|TPSS|AARU|Display Panel|Power supply failure|Incident Description: Stopping sensor failureFailure: IPPA u/s|True|True|True|True
4000667359|12426124|2025-03-22 07:57:29|2025-03-22 07:57:29|TSZ|Generator Set|Volvo 100kVa|AMF Board|Relay, Timer, loose connection, Under voltage relay faulty|Incident Description: Rf connection unableFailure: IPPA u/s|True|True|True|True
4000667378|12427338|2025-03-25 17:22:11|2025-03-25 17:22:11|TSZ|Stinger|Stinger Plug & Soket|Stinger Plug|Stinger plug & cable gland damage, loose termination|Incident Description: LightingFailure: IPPA u/s|True|True|True|True
4000668019|12428130|2025-03-27 17:53:43|2025-03-27 17:53:43|BFZ|TPSS|MSB|Others|Others|Incident Description: Track DisturbFailure: IPPA u/s|True|True|False|False
4000669140|12428850|2025-03-30 13:04:29|2025-03-30 13:04:29|HAH|Load Break Switch|Front control panel|Others|Others|Incident Description: PID P1 & P2 unserviceableFailure: IPPA u/s|True|True|False|False
4000669177|12433233|2025-04-02 15:42:12|2025-04-02 15:42:12|BFZ|TPSS|MSB|Others|Others|Incident Description: Track disturbFailure: IPPA u/s|True|True|False|False
4000669283|12433560|2025-04-04 12:01:03|2025-04-04 12:01:03|TUN|Low Voltage|Internal Wiring & Control|Others|Others|Incident Description: IPPA unserviceableFailure: IPPA u/s|True|True|False|False
4000672794|12437332|2025-04-16 09:42:21|2025-04-16 09:42:21|TUN|UPS|40 KVA (Station)|Board|Capasitor burn, Power surge|Incident Description: Meeting Board Room TrippedFailure: IPPA u/s|True|True|True|True
4000673771|12440488|2025-04-23 06:59:12|2025-04-23 06:59:12|BFZ|Load Break Switch|30 KVA (DCC)|Others|Others|Incident Description: SW3 out of orderFailure: IPPA u/s|True|True|False|False
4000673829|12441674|2025-04-27 23:29:32|2025-04-27 23:29:32|MAH|TPSS|MSB|Others|Others|Incident Description: broken beltFailure: IPPA u/s|True|True|False|False
4000675375|12442616|2025-04-30 18:44:53|2025-04-30 18:44:53|BFZ|TPSS|MSB|Others|Others|Incident Description: Track disturbFailure: IPPA u/s|True|True|False|False
4000676969|12447000|2025-05-02 08:11:44|2025-05-02 08:11:44|BFZ|TPSS|Front control panel|Others|Others|Incident Description: CSO lighting tripFailure: IPPA u/s|True|True|False|False
4000683338|12462995|2025-05-06 05:22:53|2025-05-06 05:22:53|HAH|UPS|40 KVA (Station)|Board|Capasitor burn, Power surge|Incident Description: Station power trippedFailure: IPPA u/s|True|True|True|True
4000676968|12448610|2025-05-07 01:22:39|2025-05-07 01:22:39|BNG|TPSS|AARU|Others|Others|Incident Description: 3 units aircond trippedFailure: IPPA u/s|True|True|False|False
4000676653|12448654|2025-05-07 06:30:22|2025-05-07 06:30:22|BFZ|Low Voltage|Switch - Disconnectors (LMS)|Others|Others|Incident Description: ML Communication DownFailure: IPPA u/s|True|True|False|False
4000676739|12450138|2025-05-11 14:53:34|2025-05-11 14:53:34|RAN|Low Voltage|Junction Box|Others|Others|Incident Description: P2 DS1 sensor errorFailure: IPPA u/s|True|True|False|False
4000676970|12450550|2025-05-13 08:52:29|2025-05-13 08:52:29|TUN|UPS|40 KVA (Station)|Others|Others|Incident Description: Fans at Platform 2 u/sFailure: IPPA u/s|True|True|False|False
4000678797|12451782|2025-05-16 14:20:17|2025-05-16 14:20:17|HAH|Transformer|1500 kVA Service Transformer|Monitoring & Protecting System|Protection relay tripping|Incident Description: Passenger Information SystemFailure: IPPA u/s|True|True|True|True
4000678794|12452116|2025-05-17 06:32:12|2025-05-17 06:32:12|HAH|Low Voltage|Front control panel|Others|Others|Incident Description: PIDS UnserviceableFailure: IPPA u/s|True|True|False|False
4000678795|12453343|2025-05-19 14:42:51|2025-05-19 14:42:51|TSZ|TPSS|MSB|Others|Others|Incident Description: Door manually isolatedFailure: IPPA u/s|True|True|False|False
4000678804|12453737|2025-05-20 12:22:52|2025-05-20 12:22:52|RAN|TPSS|Internal Wiring & Control|Others|Others|Incident Description: ICA 3 RST Door 4 Manually IsolatedFailure: IPPA u/s|True|True|False|False
4000681779|12455620|2025-05-25 23:11:09|2025-05-25 23:11:09|RAN|UPS|BLRP|Others|Others|Incident Description: Plug point unservieableFailure: IPPA u/s|True|True|False|False
4000680761|12456110|2025-05-27 06:32:46|2025-05-27 06:32:46|CIT|Low Voltage|Earthing|Others|Others|Incident Description: ECA 4 door 2 [DCU7] red indication.Failure: IPPA u/s|True|True|False|False
4000680760|12456111|2025-05-27 06:56:23|2025-05-27 06:56:23|TSZ|Low Voltage|Earthing|Others|Others|Incident Description: ECA 4 door 1 [DCU8] red indicationFailure: IPPA u/s|True|True|False|False
4000680760|12457345|2025-05-30 08:37:39|2025-05-30 08:37:39|BFZ|Low Voltage|BLRP|Others|Others|Incident Description: ECA 1 HVAC Low Pressure 2 Fault with redFailure: IPPA u/s|True|True|False|False
4000682019|12457707|2025-05-31 16:24:28|2025-05-31 16:24:28|TSZ|Low Voltage|Internal Wiring & Control|Others|Others|Incident Description: ECA 1 RST Door 3 Manually IsolatedFailure: IPPA u/s|True|True|False|False
4000683851|12457722|2025-05-31 18:15:30|2025-05-31 18:15:30|BFZ|Transformer|1500 kVA Service Transformer|Tank Structure|Oil leak|Incident Description: Track disturbedFailure: IPPA u/s|True|True|True|True
4000683001|12461790|2025-06-01 17:12:13|2025-06-01 17:12:13|MAH|TPSS|Front control panel|Others|Others|Incident Description: PSM ErrorFailure: IPPA u/s|True|True|False|False
4000682936|12462275|2025-06-03 06:54:54|2025-06-03 06:54:54|RAN|TPSS|Internal Wiring & Control|Others|Others|Incident Description: ICA 2 RST Door 3 Manually IsolatedFailure: IPPA u/s|True|True|False|False
4000682960|12463332|2025-06-06 05:40:34|2025-06-06 05:40:34|BFZ|Load Break Switch|40 KVA (Station)|Others|Others|Incident Description: ML PCT Mainline Link FailureFailure: IPPA u/s|True|True|False|False
4000685081|12463712|2025-06-06 23:46:02|2025-06-06 23:46:02|BFZ|Low Voltage|MSB|Others|Others|Incident Description: Lamp UnserviceableFailure: IPPA u/s|True|True|False|False
4000683876|12464721|2025-06-11 07:59:29|2025-06-11 07:59:29|CIT|Generator Set|Volvo 100kVa|Battery|Charger card failure, power supply failure, Battery faulty|Incident Description: DCU2 failureFailure: IPPA u/s|True|True|True|True
4000685242|12465678|2025-06-13 07:52:46|2025-06-13 07:52:46|IBI|Stinger|MSB|Others|Others|Incident Description: fan unserviceableFailure: IPPA u/s|True|True|False|False
4000683883|12465681|2025-06-13 08:20:17|2025-06-13 08:20:17|RAN|TPSS|MSB|Others|Others|Incident Description: Door unserviceableFailure: IPPA u/s|True|True|False|False
4000687370|12466207|2025-06-15 18:25:06|2025-06-15 18:25:06|RAN|TPSS|2000 kW Rectifier|Control System|Power supply failure, equipment faulty|Incident Description: triggered Switch 101 Out Of ControlFailure: IPPA u/s|True|True|True|True
4000685232|12466231|2025-06-15 23:13:28|2025-06-15 23:13:28|RAN|Stinger|Stinger Panel|MCCB Compartment|Short circuits, MCCB trip|Incident Description: Stinger unserviceableFailure: IPPA u/s|True|True|True|True
4000685240|12466226|2025-06-15 22:36:26|2025-06-15 22:36:26|BNG|TPSS|AARU|Power Supply|Power tripping|Incident Description: Power tripFailure: IPPA u/s|True|True|True|True
4000685260|12468000|2025-06-18 14:39:52|2025-06-18 14:39:52|BNG|TPSS|AARU|Power Supply|Power tripping|Incident Description: No power supplyFailure: IPPA u/s|True|True|True|True
4000686289|12468492|2025-06-20 08:25:29|2025-06-20 08:25:29|TUN|UPS|BLRP|Others|Others|Incident Description: 3 Unit Highbay Lamp UnserviceableFailure: IPPA u/s|True|True|False|False
4000686456|12469890|2025-06-23 18:43:06|2025-06-23 18:43:06|CIT|TPSS|40 KVA (OCC)|Others|Others|Incident Description: DOORFailure: IPPA u/s|True|True|False|False
4000686556|12470253|2025-06-24 11:53:39|2025-06-24 11:53:39|RAN|TPSS|MSB|Others|Others|Incident Description: Unable to get good stopFailure: IPPA u/s|True|True|False|False
4000689625|12470482|2025-06-25 06:20:58|2025-06-25 06:20:58|BNG|TPSS|AARU|Others|Others|Incident Description: Fire alarm triggeredFailure: IPPA u/s|True|True|False|False
4000689624|12470493|2025-06-25 06:26:17|2025-06-25 06:26:17|BNG|TPSS|AARU|Others|Others|Incident Description: Aircond trippedFailure: IPPA u/s|True|True|False|False
4000687565|12470804|2025-06-25 18:07:12|2025-06-25 18:07:12|HAH|Low Voltage|Earthing|Others|Others|Incident Description: ECA 1 door 4 [DCU2]Failure: IPPA u/s|True|True|False|False
4000687584|12471586|2025-06-27 21:58:12|2025-06-27 21:58:12|HAH|Low Voltage|40 KVA (Station)|Others|Others|Incident Description: SW7Failure: IPPA u/s|True|True|False|False
4000675502|12434153|2025-07-04 12:04:50|2025-07-04 12:04:50|BNG|UPS|Front control panel|Others|Others|Incident Description: crew room power tripFailure: IPPA u/s|True|True|False|False
4000685076|12463722|2025-07-06 08:24:44|2025-07-06 08:24:44|BNG|TPSS|AARU|Others|Others|Incident Description: 3 units fans trippedFailure: IPPA u/s|True|True|False|False
4000672795|12434585|2025-08-04 15:18:04|2025-08-04 15:18:04|BNG|TPSS|AARU|Power Supply|Power tripping|Incident Description: Power supply trippedFailure: IPPA u/s|True|True|True|True
4000672796|12435052|2025-09-04 21:33:13|2025-09-04 21:33:13|BNG|Low Voltage|Front control panel|Others|Others|Incident Description: Downlight not lit upFailure: IPPA u/s|True|True|False|False
4000672798|12437882|2022-01-01 16:39:35|2022-01-01 16:39:35|BNG|Load Break Switch|Front control panel|Indicators light|Bulb / LED faulty|Incident Description: Light bulbFailure: IPPA u/s|True|True|True|True
4000672797|12437897|2022-01-01 16:45:57|2022-01-01 16:45:57|BNG|Load Break Switch|Front control panel|Indicators light|Bulb / LED faulty|Incident Description: Light bulbFailure: IPPA u/s|True|True|True|True
4000672800|12437880|2022-01-01 16:32:36|2022-01-01 16:32:36|BNG|Blue Light System|Blue Light Station|Relay|Relay coil resistance and relay contacts|Incident Description: Fluorescent lightFailure: IPPA u/s|True|True|True|True
4000672799|12437881|2022-01-01 16:37:29|2022-01-01 16:37:29|BNG|Blue Light System|Blue Light Station|Relay|Relay coil resistance and relay contacts|Incident Description: Fluorescent lightFailure: IPPA u/s|True|True|True|True
4000685082|12467565|2022-01-01 22:09:18|2022-01-01 22:09:18|BNG|Low Voltage|MSB|Others|Others|Incident Description: 1 unit lamp unserviceableFailure: IPPA u/s|True|True|False|False
4000685082|12452878|2022-01-01 20:44:24|2022-01-01 20:44:24|RAN|UPS|40 KVA (Station)|MCB|Mechanical fault, Overload tripping|Incident Description: Lift faultFailure: IPPA u/s|True|True|True|True
4000679214|12453585|2022-01-01 08:29:10|2022-01-01 08:29:10|IBI|Low Voltage|MSB|Capacitor Bank|Loose cable termination, PFR faulty, Cap bank faulty|Incident Description: Platform FanFailure: IPPA u/s|True|True|True|True
4000679213|12453583|2022-01-01 08:27:00|2022-01-01 08:27:00|MKU|Low Voltage|MSB|Capacitor Bank|Loose cable termination, PFR faulty, Cap bank faulty|Incident Description: Platform FanFailure: IPPA u/s|True|True|True|True
4000670676|12425623|2022-01-01 06:58:18|2022-01-01 06:58:18|MKU|Blue Light System|Blue Light Station|Relay|Relay coil resistance and relay contacts|Incident Description: Lights burned outFailure: IPPA u/s|True|True|True|True
4000676971|12440648|2022-01-01 16:56:32|2022-01-01 16:56:32|MKU|Blue Light System|Blue Light Station|Relay|Relay coil resistance and relay contacts|Incident Description: PM Inspection Blue Light SystemFailure: IPPA u/s|True|True|True|True
4000673468|12440649|2025-07-05 16:56:32|2025-07-05 16:56:32|MKU|Blue Light System|Blue Light Station|Relay|Relay coil resistance and relay contacts|Incident Description: PM Inspection Blue Light SystemFailure: IPPA u/s|True|True|True|True
4000670675|12426417|2022-01-01 08:04:33|2022-01-01 08:04:33|MKU|Low Voltage|MSB|Others|Others|Incident Description: 6 unit spotlight at switch 8 unserviceaFailure: IPPA u/s|True|True|False|False
4000686288|12469945|2022-01-01 02:55:03|2022-01-01 02:55:03|MKU|Load Break Switch|Power Indicator Light|Power Indicator Light Control Panel|Loose wiring at terminal relay and MCCB,power supply failure|Incident Description: Indicator LampFailure: IPPA u/s|True|True|True|True
4000670671|12427091|2022-01-01 11:38:37|2022-01-01 11:38:37|MKU|Low Voltage|30 KVA (DCC)|Others|Others|Incident Description: 25 unit flourescent lamp unserviceableFailure: IPPA u/s|True|True|False|False
4000685071|12455718|2022-01-01 10:35:24|2022-01-01 10:35:24|TUN|Generator Set|Volvo 100kVa|AMF Board|Relay, Timer, loose connection, Under voltage relay faulty|Incident Description: TimerFailure: IPPA u/s|True|True|True|True
4000689631|12472281|2022-01-01 20:28:18|2022-01-01 20:28:18|TUN|Load Break Switch|Power Indicator Light|Becon light|power supply failure, Cable melting|Incident Description: Spotlight and blinking light burned outFailure: IPPA u/s|True|True|True|True
4000689662|12472282|2022-01-01 20:31:52|2022-01-01 20:31:52|MKU|Low Voltage|40 KVA (Station)|Others|Others|Incident Description: All fans at platform 2 unserviceableFailure: IPPA u/s|True|True|False|False
4000689662|12472282|2022-01-01 21:53:00|2022-01-01 21:53:00|MKU|Others|Others|Others|Others|Incident Description: SM Faisal reported 3 unit highbay tripped due to overvoltageFailure: Highbay tripped|False|False|False|False
4000689662|12472282|2022-01-01 19:18:00|2022-01-01 19:18:00|KLS|Others|Others|Others|Others|Incident Description: SO Hanafi reported lighting trip at unpaid area infront of CSO 1 KLS due to overload current.Failure: Lighting Trip|False|False|False|False
4000689662|12472282|2022-01-01 15:08:00|2022-01-01 15:08:00|HAH|Others|Others|Others|Others|Incident Description: SO Suriani from BNG reported toilet lightings tripped due to overload current.Failure: Lighting Trip|False|False|False|False
4000689662|12472282|2022-01-01 10:50:00|2022-01-01 10:50:00|IBI|UPS|40 KVA (Station)|Board|Capasitor burn, Power surge|Incident Description: SO Zubaidah station HAH reported escalator tripped due to overvoltage.Failure: Escalator tripped|True|True|True|True
4000689662|12472282|2022-01-01 00:07:00|2022-01-01 00:07:00|IBI|Others|Others|Others|Others|Incident Description: SM Azian reported broken stand fan at IBI (unpaid area) near dustin due to overvoltage.Failure: Broken stand fan|False|False|False|False
4000689662|12472282|2022-01-01 00:11:00|2022-01-01 00:11:00|TSZ|Load Break Switch|Front control panel|Push button|Faulty auxiliary contacts|Incident Description: SM Azian reported lift not in-service but lift button power on at IBI (unpaid area) Berjaya Times Square side due to overvoltage.Failure: Lift button power|True|True|True|True
4000689662|12472282|2022-01-01 16:51:00|2022-01-01 16:51:00|TUN|Others|Others|Others|Others|Incident Description: SO Alif from TUN reported 3 unit Highbay at platform 1 unserviceable. Chargeman Haziq informed.Failure: Highbay unserviceable|False|False|False|False
4000689662|12472282|2022-01-01 20:22:00|2022-01-01 20:22:00|BFZ|Others|Others|Others|Others|Incident Description: 2022hrs CE Atiqah reported 2 downlight unit u/s at female toilet DCC. CM Jurij informed.Failure: Lighting Unserviceable|False|False|False|False
4000689662|12472282|2022-01-01 07:56:00|2022-01-01 07:56:00|IBI|Others|Others|Others|Others|Incident Description: SO Zulfairi from IBI reported reported lights tripped at male and female toilet. CM Nazrul informed.Failure: Lighting Trip|False|False|False|False
4000689662|12472282|2022-01-01 20:33:00|2022-01-01 20:33:00|MAH|Load Break Switch|Power Indicator Light|Becon light|power supply failure, Cable melting|Incident Description: MAH, SO Hanim reported 2 unit high bay light unserviceable. CM Wadi informed.Failure: Lighting Unserviceable|True|True|True|True
4000689662|12472282|2022-01-01 12:45:00|2022-01-01 12:45:00|TSZ|Others|Others|Others|Others|Incident Description: PB Yuzri reported escalator tripped at TSA Side 2 due to overvoltage.Failure: Escalator tripped|False|False|False|False
4000689662|12472282|2022-01-01 21:15:00|2022-01-01 21:15:00|RAN|UPS|40 KVA (Station)|Board|Capasitor burn, Power surge|Incident Description: RAN Station, SO Syafiq reported 8 unit lights tripped at Utility 1. CM Wadi informed.Failure: Lighting Trip|True|True|True|True
4000689662|12472282|2022-01-01 21:35:00|2022-01-01 21:35:00|BNG|UPS|40 KVA (Station)|Board|Capasitor burn, Power surge|Incident Description: BNG Station, SM Iziana reported lighting tripped at link bridge from station to Sungai Wang. CM Wadi informed.Failure: Lighting Trip|True|True|True|True
4000689662|12472282|2022-01-01 22:29:00|2022-01-01 22:29:00|TUN|Others|Others|Others|Others|Incident Description: SO Hakeem at TUN reported lamp tripped at comms room area. CM Irfan informed.Failure: Lighting Trip|False|False|False|False
4000689662|12472282|2022-01-01 17:31:00|2022-01-01 17:31:00|RAN|UPS|40 KVA (Station)|Board|Capasitor burn, Power surge|Incident Description: RAN Station, SO Aidid reported 2 unit lights not lit at Platform 2. PWR Irzan informed.Failure: Lighting Unserviceable|True|True|True|True
4000689662|12472282|2022-01-01 08:46:00|2022-01-01 08:46:00|HAH|UPS|40 KVA (Station)|Board|Capasitor burn, Power surge|Incident Description: SO Priya Station HAH reported all fan at platform 1 tripped. Chargeman Faris informed.Failure: Fan tripped|True|True|True|True
4000689662|12472282|2022-01-01 11:37:00|2022-01-01 11:37:00|IBI|Others|Others|Others|Others|Incident Description: SO Balqis reported 2 unit fan u/s at IBI. CM Syazwan informed.Failure: Fan Unserviceable|False|False|False|False
4000689662|12472282|2022-01-01 06:36:00|2022-01-01 06:36:00|KLS|Others|Others|Others|Others|Incident Description: KLS power tripped. CM Sufi advised.Failure: Power tripped|False|False|False|False
4000689662|12472282|2022-01-01 08:58:00|2022-01-01 08:58:00|KLS|Others|Others|Others|Others|Incident Description: SM Azlan reported escalator trip at KLS. CM Muzammir informedFailure: Escalator tripped|False|False|False|False
4000689662|12472282|2022-01-01 08:58:00|2022-01-01 08:58:00|IBI|Others|Others|Others|Others|Incident Description: SO Masida reported escalator side B at IBI tripped. CM Amirul informed.Failure: Escalator tripped|False|False|False|False
4000689662|12472282|2022-01-01 07:27:00|2022-01-01 07:27:00|TUN|Load Break Switch|Front control panel|Indicators light|Bulb / LED faulty|Incident Description: PSD techcian check and found  the fluorescent lighting unserviceable due to bulb faulty.Failure: Flourescent lamp unserviceable|True|True|True|True
4000689662|12472282|2022-01-01 13:28:00|2022-01-01 13:28:00|TSZ|Transformer|1500 kVA Service Transformer|Core & Winding Assembly|Winding faulty|Incident Description: PSD technician check and found the plug point tripped due to faulty device.Failure: 1 unit plug point unserviceable|True|True|True|True
4000689662|12472282|2022-01-01 20:47:00|2022-01-01 20:47:00|CIT|Load Break Switch|Front control panel|Indicators light|Bulb / LED faulty|Incident Description: PSD techcian check and found the fluorescent lighting unserviceable due to bulb faulty.Failure: Lighting unserviceable|True|True|True|True
4000689662|12472282|2022-01-01 06:19:00|2022-01-01 06:19:00| |Low Voltage|MSB|MCCB|Short circuits, MCCB trip|Incident Description: Voltage unstableFailure: HAH rectifier opened.|True|True|True|True
4000689662|12472282|2022-01-01 16:11:00|2022-01-01 16:11:00|MKU|Others|Others|Others|Others|Incident Description: PSD technician check and found the escalator tripped due to overload currentFailure: Escalator tripped|False|False|False|False
4000689662|12472282|2022-01-01 07:48:00|2022-01-01 07:48:00|HAH|Others|Others|Others|Others|Incident Description: SO Huda reported all fan trip at platform 2 HAH. CM Nik informed.Failure: Fan tripped|False|False|False|False
4000689662|12472282|2022-01-01 12:05:00|2022-01-01 12:05:00|MAH|UPS|40 KVA (Station)|MCB|Mechanical fault, Overload tripping|Incident Description: overload currentFailure: Emergency main power fail|True|True|True|True
4000689662|12472282|2022-01-01 11:36:00|2022-01-01 11:36:00|BFZ|Load Break Switch|Front control panel|Indicators light|Bulb / LED faulty|Incident Description: PSD techcian check and found the the fluorescent lighting unserviceable due to bulb faultyFailure: Lamp unserviceable|True|True|True|True
4000689662|12472282|2022-01-01 07:24:00|2022-01-01 07:24:00|IBI|Transformer|1500 kVA Service Transformer|Core & Winding Assembly|Winding faulty|Incident Description: PSD technician check and found the PB room tripped due to faulty deviceFailure: PB room tripped|True|True|True|True
4000689662|12472282|2022-01-01 07:25:00|2022-01-01 07:25:00|TUN|Load Break Switch|Front control panel|Indicators light|Bulb / LED faulty|Incident Description: PSD techcian check and found the the fluorescent lighting unserviceable due to bulb faultyFailure: Fluorescent light unserviceable|True|True|True|True
4000689662|12472282|2022-01-01 06:37:00|2022-01-01 06:37:00|BNG|Transformer|1500 kVA Service Transformer|Core & Winding Assembly|Winding faulty|Incident Description: PSD technician check and found the crew room tripped due to faulty deviceFailure: Crew room tripped|True|True|True|True
4000689662|12472282|2022-01-01 09:30:00|2022-01-01 09:30:00|HAH|Transformer|1500 kVA Service Transformer|Core & Winding Assembly|Winding faulty|Incident Description: PSD technician check and found the power tripped due to faulty deviceFailure: Power tripped|True|True|True|True
4000689662|12472282|2022-01-01 07:25:00|2022-01-01 07:25:00|BFZ|Others|Others|Others|Others|Incident Description: SO Aliff reported 4 unit fan unserviceable. CM Haziq informed.Failure: 4 unit fan unserviceable.|False|False|False|False
4000689662|12472282|2022-01-01 07:14:00|2022-01-01 07:14:00|RAN|Others|Others|Others|Others|Incident Description: PSD technician check and found the power tripped at toilet, pantry and locker due to imbalance between the live and neutral currentFailure: Power trip at toilet, pantry & locker|False|False|False|False
4000689662|12472282|2022-01-01 08:14:00|2022-01-01 08:14:00|MAH|Others|Others|Others|Others|Incident Description:  SO Kaitheri at RAN reported all fans at Platform 1 unserviceable. PWR Syazwan informed.Failure: Fan unserviceable|False|False|False|False
4000689662|12472282|2022-01-01 09:14:00|2022-01-01 09:14:00| |Others|Others|Others|Others|Incident Description: SM Laili reported all fan at Platform 1 unserviceable and 1 FAN short. CM Izman & FMAD Faez informedFailure: Fan unserviceable|False|False|False|False
4000689662|12472282|2022-01-01 07:33:00|2022-01-01 07:33:00|BNG|TPSS|AARU|Power Supply|Power tripping|Incident Description: PSD technician check and found the power supply tripped due to device faultyFailure: Power supply trip|True|True|True|True
4000689662|12472282|2022-01-01 10:35:00|2022-01-01 10:35:00|BNG|Transformer|1500 kVA Service Transformer|Core & Winding Assembly|Winding faulty|Incident Description: PSD technician check and found the power plug tripped due to device faultyFailure: Power plug tripped|True|True|True|True
4000689662|12472282|2022-01-01 07:51:00|2022-01-01 07:51:00|BNG|Others|Others|Others|Others|Incident Description:  SO Wafiy reported fan both side unserviceable at BNG. CM informed.Failure: Fan both side unserviceable|False|False|False|False
4000689662|12472282|2022-01-01 17:15:00|2022-01-01 17:15:00|BFZ|Load Break Switch|Front control panel|Indicators light|Bulb / LED faulty|Incident Description: PSD technician check and found the lamp burnt due to bulb faultyFailure: Lamp burnt|True|True|True|True
4000689662|12472282|2022-01-01 22:26:00|2022-01-01 22:26:00|BFZ|Load Break Switch|Front control panel|Indicators light|Bulb / LED faulty|Incident Description: PSD technician check and found spotlight unserviceable due to bulb faultyFailure: Spotlight at new depot unserviceable|True|True|True|True
4000689662|12472282|2022-01-01 09:32:00|2022-01-01 09:32:00|BNG|Others|Others|Others|Others|Incident Description: PWR Amirul check and found the fans at both platform tripped due to overloadFailure: Platform fans tripped|False|False|False|False
4000689662|12472282|2022-01-01 17:24:00|2022-01-01 17:24:00| |Load Break Switch|Front control panel|Indicators light|Bulb / LED faulty|Incident Description: CM Wadi check and found the lamp unserviceable and water leaking at toilet male and female due to bulb faultyFailure: Lamp unserviceable|True|True|True|True
4000689662|12472282|2022-01-01 15:58:00|2022-01-01 15:58:00|BNG|Others|Others|Others|Others|Incident Description: SO Fatin reported fans tripped at platform 1 and 2 BNG. PWR Ammar informed.Failure: Fan tripped|False|False|False|False
4000689662|12472282|2022-01-01 10:08:00|2022-01-01 10:08:00|BNG|UPS|40 KVA (Station)|Board|Capasitor burn, Power surge|Incident Description: SM Faisal from BNG station reported platform fan for both side tripped.CM Dinesh & FMD Tech Akmal informed.Failure: Platform fan|True|True|True|True
4000689662|12472282|2022-01-01 08:40:00|2022-01-01 08:40:00|BFZ|Load Break Switch|Front control panel|Indicators light|Bulb / LED faulty|Incident Description: PWR Sazwan check and found the 2-unit fluorescent lighting unserviceable due to bulb faultyFailure: Lighting unserviceable|True|True|True|True
4000689662|12472282|2022-01-01 08:59:00|2022-01-01 08:59:00|MAH|Others|Others|Others|Others|Incident Description: SM Laili reported 3 unit fan at Platform 1 MAH unserviceable. PWR Sazwan informed.Failure: Platform fan|False|False|False|False
4000689662|12472282|2022-01-01 09:44:00|2022-01-01 09:44:00|BNG|Others|Others|Others|Others|Incident Description:  So Najah at BNG reported 5 unit fans at platform 1 and 4 unit fans at platform 2 unserviceable. PWR Shazwan informed.Failure: Fan unserviceable|False|False|False|False
4000689662|12472282|2022-01-01 07:12:00|2022-01-01 07:12:00|TUN|Load Break Switch|Power Indicator Light|Becon light|power supply failure, Cable melting|Incident Description: CM Irfan check and found the highbay light cannot be off due to timer setting not synchronize with actual timeFailure: High bay light cannot be off|True|True|True|True
4000689662|12472282|2022-01-01 10:08:00|2022-01-01 10:08:00|BFZ|Load Break Switch|Front control panel|Indicators light|Bulb / LED faulty|Incident Description: CM Irzan check and found 3 unit spotlight at SW 7 & 8 unserviceable due to bulb faultyFailure: Spotlight unserviceable|True|True|True|True
4000689662|12472282|2022-01-01 20:07:00|2022-01-01 20:07:00|TUN|Load Break Switch|Front control panel|Indicators light|Bulb / LED faulty|Incident Description: WEES Syazwan check and found the 4 unit highbay lamp unserviceable due to bulb faultyFailure: Highbay lamp unserviceable|True|True|True|True
4000689662|12472282|2022-01-01 11:14:00|2022-01-01 11:14:00|TUN|Others|Others|Others|Others|Incident Description: CM Wadi check the highbay remain ON after switch OFF at TUN Platform 2 and found timer setting not synchronize with actual time.Failure: Highbay remain ON after switch OFF|False|False|False|False
4000689662|12472282|2022-01-01 06:43:00|2022-01-01 06:43:00|TUN|TPSS|AARU|Power Supply|Power tripping|Incident Description: PWR Dinesh check the power supply tripped at utility area and first aid room due to faulty deviceFailure: Power supply tripped|True|True|True|True
4000689662|12472282|2022-01-01 08:34:00|2022-01-01 08:34:00|TUN|Others|Others|Others|Others|Incident Description: CM Nazrul check and found the lamp and pump tripped at comms room and pump room due to overload currentFailure: Lamp & pump tripped|False|False|False|False
4000689662|12472282|2022-01-01 19:12:00|2022-01-01 19:12:00|BFZ|Transformer|1500 kVA Service Transformer|Tank Structure|Oil leak|Incident Description: PWR Wadi check found the transformer rectifier trip due to AARU temperature level 2 tripFailure: Power Trip at 11Kv feeder no 2|True|True|True|True
4000689662|12472282|2022-01-01 10:08:00|2022-01-01 10:08:00|HAH|Load Break Switch|Power Indicator Light|Becon light|power supply failure, Cable melting|Incident Description: Check the light that remain ON after switch OFF  and found timer setting not synchronize with actual time.Failure: Light can't be swicthed off|True|True|True|True
4000689662|12472282|2022-01-01 01:57:00|2022-01-01 01:57:00|TSZ|UPS|40 KVA (Station)|Board|Capasitor burn, Power surge|Incident Description: CM Alif check and found the PB Duwi power tripped at station TSA due to faulty deviceFailure: Power tripped|True|True|True|True
4000689662|12472282|2022-01-01 16:03:00|2022-01-01 16:03:00|BFZ|Load Break Switch|Front control panel|Indicators light|Bulb / LED faulty|Incident Description: PWR Jurij check and found the lighting flickering at HOE office Depot due to faulty bulbFailure: Lamp tripped|True|True|True|True
4000689662|12472282|2022-01-01 10:45:00|2022-01-01 10:45:00| |TPSS|AARU|Power Supply|Power tripping|Incident Description: TNB power supply unstable voltageFailure: 750Vdc is not available|True|True|True|True
4000689662|12472282|2022-01-01 10:57:00|2022-01-01 10:57:00|RAN|UPS|40 KVA (Station)|Board|Capasitor burn, Power surge|Incident Description:  RAN Station, SO Zubaidah reported 4 unit fan at Platform 1 unserviceable. PWR Alif informed.Failure: Fan unserviceable|True|True|True|True
4000689662|12472282|2022-01-01 13:05:00|2022-01-01 13:05:00|BFZ|Load Break Switch|Power Indicator Light|Becon light|power supply failure, Cable melting|Incident Description: LK Rizal reported light trip  at basement Wisma Monorail due to overload currentFailure: Lighting|True|True|True|True
4000689662|12472282|2022-01-01 16:35:00|2022-01-01 16:35:00|TSZ|Others|Others|Others|Others|Incident Description: SO Farahin from TSA reported highbay platform 2 tripped due to overload currentFailure: Highbay Tripped|False|False|False|False
4000689662|12472282|2022-01-01 20:09:00|2022-01-01 20:09:00|TUN|Others|Others|Others|Others|Incident Description: SM Rosman reported 18 units fluorescent lights unserviceable at utility area due to overload current. Failure: Lighting Trip|False|False|False|False
4000689662|12472282|2022-01-01 07:48:00|2022-01-01 07:48:00|KLS|Others|Others|Others|Others|Incident Description: SM Rosman reported 18 units flourescent lamp unserviceable at unpaid area due to overload currentFailure: Lighting Trip|False|False|False|False
4000689662|12472282|2022-01-01 19:11:00|2022-01-01 19:11:00|BFZ|Load Break Switch|Front control panel|Indicators light|Bulb / LED faulty|Incident Description: TNM Mohamad reported 4 unit fluorescence light at bogie drop pit at old depot malfunction and 2 unit fluorescence lig due faulty bulbFailure: Fluorescent light malfunction|True|True|True|True
4000689662|12472282|2022-01-01 15:07:00|2022-01-01 15:07:00| |TPSS|2000 kW Rectifier|Control System|Power supply failure, equipment faulty|Incident Description: DCC reported Switch 7 & 8  out of control on PCL. According to TNM at site, it has been determined that power tripped due overload currentFailure: Power Trip at Switch 8|True|True|True|True
4000689662|12472282|2022-01-01 17:31:00|2022-01-01 17:31:00|BFZ|Others|Others|Others|Others|Incident Description: TNM tech Rizal informed power tripped on room TNM due to overload current.Failure: Power Trip|False|False|False|False
4000689662|12472282|2022-01-01 11:26:00|2022-01-01 11:26:00|BFZ|Load Break Switch|Front control panel|Indicators light|Bulb / LED faulty|Incident Description: S&C Fazli reported 1 unit flourescent  light blinking at HOU wayside room, Old Depot due to faulty bulbFailure: Flourescent Light Blinking|True|True|True|True
4000689662|12472282|2022-01-01 08:12:00|2022-01-01 08:12:00| |TPSS|750 VDC Switchgear|Feeder 1|Protection relay faulty, Protection tripping|Incident Description: Depot tripped, suspected from 11kV feeder no 1 due to overvoltageFailure: Depot tripped|True|True|True|True
4000448518|11901607|2022-01-02 02:13:16|2022-01-02 02:13:16| |TPSS|AARU|Display Panel|Power supply failure|Incident Description: AARU trippedFailure: Depot tripped|True|True|True|True
