system|sub_system|sub_sub_system|root_cause|department
PAGS|Door / Panel|Fixed Screen|Sliding door misalign|WS20
PAGS|Door / Panel|Fixed Screen|Sliding door crack|WS20
PAGS|Door / Panel|Fixed Screen|Fixed screen crack|WS20
PAGS|Door / Panel|Body Frame Right|Sliding door misalign|WS20
PAGS|Door / Panel|Body Frame Right|Sliding door crack|WS20
PAGS|Door / Panel|Body Frame Right|Fixed screen crack|WS20
PAGS|Door / Panel|Motorized Sliding Door Right & Tinted|Sliding door misalign|WS20
PAGS|Door / Panel|Motorized Sliding Door Right & Tinted|Sliding door crack|WS20
PAGS|Door / Panel|Motorized Sliding Door Right & Tinted|Fixed screen crack|WS20
PAGS|Door / Panel|Body Frame Left|Sliding door misalign|WS20
PAGS|Door / Panel|Body Frame Left|Sliding door crack|WS20
PAGS|Door / Panel|Body Frame Left|Fixed screen crack|WS20
PAGS|Door / Panel|Motorized Sliding Door Left & Tinted|Sliding door misalign|WS20
PAGS|Door / Panel|Motorized Sliding Door Left & Tinted|Sliding door crack|WS20
PAGS|Door / Panel|Motorized Sliding Door Left & Tinted|Fixed screen crack|WS20
PAGS|(DCU) Door Control Unit|DCU Right|No power from incoming supply|WS20
PAGS|(DCU) Door Control Unit|DCU Right|Door crack|WS20
PAGS|(DCU) Door Control Unit|DCU Right|Door faulty|WS20
PAGS|(DCU) Door Control Unit|DCU Left|No power from incoming supply|WS20
PAGS|(DCU) Door Control Unit|DCU Left|Door crack|WS20
PAGS|(DCU) Door Control Unit|DCU Left|Door faulty|WS20
PAGS|(LCU) Local Control Unit|LCU Miniature Circuit Breaker, 2 Pole, 6A|Power lost due to RCCB tripped|WS20
PAGS|(LCU) Local Control Unit|LCU Miniature Circuit Breaker, 2 Pole, 6A|HMI hang|WS20
PAGS|(LCU) Local Control Unit|LCU Miniature Circuit Breaker, 2 Pole, 6A|No connection on LCU network|WS20
PAGS|(LCU) Local Control Unit|LCU Miniature Circuit Breaker, 2 Pole, 6A|Power supply burst|WS20
PAGS|(LCU) Local Control Unit|LCU Miniature Circuit Breaker, 2 Pole, 6A|MCB issue|WS20
PAGS|(LCU) Local Control Unit|LCU Miniature Circuit Breaker, 2 Pole, 6A|Relay issue|WS20
PAGS|(LCU) Local Control Unit|LCU Miniature Circuit Breaker, 2 Pole, 6A|Selector switch broken|WS20
PAGS|(LCU) Local Control Unit|LCU Miniature Circuit Breaker, 2 Pole, 6A|PLC hang|WS20
PAGS|(LCU) Local Control Unit|LCU Miniature Circuit Breaker, 2 Pole, 6A|Push button broken|WS20
PAGS|(LCU) Local Control Unit|LCU Miniature Circuit Breaker, 2 Pole, 6A|Diode broken|WS20
PAGS|(LCU) Local Control Unit|G1 - DIN rail power supply 90W, 24VDC, 3.8A|Power lost due to RCCB tripped|WS20
PAGS|(LCU) Local Control Unit|G1 - DIN rail power supply 90W, 24VDC, 3.8A|HMI hang|WS20
PAGS|(LCU) Local Control Unit|G1 - DIN rail power supply 90W, 24VDC, 3.8A|No connection on LCU network|WS20
PAGS|(LCU) Local Control Unit|G1 - DIN rail power supply 90W, 24VDC, 3.8A|Power supply burst|WS20
PAGS|(LCU) Local Control Unit|G1 - DIN rail power supply 90W, 24VDC, 3.8A|MCB issue|WS20
PAGS|(LCU) Local Control Unit|G1 - DIN rail power supply 90W, 24VDC, 3.8A|Relay issue|WS20
PAGS|(LCU) Local Control Unit|G1 - DIN rail power supply 90W, 24VDC, 3.8A|Selector switch broken|WS20
PAGS|(LCU) Local Control Unit|G1 - DIN rail power supply 90W, 24VDC, 3.8A|PLC hang|WS20
PAGS|(LCU) Local Control Unit|G1 - DIN rail power supply 90W, 24VDC, 3.8A|Push button broken|WS20
PAGS|(LCU) Local Control Unit|G1 - DIN rail power supply 90W, 24VDC, 3.8A|Diode broken|WS20
PAGS|(LCU) Local Control Unit|Diode redundancy module|Power lost due to RCCB tripped|WS20
PAGS|(LCU) Local Control Unit|Diode redundancy module|HMI hang|WS20
PAGS|(LCU) Local Control Unit|Diode redundancy module|No connection on LCU network|WS20
PAGS|(LCU) Local Control Unit|Diode redundancy module|Power supply burst|WS20
PAGS|(LCU) Local Control Unit|Diode redundancy module|MCB issue|WS20
PAGS|(LCU) Local Control Unit|Diode redundancy module|Relay issue|WS20
PAGS|(LCU) Local Control Unit|Diode redundancy module|Selector switch broken|WS20
PAGS|(LCU) Local Control Unit|Diode redundancy module|PLC hang|WS20
PAGS|(LCU) Local Control Unit|Diode redundancy module|Push button broken|WS20
PAGS|(LCU) Local Control Unit|Diode redundancy module|Diode broken|WS20
PAGS|(LCU) Local Control Unit|Programmable gateway, 24VDC|Power lost due to RCCB tripped|WS20
PAGS|(LCU) Local Control Unit|Programmable gateway, 24VDC|HMI hang|WS20
PAGS|(LCU) Local Control Unit|Programmable gateway, 24VDC|No connection on LCU network|WS20
PAGS|(LCU) Local Control Unit|Programmable gateway, 24VDC|Power supply burst|WS20
PAGS|(LCU) Local Control Unit|Programmable gateway, 24VDC|MCB issue|WS20
PAGS|(LCU) Local Control Unit|Programmable gateway, 24VDC|Relay issue|WS20
PAGS|(LCU) Local Control Unit|Programmable gateway, 24VDC|Selector switch broken|WS20
PAGS|(LCU) Local Control Unit|Programmable gateway, 24VDC|PLC hang|WS20
PAGS|(LCU) Local Control Unit|Programmable gateway, 24VDC|Push button broken|WS20
PAGS|(LCU) Local Control Unit|Programmable gateway, 24VDC|Diode broken|WS20
PAGS|(LCU) Local Control Unit|"10"" Display HMI/PLC"|Power lost due to RCCB tripped|WS20
PAGS|(LCU) Local Control Unit|"10"" Display HMI/PLC"|HMI hang|WS20
PAGS|(LCU) Local Control Unit|"10"" Display HMI/PLC"|No connection on LCU network|WS20
PAGS|(LCU) Local Control Unit|"10"" Display HMI/PLC"|Power supply burst|WS20
PAGS|(LCU) Local Control Unit|"10"" Display HMI/PLC"|MCB issue|WS20
PAGS|(LCU) Local Control Unit|"10"" Display HMI/PLC"|Relay issue|WS20
PAGS|(LCU) Local Control Unit|"10"" Display HMI/PLC"|Selector switch broken|WS20
PAGS|(LCU) Local Control Unit|"10"" Display HMI/PLC"|PLC hang|WS20
PAGS|(LCU) Local Control Unit|"10"" Display HMI/PLC"|Push button broken|WS20
PAGS|(LCU) Local Control Unit|"10"" Display HMI/PLC"|Diode broken|WS20
PAGS|(LCU) Local Control Unit|Fast Industrial Hotspot RLX2|Power lost due to RCCB tripped|WS20
PAGS|(LCU) Local Control Unit|Fast Industrial Hotspot RLX2|HMI hang|WS20
PAGS|(LCU) Local Control Unit|Fast Industrial Hotspot RLX2|No connection on LCU network|WS20
PAGS|(LCU) Local Control Unit|Fast Industrial Hotspot RLX2|Power supply burst|WS20
PAGS|(LCU) Local Control Unit|Fast Industrial Hotspot RLX2|MCB issue|WS20
PAGS|(LCU) Local Control Unit|Fast Industrial Hotspot RLX2|Relay issue|WS20
PAGS|(LCU) Local Control Unit|Fast Industrial Hotspot RLX2|Selector switch broken|WS20
PAGS|(LCU) Local Control Unit|Fast Industrial Hotspot RLX2|PLC hang|WS20
PAGS|(LCU) Local Control Unit|Fast Industrial Hotspot RLX2|Push button broken|WS20
PAGS|(LCU) Local Control Unit|Fast Industrial Hotspot RLX2|Diode broken|WS20
PAGS|(LCU) Local Control Unit|8 Digital Inputs Module, 24VDC, PNP, pushin terminal|Power lost due to RCCB tripped|WS20
PAGS|(LCU) Local Control Unit|8 Digital Inputs Module, 24VDC, PNP, pushin terminal|HMI hang|WS20
PAGS|(LCU) Local Control Unit|8 Digital Inputs Module, 24VDC, PNP, pushin terminal|No connection on LCU network|WS20
PAGS|(LCU) Local Control Unit|8 Digital Inputs Module, 24VDC, PNP, pushin terminal|Power supply burst|WS20
PAGS|(LCU) Local Control Unit|8 Digital Inputs Module, 24VDC, PNP, pushin terminal|MCB issue|WS20
PAGS|(LCU) Local Control Unit|8 Digital Inputs Module, 24VDC, PNP, pushin terminal|Relay issue|WS20
PAGS|(LCU) Local Control Unit|8 Digital Inputs Module, 24VDC, PNP, pushin terminal|Selector switch broken|WS20
PAGS|(LCU) Local Control Unit|8 Digital Inputs Module, 24VDC, PNP, pushin terminal|PLC hang|WS20
PAGS|(LCU) Local Control Unit|8 Digital Inputs Module, 24VDC, PNP, pushin terminal|Push button broken|WS20
PAGS|(LCU) Local Control Unit|8 Digital Inputs Module, 24VDC, PNP, pushin terminal|Diode broken|WS20
PAGS|(LCU) Local Control Unit|8 Digital Output Module, 24VDC, max. 0.5A, PNP, pushin terminal|Power lost due to RCCB tripped|WS20
PAGS|(LCU) Local Control Unit|8 Digital Output Module, 24VDC, max. 0.5A, PNP, pushin terminal|HMI hang|WS20
PAGS|(LCU) Local Control Unit|8 Digital Output Module, 24VDC, max. 0.5A, PNP, pushin terminal|No connection on LCU network|WS20
PAGS|(LCU) Local Control Unit|8 Digital Output Module, 24VDC, max. 0.5A, PNP, pushin terminal|Power supply burst|WS20
PAGS|(LCU) Local Control Unit|8 Digital Output Module, 24VDC, max. 0.5A, PNP, pushin terminal|MCB issue|WS20
PAGS|(LCU) Local Control Unit|8 Digital Output Module, 24VDC, max. 0.5A, PNP, pushin terminal|Relay issue|WS20
PAGS|(LCU) Local Control Unit|8 Digital Output Module, 24VDC, max. 0.5A, PNP, pushin terminal|Selector switch broken|WS20
PAGS|(LCU) Local Control Unit|8 Digital Output Module, 24VDC, max. 0.5A, PNP, pushin terminal|PLC hang|WS20
PAGS|(LCU) Local Control Unit|8 Digital Output Module, 24VDC, max. 0.5A, PNP, pushin terminal|Push button broken|WS20
PAGS|(LCU) Local Control Unit|8 Digital Output Module, 24VDC, max. 0.5A, PNP, pushin terminal|Diode broken|WS20
PAGS|(LCU) Local Control Unit|Miniature plugin relay, 5A, 2 contact with LED, 24VDC|Power lost due to RCCB tripped|WS20
PAGS|(LCU) Local Control Unit|Miniature plugin relay, 5A, 2 contact with LED, 24VDC|HMI hang|WS20
PAGS|(LCU) Local Control Unit|Miniature plugin relay, 5A, 2 contact with LED, 24VDC|No connection on LCU network|WS20
PAGS|(LCU) Local Control Unit|Miniature plugin relay, 5A, 2 contact with LED, 24VDC|Power supply burst|WS20
PAGS|(LCU) Local Control Unit|Miniature plugin relay, 5A, 2 contact with LED, 24VDC|MCB issue|WS20
PAGS|(LCU) Local Control Unit|Miniature plugin relay, 5A, 2 contact with LED, 24VDC|Relay issue|WS20
PAGS|(LCU) Local Control Unit|Miniature plugin relay, 5A, 2 contact with LED, 24VDC|Selector switch broken|WS20
PAGS|(LCU) Local Control Unit|Miniature plugin relay, 5A, 2 contact with LED, 24VDC|PLC hang|WS20
PAGS|(LCU) Local Control Unit|Miniature plugin relay, 5A, 2 contact with LED, 24VDC|Push button broken|WS20
PAGS|(LCU) Local Control Unit|Miniature plugin relay, 5A, 2 contact with LED, 24VDC|Diode broken|WS20
PAGS|(LCU) Local Control Unit|Socket for RXM2 Relay|Power lost due to RCCB tripped|WS20
PAGS|(LCU) Local Control Unit|Socket for RXM2 Relay|HMI hang|WS20
PAGS|(LCU) Local Control Unit|Socket for RXM2 Relay|No connection on LCU network|WS20
PAGS|(LCU) Local Control Unit|Socket for RXM2 Relay|Power supply burst|WS20
PAGS|(LCU) Local Control Unit|Socket for RXM2 Relay|MCB issue|WS20
PAGS|(LCU) Local Control Unit|Socket for RXM2 Relay|Relay issue|WS20
PAGS|(LCU) Local Control Unit|Socket for RXM2 Relay|Selector switch broken|WS20
PAGS|(LCU) Local Control Unit|Socket for RXM2 Relay|PLC hang|WS20
PAGS|(LCU) Local Control Unit|Socket for RXM2 Relay|Push button broken|WS20
PAGS|(LCU) Local Control Unit|Socket for RXM2 Relay|Diode broken|WS20
PAGS|(LCU) Local Control Unit|Selector Switch, 2 position stay put, Ø22, 1 NO|Power lost due to RCCB tripped|WS20
PAGS|(LCU) Local Control Unit|Selector Switch, 2 position stay put, Ø22, 1 NO|HMI hang|WS20
PAGS|(LCU) Local Control Unit|Selector Switch, 2 position stay put, Ø22, 1 NO|No connection on LCU network|WS20
PAGS|(LCU) Local Control Unit|Selector Switch, 2 position stay put, Ø22, 1 NO|Power supply burst|WS20
PAGS|(LCU) Local Control Unit|Selector Switch, 2 position stay put, Ø22, 1 NO|MCB issue|WS20
PAGS|(LCU) Local Control Unit|Selector Switch, 2 position stay put, Ø22, 1 NO|Relay issue|WS20
PAGS|(LCU) Local Control Unit|Selector Switch, 2 position stay put, Ø22, 1 NO|Selector switch broken|WS20
PAGS|(LCU) Local Control Unit|Selector Switch, 2 position stay put, Ø22, 1 NO|PLC hang|WS20
PAGS|(LCU) Local Control Unit|Selector Switch, 2 position stay put, Ø22, 1 NO|Push button broken|WS20
PAGS|(LCU) Local Control Unit|Selector Switch, 2 position stay put, Ø22, 1 NO|Diode broken|WS20
PAGS|(LCU) Local Control Unit|Push Button, flush green, Ø22, spring return 1NO|Power lost due to RCCB tripped|WS20
PAGS|(LCU) Local Control Unit|Push Button, flush green, Ø22, spring return 1NO|HMI hang|WS20
PAGS|(LCU) Local Control Unit|Push Button, flush green, Ø22, spring return 1NO|No connection on LCU network|WS20
PAGS|(LCU) Local Control Unit|Push Button, flush green, Ø22, spring return 1NO|Power supply burst|WS20
PAGS|(LCU) Local Control Unit|Push Button, flush green, Ø22, spring return 1NO|MCB issue|WS20
PAGS|(LCU) Local Control Unit|Push Button, flush green, Ø22, spring return 1NO|Relay issue|WS20
PAGS|(LCU) Local Control Unit|Push Button, flush green, Ø22, spring return 1NO|Selector switch broken|WS20
PAGS|(LCU) Local Control Unit|Push Button, flush green, Ø22, spring return 1NO|PLC hang|WS20
PAGS|(LCU) Local Control Unit|Push Button, flush green, Ø22, spring return 1NO|Push button broken|WS20
PAGS|(LCU) Local Control Unit|Push Button, flush green, Ø22, spring return 1NO|Diode broken|WS20
PAGS|(LCU) Local Control Unit|Push Button, flush red, Ø22, spring return 1NO|Power lost due to RCCB tripped|WS20
PAGS|(LCU) Local Control Unit|Push Button, flush red, Ø22, spring return 1NO|HMI hang|WS20
PAGS|(LCU) Local Control Unit|Push Button, flush red, Ø22, spring return 1NO|No connection on LCU network|WS20
PAGS|(LCU) Local Control Unit|Push Button, flush red, Ø22, spring return 1NO|Power supply burst|WS20
PAGS|(LCU) Local Control Unit|Push Button, flush red, Ø22, spring return 1NO|MCB issue|WS20
PAGS|(LCU) Local Control Unit|Push Button, flush red, Ø22, spring return 1NO|Relay issue|WS20
PAGS|(LCU) Local Control Unit|Push Button, flush red, Ø22, spring return 1NO|Selector switch broken|WS20
PAGS|(LCU) Local Control Unit|Push Button, flush red, Ø22, spring return 1NO|PLC hang|WS20
PAGS|(LCU) Local Control Unit|Push Button, flush red, Ø22, spring return 1NO|Push button broken|WS20
PAGS|(LCU) Local Control Unit|Push Button, flush red, Ø22, spring return 1NO|Diode broken|WS20
PAGS|(LCU) Local Control Unit|5 port unmanaged Ethernet switches|Power lost due to RCCB tripped|WS20
PAGS|(LCU) Local Control Unit|5 port unmanaged Ethernet switches|HMI hang|WS20
PAGS|(LCU) Local Control Unit|5 port unmanaged Ethernet switches|No connection on LCU network|WS20
PAGS|(LCU) Local Control Unit|5 port unmanaged Ethernet switches|Power supply burst|WS20
PAGS|(LCU) Local Control Unit|5 port unmanaged Ethernet switches|MCB issue|WS20
PAGS|(LCU) Local Control Unit|5 port unmanaged Ethernet switches|Relay issue|WS20
PAGS|(LCU) Local Control Unit|5 port unmanaged Ethernet switches|Selector switch broken|WS20
PAGS|(LCU) Local Control Unit|5 port unmanaged Ethernet switches|PLC hang|WS20
PAGS|(LCU) Local Control Unit|5 port unmanaged Ethernet switches|Push button broken|WS20
PAGS|(LCU) Local Control Unit|5 port unmanaged Ethernet switches|Diode broken|WS20
PAGS|(LCU) Local Control Unit|Terminal Block|Power lost due to RCCB tripped|WS20
PAGS|(LCU) Local Control Unit|Terminal Block|HMI hang|WS20
PAGS|(LCU) Local Control Unit|Terminal Block|No connection on LCU network|WS20
PAGS|(LCU) Local Control Unit|Terminal Block|Power supply burst|WS20
PAGS|(LCU) Local Control Unit|Terminal Block|MCB issue|WS20
PAGS|(LCU) Local Control Unit|Terminal Block|Relay issue|WS20
PAGS|(LCU) Local Control Unit|Terminal Block|Selector switch broken|WS20
PAGS|(LCU) Local Control Unit|Terminal Block|PLC hang|WS20
PAGS|(LCU) Local Control Unit|Terminal Block|Push button broken|WS20
PAGS|(LCU) Local Control Unit|Terminal Block|Diode broken|WS20
PAGS|(PDB) Platform Distribution Box|Moulded case Circuit Breaker 4 Pole 50A|Power lost due to RCCB tripped|WS20
PAGS|(PDB) Platform Distribution Box|Moulded case Circuit Breaker 4 Pole 50A|HMI hang|WS20
PAGS|(PDB) Platform Distribution Box|Moulded case Circuit Breaker 4 Pole 50A|No connection on LCU network|WS20
PAGS|(PDB) Platform Distribution Box|Moulded case Circuit Breaker 4 Pole 50A|Power supply burst|WS20
PAGS|(PDB) Platform Distribution Box|Moulded case Circuit Breaker 4 Pole 50A|MCB issue|WS20
PAGS|(PDB) Platform Distribution Box|Moulded case Circuit Breaker 4 Pole 50A|Relay issue|WS20
PAGS|(PDB) Platform Distribution Box|Moulded case Circuit Breaker 4 Pole 50A|Selector switch broken|WS20
PAGS|(PDB) Platform Distribution Box|Moulded case Circuit Breaker 4 Pole 50A|PLC hang|WS20
PAGS|(PDB) Platform Distribution Box|Moulded case Circuit Breaker 4 Pole 50A|Push button broken|WS20
PAGS|(PDB) Platform Distribution Box|Moulded case Circuit Breaker 4 Pole 50A|Diode broken|WS20
PAGS|(PDB) Platform Distribution Box|Earth Leakage Breaker 3 Pole 30A|Power lost due to RCCB tripped|WS20
PAGS|(PDB) Platform Distribution Box|Earth Leakage Breaker 3 Pole 30A|HMI hang|WS20
PAGS|(PDB) Platform Distribution Box|Earth Leakage Breaker 3 Pole 30A|No connection on LCU network|WS20
PAGS|(PDB) Platform Distribution Box|Earth Leakage Breaker 3 Pole 30A|Power supply burst|WS20
PAGS|(PDB) Platform Distribution Box|Earth Leakage Breaker 3 Pole 30A|MCB issue|WS20
PAGS|(PDB) Platform Distribution Box|Earth Leakage Breaker 3 Pole 30A|Relay issue|WS20
PAGS|(PDB) Platform Distribution Box|Earth Leakage Breaker 3 Pole 30A|Selector switch broken|WS20
PAGS|(PDB) Platform Distribution Box|Earth Leakage Breaker 3 Pole 30A|PLC hang|WS20
PAGS|(PDB) Platform Distribution Box|Earth Leakage Breaker 3 Pole 30A|Push button broken|WS20
PAGS|(PDB) Platform Distribution Box|Earth Leakage Breaker 3 Pole 30A|Diode broken|WS20
PAGS|(PDB) Platform Distribution Box|1 Phase Overvoltage Protection Relay|Power lost due to RCCB tripped|WS20
PAGS|(PDB) Platform Distribution Box|1 Phase Overvoltage Protection Relay|HMI hang|WS20
PAGS|(PDB) Platform Distribution Box|1 Phase Overvoltage Protection Relay|No connection on LCU network|WS20
PAGS|(PDB) Platform Distribution Box|1 Phase Overvoltage Protection Relay|Power supply burst|WS20
PAGS|(PDB) Platform Distribution Box|1 Phase Overvoltage Protection Relay|MCB issue|WS20
PAGS|(PDB) Platform Distribution Box|1 Phase Overvoltage Protection Relay|Relay issue|WS20
PAGS|(PDB) Platform Distribution Box|1 Phase Overvoltage Protection Relay|Selector switch broken|WS20
PAGS|(PDB) Platform Distribution Box|1 Phase Overvoltage Protection Relay|PLC hang|WS20
PAGS|(PDB) Platform Distribution Box|1 Phase Overvoltage Protection Relay|Push button broken|WS20
PAGS|(PDB) Platform Distribution Box|1 Phase Overvoltage Protection Relay|Diode broken|WS20
PAGS|(PDB) Platform Distribution Box|Earthing Busbar|Power lost due to RCCB tripped|WS20
PAGS|(PDB) Platform Distribution Box|Earthing Busbar|HMI hang|WS20
PAGS|(PDB) Platform Distribution Box|Earthing Busbar|No connection on LCU network|WS20
PAGS|(PDB) Platform Distribution Box|Earthing Busbar|Power supply burst|WS20
PAGS|(PDB) Platform Distribution Box|Earthing Busbar|MCB issue|WS20
PAGS|(PDB) Platform Distribution Box|Earthing Busbar|Relay issue|WS20
PAGS|(PDB) Platform Distribution Box|Earthing Busbar|Selector switch broken|WS20
PAGS|(PDB) Platform Distribution Box|Earthing Busbar|PLC hang|WS20
PAGS|(PDB) Platform Distribution Box|Earthing Busbar|Push button broken|WS20
PAGS|(PDB) Platform Distribution Box|Earthing Busbar|Diode broken|WS20
PAGS|Light Curtain|Receiver IP65|Obstacle fault|WS20
PAGS|Light Curtain|Receiver IP65|Light curtain fault|WS20
PAGS|Light Curtain|Emitter IP65|Obstacle fault|WS20
PAGS|Light Curtain|Emitter IP65|Light curtain fault|WS20
PAGS|Sensor|Distance Measurement Sensor|SPS 1 sensor error|WS20
PAGS|Sensor|Distance Measurement Sensor|SPS 2 sensor error|WS20
PAGS|Sensor|Distance Measurement Sensor|DS 1 sensor error|WS20
PAGS|Sensor|Distance Measurement Sensor|DS 2 sensor error|WS20
PAGS|Sensor|Stop Position Sensor|SPS 1 sensor error|WS20
PAGS|Sensor|Stop Position Sensor|SPS 2 sensor error|WS20
PAGS|Sensor|Stop Position Sensor|DS 1 sensor error|WS20
PAGS|Sensor|Stop Position Sensor|DS 2 sensor error|WS20
PAGS|(EED) Emergency Exit Door|Panic Bar / Door Locking Panel|Glass crack / broken|WS20
PAGS|(EED) Emergency Exit Door|Panic Bar / Door Locking Panel|Locking panel broken|WS20
PAGS|(EED) Emergency Exit Door|Tempered Glass Panel|Glass crack / broken|WS20
PAGS|(EED) Emergency Exit Door|Tempered Glass Panel|Locking panel broken|WS20
PAGS|(EED) Emergency Exit Door|Hinge Door|Glass crack / broken|WS20
PAGS|(EED) Emergency Exit Door|Hinge Door|Locking panel broken|WS20
PAGS|(PED) Platform End Door|Panic Bar / Door Locking Panel|Glass crack / broken|WS20
PAGS|(PED) Platform End Door|Panic Bar / Door Locking Panel|Locking panel broken|WS20
PAGS|(PED) Platform End Door|Tempered Glass Panel|Glass crack / broken|WS20
PAGS|(PED) Platform End Door|Tempered Glass Panel|Locking panel broken|WS20
PAGS|(PED) Platform End Door|Hinge Door|Glass crack / broken|WS20
PAGS|(PED) Platform End Door|Hinge Door|Locking panel broken|WS20
PAGS|(MSD) Motorized Screen Door|Motor / Gear Box Assembly|Motor power failure|WS20
PAGS|(MSD) Motorized Screen Door|Motor / Gear Box Assembly|MSD lock failed|WS20
PAGS|(MSD) Motorized Screen Door|Motor / Gear Box Assembly|MSD unlock failed|WS20
PAGS|(MSD) Motorized Screen Door|Motor / Gear Box Assembly|Belting loose / damaged|WS20
PAGS|(MSD) Motorized Screen Door|Motor / Gear Box Assembly|Bolt lock fault|WS20
PAGS|(MSD) Motorized Screen Door|Motor / Gear Box Assembly|Obstruction fault|WS20
PAGS|(MSD) Motorized Screen Door|Motor / Gear Box Assembly|Open sensor error|WS20
PAGS|(MSD) Motorized Screen Door|Motor / Gear Box Assembly|Close sensor error|WS20
PAGS|(MSD) Motorized Screen Door|MC521 Control Box|Motor power failure|WS20
PAGS|(MSD) Motorized Screen Door|MC521 Control Box|MSD lock failed|WS20
PAGS|(MSD) Motorized Screen Door|MC521 Control Box|MSD unlock failed|WS20
PAGS|(MSD) Motorized Screen Door|MC521 Control Box|Belting loose / damaged|WS20
PAGS|(MSD) Motorized Screen Door|MC521 Control Box|Bolt lock fault|WS20
PAGS|(MSD) Motorized Screen Door|MC521 Control Box|Obstruction fault|WS20
PAGS|(MSD) Motorized Screen Door|MC521 Control Box|Open sensor error|WS20
PAGS|(MSD) Motorized Screen Door|MC521 Control Box|Close sensor error|WS20
PAGS|(MSD) Motorized Screen Door|Timing Belt 3/4 - 28' Length|Motor power failure|WS20
PAGS|(MSD) Motorized Screen Door|Timing Belt 3/4 - 28' Length|MSD lock failed|WS20
PAGS|(MSD) Motorized Screen Door|Timing Belt 3/4 - 28' Length|MSD unlock failed|WS20
PAGS|(MSD) Motorized Screen Door|Timing Belt 3/4 - 28' Length|Belting loose / damaged|WS20
PAGS|(MSD) Motorized Screen Door|Timing Belt 3/4 - 28' Length|Bolt lock fault|WS20
PAGS|(MSD) Motorized Screen Door|Timing Belt 3/4 - 28' Length|Obstruction fault|WS20
PAGS|(MSD) Motorized Screen Door|Timing Belt 3/4 - 28' Length|Open sensor error|WS20
PAGS|(MSD) Motorized Screen Door|Timing Belt 3/4 - 28' Length|Close sensor error|WS20
PAGS|(MSD) Motorized Screen Door|Tensioner|Motor power failure|WS20
PAGS|(MSD) Motorized Screen Door|Tensioner|MSD lock failed|WS20
PAGS|(MSD) Motorized Screen Door|Tensioner|MSD unlock failed|WS20
PAGS|(MSD) Motorized Screen Door|Tensioner|Belting loose / damaged|WS20
PAGS|(MSD) Motorized Screen Door|Tensioner|Bolt lock fault|WS20
PAGS|(MSD) Motorized Screen Door|Tensioner|Obstruction fault|WS20
PAGS|(MSD) Motorized Screen Door|Tensioner|Open sensor error|WS20
PAGS|(MSD) Motorized Screen Door|Tensioner|Close sensor error|WS20
PAGS|(MSD) Motorized Screen Door|Bolt Lock|Motor power failure|WS20
PAGS|(MSD) Motorized Screen Door|Bolt Lock|MSD lock failed|WS20
PAGS|(MSD) Motorized Screen Door|Bolt Lock|MSD unlock failed|WS20
PAGS|(MSD) Motorized Screen Door|Bolt Lock|Belting loose / damaged|WS20
PAGS|(MSD) Motorized Screen Door|Bolt Lock|Bolt lock fault|WS20
PAGS|(MSD) Motorized Screen Door|Bolt Lock|Obstruction fault|WS20
PAGS|(MSD) Motorized Screen Door|Bolt Lock|Open sensor error|WS20
PAGS|(MSD) Motorized Screen Door|Bolt Lock|Close sensor error|WS20
PAGS|(MSD) Motorized Screen Door|Door Sensor|Motor power failure|WS20
PAGS|(MSD) Motorized Screen Door|Door Sensor|MSD lock failed|WS20
PAGS|(MSD) Motorized Screen Door|Door Sensor|MSD unlock failed|WS20
PAGS|(MSD) Motorized Screen Door|Door Sensor|Belting loose / damaged|WS20
PAGS|(MSD) Motorized Screen Door|Door Sensor|Bolt lock fault|WS20
PAGS|(MSD) Motorized Screen Door|Door Sensor|Obstruction fault|WS20
PAGS|(MSD) Motorized Screen Door|Door Sensor|Open sensor error|WS20
PAGS|(MSD) Motorized Screen Door|Door Sensor|Close sensor error|WS20
PAGS|(MSD) Motorized Screen Door|Door Sensor|Motor power failure|WS20
PAGS|(MSD) Motorized Screen Door|Door Sensor|MSD lock failed|WS20
PAGS|(MSD) Motorized Screen Door|Door Sensor|MSD unlock failed|WS20
PAGS|(MSD) Motorized Screen Door|Door Sensor|Belting loose / damaged|WS20
PAGS|(MSD) Motorized Screen Door|Door Sensor|Bolt lock fault|WS20
PAGS|(MSD) Motorized Screen Door|Door Sensor|Obstruction fault|WS20
PAGS|(MSD) Motorized Screen Door|Door Sensor|Open sensor error|WS20
PAGS|(MSD) Motorized Screen Door|Door Sensor|Close sensor error|WS20
PAGS|(MSD) Motorized Screen Door|Door Handle|Motor power failure|WS20
PAGS|(MSD) Motorized Screen Door|Door Handle|MSD lock failed|WS20
PAGS|(MSD) Motorized Screen Door|Door Handle|MSD unlock failed|WS20
PAGS|(MSD) Motorized Screen Door|Door Handle|Belting loose / damaged|WS20
PAGS|(MSD) Motorized Screen Door|Door Handle|Bolt lock fault|WS20
PAGS|(MSD) Motorized Screen Door|Door Handle|Obstruction fault|WS20
PAGS|(MSD) Motorized Screen Door|Door Handle|Open sensor error|WS20
PAGS|(MSD) Motorized Screen Door|Door Handle|Close sensor error|WS20
PAGS|RF Transceiver Module|RF Transceiver|Communication lost|WS20
PAGS|RF Transceiver Module|RF Transceiver|VMS issue|WS20
PAGS|RF Transceiver Module|RF Transceiver|Antenna miscaptured|WS20
PAGS|RF Transceiver Module|RF Transceiver|RF connection lost|WS20
PAGS|RF Transceiver Module|RF Transceiver|VMS I/O module fault|WS20
PAGS|RF Transceiver Module|RF Antenna|Communication lost|WS20
PAGS|RF Transceiver Module|RF Antenna|VMS issue|WS20
PAGS|RF Transceiver Module|RF Antenna|Antenna miscaptured|WS20
PAGS|RF Transceiver Module|RF Antenna|RF connection lost|WS20
PAGS|RF Transceiver Module|RF Antenna|VMS I/O module fault|WS20
PAGS|RF Transceiver Module|Mounting Bracket|Communication lost|WS20
PAGS|RF Transceiver Module|Mounting Bracket|VMS issue|WS20
PAGS|RF Transceiver Module|Mounting Bracket|Antenna miscaptured|WS20
PAGS|RF Transceiver Module|Mounting Bracket|RF connection lost|WS20
PAGS|RF Transceiver Module|Mounting Bracket|VMS I/O module fault|WS20
INTERLOCKING SYSTEM|MEI/MESD|FRONTAL PING/ESD|System intermittent|WS20
INTERLOCKING SYSTEM|MEI/MESD|FRONTAL PING/ESD|Fuse blow|WS20
INTERLOCKING SYSTEM|MEI/MESD|FRONTAL PING/ESD|Cable loose|WS20
INTERLOCKING SYSTEM|MEI/MESD|FRONTAL PING/ESD|Over voltage|WS20
INTERLOCKING SYSTEM|MEI/MESD|FRONTAL PING/ESD|Mulfuntioning during operation|WS20
INTERLOCKING SYSTEM|MEI/MESD|FRONTAL PING/ESD|Fan problem|WS20
INTERLOCKING SYSTEM|MEI/MESD|FRONTAL PING/ESD|Network switch issue|WS20
INTERLOCKING SYSTEM|MEI/MESD|FRONTAL PING/ESD|No power|WS20
INTERLOCKING SYSTEM|MEI/MESD|FRONTAL PING/ESD|Track invalid|WS20
INTERLOCKING SYSTEM|MEI/MESD|FRONTAL PING/ESD|Power supply broken / burst|WS20
INTERLOCKING SYSTEM|MEI/MESD|FRONTAL PING/ESD|Fiber cut|WS20
INTERLOCKING SYSTEM|MEI/MESD|FRONTAL PING/ESD|MESD alarm frequently occurs|WS20
INTERLOCKING SYSTEM|MEI/MESD|FRONTAL PING/ESD|Self-refresh due to system bugs|WS20
INTERLOCKING SYSTEM|MEI/MESD|FRONTAL PING/ESD|Converter korenix burnt|WS20
INTERLOCKING SYSTEM|MEI/MESD|FRONTAL PING/ESD|System intermittent|WS20
INTERLOCKING SYSTEM|MEI/MESD|FRONTAL PING/ESD|Fuse blow|WS20
INTERLOCKING SYSTEM|MEI/MESD|FRONTAL PING/ESD|Cable loose|WS20
INTERLOCKING SYSTEM|MEI/MESD|FRONTAL PING/ESD|Over voltage|WS20
INTERLOCKING SYSTEM|MEI/MESD|FRONTAL PING/ESD|Mulfuntioning during operation|WS20
INTERLOCKING SYSTEM|MEI/MESD|FRONTAL PING/ESD|Fan problem|WS20
INTERLOCKING SYSTEM|MEI/MESD|FRONTAL PING/ESD|Network switch issue|WS20
INTERLOCKING SYSTEM|MEI/MESD|FRONTAL PING/ESD|No power|WS20
INTERLOCKING SYSTEM|MEI/MESD|FRONTAL PING/ESD|Track invalid|WS20
INTERLOCKING SYSTEM|MEI/MESD|FRONTAL PING/ESD|Power supply broken / burst|WS20
INTERLOCKING SYSTEM|MEI/MESD|FRONTAL PING/ESD|Fiber cut|WS20
INTERLOCKING SYSTEM|MEI/MESD|FRONTAL PING/ESD|MESD alarm frequently occurs|WS20
INTERLOCKING SYSTEM|MEI/MESD|FRONTAL PING/ESD|Self-refresh due to system bugs|WS20
INTERLOCKING SYSTEM|MEI/MESD|FRONTAL PING/ESD|Converter korenix burnt|WS20
INTERLOCKING SYSTEM|MEI/MESD|FRONTAL PING/ESD|System intermittent|WS20
INTERLOCKING SYSTEM|MEI/MESD|FRONTAL PING/ESD|Fuse blow|WS20
INTERLOCKING SYSTEM|MEI/MESD|FRONTAL PING/ESD|Cable loose|WS20
INTERLOCKING SYSTEM|MEI/MESD|FRONTAL PING/ESD|Over voltage|WS20
INTERLOCKING SYSTEM|MEI/MESD|FRONTAL PING/ESD|Mulfuntioning during operation|WS20
INTERLOCKING SYSTEM|MEI/MESD|FRONTAL PING/ESD|Fan problem|WS20
INTERLOCKING SYSTEM|MEI/MESD|FRONTAL PING/ESD|Network switch issue|WS20
INTERLOCKING SYSTEM|MEI/MESD|FRONTAL PING/ESD|No power|WS20
INTERLOCKING SYSTEM|MEI/MESD|FRONTAL PING/ESD|Track invalid|WS20
INTERLOCKING SYSTEM|MEI/MESD|FRONTAL PING/ESD|Power supply broken / burst|WS20
INTERLOCKING SYSTEM|MEI/MESD|FRONTAL PING/ESD|Fiber cut|WS20
INTERLOCKING SYSTEM|MEI/MESD|FRONTAL PING/ESD|MESD alarm frequently occurs|WS20
INTERLOCKING SYSTEM|MEI/MESD|FRONTAL PING/ESD|Self-refresh due to system bugs|WS20
INTERLOCKING SYSTEM|MEI/MESD|FRONTAL PING/ESD|Converter korenix burnt|WS20
INTERLOCKING SYSTEM|MEI/MESD|FRONTAL ESD/ESD|System intermittent|WS20
INTERLOCKING SYSTEM|MEI/MESD|FRONTAL ESD/ESD|Fuse blow|WS20
INTERLOCKING SYSTEM|MEI/MESD|FRONTAL ESD/ESD|Cable loose|WS20
INTERLOCKING SYSTEM|MEI/MESD|FRONTAL ESD/ESD|Over voltage|WS20
INTERLOCKING SYSTEM|MEI/MESD|FRONTAL ESD/ESD|Mulfuntioning during operation|WS20
INTERLOCKING SYSTEM|MEI/MESD|FRONTAL ESD/ESD|Fan problem|WS20
INTERLOCKING SYSTEM|MEI/MESD|FRONTAL ESD/ESD|Network switch issue|WS20
INTERLOCKING SYSTEM|MEI/MESD|FRONTAL ESD/ESD|No power|WS20
INTERLOCKING SYSTEM|MEI/MESD|FRONTAL ESD/ESD|Track invalid|WS20
INTERLOCKING SYSTEM|MEI/MESD|FRONTAL ESD/ESD|Power supply broken / burst|WS20
INTERLOCKING SYSTEM|MEI/MESD|FRONTAL ESD/ESD|Fiber cut|WS20
INTERLOCKING SYSTEM|MEI/MESD|FRONTAL ESD/ESD|MESD alarm frequently occurs|WS20
INTERLOCKING SYSTEM|MEI/MESD|FRONTAL ESD/ESD|Self-refresh due to system bugs|WS20
INTERLOCKING SYSTEM|MEI/MESD|FRONTAL ESD/ESD|Converter korenix burnt|WS20
INTERLOCKING SYSTEM|MEI/MESD|FRONTAL ESD/ESD|System intermittent|WS20
INTERLOCKING SYSTEM|MEI/MESD|FRONTAL ESD/ESD|Fuse blow|WS20
INTERLOCKING SYSTEM|MEI/MESD|FRONTAL ESD/ESD|Cable loose|WS20
INTERLOCKING SYSTEM|MEI/MESD|FRONTAL ESD/ESD|Over voltage|WS20
INTERLOCKING SYSTEM|MEI/MESD|FRONTAL ESD/ESD|Mulfuntioning during operation|WS20
INTERLOCKING SYSTEM|MEI/MESD|FRONTAL ESD/ESD|Fan problem|WS20
INTERLOCKING SYSTEM|MEI/MESD|FRONTAL ESD/ESD|Network switch issue|WS20
INTERLOCKING SYSTEM|MEI/MESD|FRONTAL ESD/ESD|No power|WS20
INTERLOCKING SYSTEM|MEI/MESD|FRONTAL ESD/ESD|Track invalid|WS20
INTERLOCKING SYSTEM|MEI/MESD|FRONTAL ESD/ESD|Power supply broken / burst|WS20
INTERLOCKING SYSTEM|MEI/MESD|FRONTAL ESD/ESD|Fiber cut|WS20
INTERLOCKING SYSTEM|MEI/MESD|FRONTAL ESD/ESD|MESD alarm frequently occurs|WS20
INTERLOCKING SYSTEM|MEI/MESD|FRONTAL ESD/ESD|Self-refresh due to system bugs|WS20
INTERLOCKING SYSTEM|MEI/MESD|FRONTAL ESD/ESD|Converter korenix burnt|WS20
INTERLOCKING SYSTEM|MEI/MESD|FRONTAL ESD/ESD|System intermittent|WS20
INTERLOCKING SYSTEM|MEI/MESD|FRONTAL ESD/ESD|Fuse blow|WS20
INTERLOCKING SYSTEM|MEI/MESD|FRONTAL ESD/ESD|Cable loose|WS20
INTERLOCKING SYSTEM|MEI/MESD|FRONTAL ESD/ESD|Over voltage|WS20
INTERLOCKING SYSTEM|MEI/MESD|FRONTAL ESD/ESD|Mulfuntioning during operation|WS20
INTERLOCKING SYSTEM|MEI/MESD|FRONTAL ESD/ESD|Fan problem|WS20
INTERLOCKING SYSTEM|MEI/MESD|FRONTAL ESD/ESD|Network switch issue|WS20
INTERLOCKING SYSTEM|MEI/MESD|FRONTAL ESD/ESD|No power|WS20
INTERLOCKING SYSTEM|MEI/MESD|FRONTAL ESD/ESD|Track invalid|WS20
INTERLOCKING SYSTEM|MEI/MESD|FRONTAL ESD/ESD|Power supply broken / burst|WS20
INTERLOCKING SYSTEM|MEI/MESD|FRONTAL ESD/ESD|Fiber cut|WS20
INTERLOCKING SYSTEM|MEI/MESD|FRONTAL ESD/ESD|MESD alarm frequently occurs|WS20
INTERLOCKING SYSTEM|MEI/MESD|FRONTAL ESD/ESD|Self-refresh due to system bugs|WS20
INTERLOCKING SYSTEM|MEI/MESD|FRONTAL ESD/ESD|Converter korenix burnt|WS20
INTERLOCKING SYSTEM|MEI/MESD|MAINTAINANCE SWITCH (Cdg)|System intermittent|WS20
INTERLOCKING SYSTEM|MEI/MESD|MAINTAINANCE SWITCH (Cdg)|Fuse blow|WS20
INTERLOCKING SYSTEM|MEI/MESD|MAINTAINANCE SWITCH (Cdg)|Cable loose|WS20
INTERLOCKING SYSTEM|MEI/MESD|MAINTAINANCE SWITCH (Cdg)|Over voltage|WS20
INTERLOCKING SYSTEM|MEI/MESD|MAINTAINANCE SWITCH (Cdg)|Mulfuntioning during operation|WS20
INTERLOCKING SYSTEM|MEI/MESD|MAINTAINANCE SWITCH (Cdg)|Fan problem|WS20
INTERLOCKING SYSTEM|MEI/MESD|MAINTAINANCE SWITCH (Cdg)|Network switch issue|WS20
INTERLOCKING SYSTEM|MEI/MESD|MAINTAINANCE SWITCH (Cdg)|No power|WS20
INTERLOCKING SYSTEM|MEI/MESD|MAINTAINANCE SWITCH (Cdg)|Track invalid|WS20
INTERLOCKING SYSTEM|MEI/MESD|MAINTAINANCE SWITCH (Cdg)|Power supply broken / burst|WS20
INTERLOCKING SYSTEM|MEI/MESD|MAINTAINANCE SWITCH (Cdg)|Fiber cut|WS20
INTERLOCKING SYSTEM|MEI/MESD|MAINTAINANCE SWITCH (Cdg)|MESD alarm frequently occurs|WS20
INTERLOCKING SYSTEM|MEI/MESD|MAINTAINANCE SWITCH (Cdg)|Self-refresh due to system bugs|WS20
INTERLOCKING SYSTEM|MEI/MESD|MAINTAINANCE SWITCH (Cdg)|Converter korenix burnt|WS20
INTERLOCKING SYSTEM|MEI/MESD|MAINTAINANCE SWITCH (Cdg)|System intermittent|WS20
INTERLOCKING SYSTEM|MEI/MESD|MAINTAINANCE SWITCH (Cdg)|Fuse blow|WS20
INTERLOCKING SYSTEM|MEI/MESD|MAINTAINANCE SWITCH (Cdg)|Cable loose|WS20
INTERLOCKING SYSTEM|MEI/MESD|MAINTAINANCE SWITCH (Cdg)|Over voltage|WS20
INTERLOCKING SYSTEM|MEI/MESD|MAINTAINANCE SWITCH (Cdg)|Mulfuntioning during operation|WS20
INTERLOCKING SYSTEM|MEI/MESD|MAINTAINANCE SWITCH (Cdg)|Fan problem|WS20
INTERLOCKING SYSTEM|MEI/MESD|MAINTAINANCE SWITCH (Cdg)|Network switch issue|WS20
INTERLOCKING SYSTEM|MEI/MESD|MAINTAINANCE SWITCH (Cdg)|No power|WS20
INTERLOCKING SYSTEM|MEI/MESD|MAINTAINANCE SWITCH (Cdg)|Track invalid|WS20
INTERLOCKING SYSTEM|MEI/MESD|MAINTAINANCE SWITCH (Cdg)|Power supply broken / burst|WS20
INTERLOCKING SYSTEM|MEI/MESD|MAINTAINANCE SWITCH (Cdg)|Fiber cut|WS20
INTERLOCKING SYSTEM|MEI/MESD|MAINTAINANCE SWITCH (Cdg)|MESD alarm frequently occurs|WS20
INTERLOCKING SYSTEM|MEI/MESD|MAINTAINANCE SWITCH (Cdg)|Self-refresh due to system bugs|WS20
INTERLOCKING SYSTEM|MEI/MESD|MAINTAINANCE SWITCH (Cdg)|Converter korenix burnt|WS20
INTERLOCKING SYSTEM|MEI/MESD|MAINTAINANCE SWITCH (Cdg)|System intermittent|WS20
INTERLOCKING SYSTEM|MEI/MESD|MAINTAINANCE SWITCH (Cdg)|Fuse blow|WS20
INTERLOCKING SYSTEM|MEI/MESD|MAINTAINANCE SWITCH (Cdg)|Cable loose|WS20
INTERLOCKING SYSTEM|MEI/MESD|MAINTAINANCE SWITCH (Cdg)|Over voltage|WS20
INTERLOCKING SYSTEM|MEI/MESD|MAINTAINANCE SWITCH (Cdg)|Mulfuntioning during operation|WS20
INTERLOCKING SYSTEM|MEI/MESD|MAINTAINANCE SWITCH (Cdg)|Fan problem|WS20
INTERLOCKING SYSTEM|MEI/MESD|MAINTAINANCE SWITCH (Cdg)|Network switch issue|WS20
INTERLOCKING SYSTEM|MEI/MESD|MAINTAINANCE SWITCH (Cdg)|No power|WS20
INTERLOCKING SYSTEM|MEI/MESD|MAINTAINANCE SWITCH (Cdg)|Track invalid|WS20
INTERLOCKING SYSTEM|MEI/MESD|MAINTAINANCE SWITCH (Cdg)|Power supply broken / burst|WS20
INTERLOCKING SYSTEM|MEI/MESD|MAINTAINANCE SWITCH (Cdg)|Fiber cut|WS20
INTERLOCKING SYSTEM|MEI/MESD|MAINTAINANCE SWITCH (Cdg)|MESD alarm frequently occurs|WS20
INTERLOCKING SYSTEM|MEI/MESD|MAINTAINANCE SWITCH (Cdg)|Self-refresh due to system bugs|WS20
INTERLOCKING SYSTEM|MEI/MESD|MAINTAINANCE SWITCH (Cdg)|Converter korenix burnt|WS20
INTERLOCKING SYSTEM|MEI/MESD|MIRET|System intermittent|WS20
INTERLOCKING SYSTEM|MEI/MESD|MIRET|Fuse blow|WS20
INTERLOCKING SYSTEM|MEI/MESD|MIRET|Cable loose|WS20
INTERLOCKING SYSTEM|MEI/MESD|MIRET|Over voltage|WS20
INTERLOCKING SYSTEM|MEI/MESD|MIRET|Mulfuntioning during operation|WS20
INTERLOCKING SYSTEM|MEI/MESD|MIRET|Fan problem|WS20
INTERLOCKING SYSTEM|MEI/MESD|MIRET|Network switch issue|WS20
INTERLOCKING SYSTEM|MEI/MESD|MIRET|No power|WS20
INTERLOCKING SYSTEM|MEI/MESD|MIRET|Track invalid|WS20
INTERLOCKING SYSTEM|MEI/MESD|MIRET|Power supply broken / burst|WS20
INTERLOCKING SYSTEM|MEI/MESD|MIRET|Fiber cut|WS20
INTERLOCKING SYSTEM|MEI/MESD|MIRET|MESD alarm frequently occurs|WS20
INTERLOCKING SYSTEM|MEI/MESD|MIRET|Self-refresh due to system bugs|WS20
INTERLOCKING SYSTEM|MEI/MESD|MIRET|Converter korenix burnt|WS20
INTERLOCKING SYSTEM|MEI/MESD|MIRET|System intermittent|WS20
INTERLOCKING SYSTEM|MEI/MESD|MIRET|Fuse blow|WS20
INTERLOCKING SYSTEM|MEI/MESD|MIRET|Cable loose|WS20
INTERLOCKING SYSTEM|MEI/MESD|MIRET|Over voltage|WS20
INTERLOCKING SYSTEM|MEI/MESD|MIRET|Mulfuntioning during operation|WS20
INTERLOCKING SYSTEM|MEI/MESD|MIRET|Fan problem|WS20
INTERLOCKING SYSTEM|MEI/MESD|MIRET|Network switch issue|WS20
INTERLOCKING SYSTEM|MEI/MESD|MIRET|No power|WS20
INTERLOCKING SYSTEM|MEI/MESD|MIRET|Track invalid|WS20
INTERLOCKING SYSTEM|MEI/MESD|MIRET|Power supply broken / burst|WS20
INTERLOCKING SYSTEM|MEI/MESD|MIRET|Fiber cut|WS20
INTERLOCKING SYSTEM|MEI/MESD|MIRET|MESD alarm frequently occurs|WS20
INTERLOCKING SYSTEM|MEI/MESD|MIRET|Self-refresh due to system bugs|WS20
INTERLOCKING SYSTEM|MEI/MESD|MIRET|Converter korenix burnt|WS20
INTERLOCKING SYSTEM|MEI/MESD|MIRET|System intermittent|WS20
INTERLOCKING SYSTEM|MEI/MESD|MIRET|Fuse blow|WS20
INTERLOCKING SYSTEM|MEI/MESD|MIRET|Cable loose|WS20
INTERLOCKING SYSTEM|MEI/MESD|MIRET|Over voltage|WS20
INTERLOCKING SYSTEM|MEI/MESD|MIRET|Mulfuntioning during operation|WS20
INTERLOCKING SYSTEM|MEI/MESD|MIRET|Fan problem|WS20
INTERLOCKING SYSTEM|MEI/MESD|MIRET|Network switch issue|WS20
INTERLOCKING SYSTEM|MEI/MESD|MIRET|No power|WS20
INTERLOCKING SYSTEM|MEI/MESD|MIRET|Track invalid|WS20
INTERLOCKING SYSTEM|MEI/MESD|MIRET|Power supply broken / burst|WS20
INTERLOCKING SYSTEM|MEI/MESD|MIRET|Fiber cut|WS20
INTERLOCKING SYSTEM|MEI/MESD|MIRET|MESD alarm frequently occurs|WS20
INTERLOCKING SYSTEM|MEI/MESD|MIRET|Self-refresh due to system bugs|WS20
INTERLOCKING SYSTEM|MEI/MESD|MIRET|Converter korenix burnt|WS20
INTERLOCKING SYSTEM|MEI/MESD|MIRET|System intermittent|WS20
INTERLOCKING SYSTEM|MEI/MESD|MIRET|Fuse blow|WS20
INTERLOCKING SYSTEM|MEI/MESD|MIRET|Cable loose|WS20
INTERLOCKING SYSTEM|MEI/MESD|MIRET|Over voltage|WS20
INTERLOCKING SYSTEM|MEI/MESD|MIRET|Mulfuntioning during operation|WS20
INTERLOCKING SYSTEM|MEI/MESD|MIRET|Fan problem|WS20
INTERLOCKING SYSTEM|MEI/MESD|MIRET|Network switch issue|WS20
INTERLOCKING SYSTEM|MEI/MESD|MIRET|No power|WS20
INTERLOCKING SYSTEM|MEI/MESD|MIRET|Track invalid|WS20
INTERLOCKING SYSTEM|MEI/MESD|MIRET|Power supply broken / burst|WS20
INTERLOCKING SYSTEM|MEI/MESD|MIRET|Fiber cut|WS20
INTERLOCKING SYSTEM|MEI/MESD|MIRET|MESD alarm frequently occurs|WS20
INTERLOCKING SYSTEM|MEI/MESD|MIRET|Self-refresh due to system bugs|WS20
INTERLOCKING SYSTEM|MEI/MESD|MIRET|Converter korenix burnt|WS20
INTERLOCKING SYSTEM|MEI/MESD|MIRET|System intermittent|WS20
INTERLOCKING SYSTEM|MEI/MESD|MIRET|Fuse blow|WS20
INTERLOCKING SYSTEM|MEI/MESD|MIRET|Cable loose|WS20
INTERLOCKING SYSTEM|MEI/MESD|MIRET|Over voltage|WS20
INTERLOCKING SYSTEM|MEI/MESD|MIRET|Mulfuntioning during operation|WS20
INTERLOCKING SYSTEM|MEI/MESD|MIRET|Fan problem|WS20
INTERLOCKING SYSTEM|MEI/MESD|MIRET|Network switch issue|WS20
INTERLOCKING SYSTEM|MEI/MESD|MIRET|No power|WS20
INTERLOCKING SYSTEM|MEI/MESD|MIRET|Track invalid|WS20
INTERLOCKING SYSTEM|MEI/MESD|MIRET|Power supply broken / burst|WS20
INTERLOCKING SYSTEM|MEI/MESD|MIRET|Fiber cut|WS20
INTERLOCKING SYSTEM|MEI/MESD|MIRET|MESD alarm frequently occurs|WS20
INTERLOCKING SYSTEM|MEI/MESD|MIRET|Self-refresh due to system bugs|WS20
INTERLOCKING SYSTEM|MEI/MESD|MIRET|Converter korenix burnt|WS20
INTERLOCKING SYSTEM|MEI/MESD|MIRET|System intermittent|WS20
INTERLOCKING SYSTEM|MEI/MESD|MIRET|Fuse blow|WS20
INTERLOCKING SYSTEM|MEI/MESD|MIRET|Cable loose|WS20
INTERLOCKING SYSTEM|MEI/MESD|MIRET|Over voltage|WS20
INTERLOCKING SYSTEM|MEI/MESD|MIRET|Mulfuntioning during operation|WS20
INTERLOCKING SYSTEM|MEI/MESD|MIRET|Fan problem|WS20
INTERLOCKING SYSTEM|MEI/MESD|MIRET|Network switch issue|WS20
INTERLOCKING SYSTEM|MEI/MESD|MIRET|No power|WS20
INTERLOCKING SYSTEM|MEI/MESD|MIRET|Track invalid|WS20
INTERLOCKING SYSTEM|MEI/MESD|MIRET|Power supply broken / burst|WS20
INTERLOCKING SYSTEM|MEI/MESD|MIRET|Fiber cut|WS20
INTERLOCKING SYSTEM|MEI/MESD|MIRET|MESD alarm frequently occurs|WS20
INTERLOCKING SYSTEM|MEI/MESD|MIRET|Self-refresh due to system bugs|WS20
INTERLOCKING SYSTEM|MEI/MESD|MIRET|Converter korenix burnt|WS20
INTERLOCKING SYSTEM|MEI/MESD|MIRET|System intermittent|WS20
INTERLOCKING SYSTEM|MEI/MESD|MIRET|Fuse blow|WS20
INTERLOCKING SYSTEM|MEI/MESD|MIRET|Cable loose|WS20
INTERLOCKING SYSTEM|MEI/MESD|MIRET|Over voltage|WS20
INTERLOCKING SYSTEM|MEI/MESD|MIRET|Mulfuntioning during operation|WS20
INTERLOCKING SYSTEM|MEI/MESD|MIRET|Fan problem|WS20
INTERLOCKING SYSTEM|MEI/MESD|MIRET|Network switch issue|WS20
INTERLOCKING SYSTEM|MEI/MESD|MIRET|No power|WS20
INTERLOCKING SYSTEM|MEI/MESD|MIRET|Track invalid|WS20
INTERLOCKING SYSTEM|MEI/MESD|MIRET|Power supply broken / burst|WS20
INTERLOCKING SYSTEM|MEI/MESD|MIRET|Fiber cut|WS20
INTERLOCKING SYSTEM|MEI/MESD|MIRET|MESD alarm frequently occurs|WS20
INTERLOCKING SYSTEM|MEI/MESD|MIRET|Self-refresh due to system bugs|WS20
INTERLOCKING SYSTEM|MEI/MESD|MIRET|Converter korenix burnt|WS20
INTERLOCKING SYSTEM|MEI/MESD|FIELD INTERFACE RELAY|System intermittent|WS20
INTERLOCKING SYSTEM|MEI/MESD|FIELD INTERFACE RELAY|Fuse blow|WS20
INTERLOCKING SYSTEM|MEI/MESD|FIELD INTERFACE RELAY|Cable loose|WS20
INTERLOCKING SYSTEM|MEI/MESD|FIELD INTERFACE RELAY|Over voltage|WS20
INTERLOCKING SYSTEM|MEI/MESD|FIELD INTERFACE RELAY|Mulfuntioning during operation|WS20
INTERLOCKING SYSTEM|MEI/MESD|FIELD INTERFACE RELAY|Fan problem|WS20
INTERLOCKING SYSTEM|MEI/MESD|FIELD INTERFACE RELAY|Network switch issue|WS20
INTERLOCKING SYSTEM|MEI/MESD|FIELD INTERFACE RELAY|No power|WS20
INTERLOCKING SYSTEM|MEI/MESD|FIELD INTERFACE RELAY|Track invalid|WS20
INTERLOCKING SYSTEM|MEI/MESD|FIELD INTERFACE RELAY|Power supply broken / burst|WS20
INTERLOCKING SYSTEM|MEI/MESD|FIELD INTERFACE RELAY|Fiber cut|WS20
INTERLOCKING SYSTEM|MEI/MESD|FIELD INTERFACE RELAY|MESD alarm frequently occurs|WS20
INTERLOCKING SYSTEM|MEI/MESD|FIELD INTERFACE RELAY|Self-refresh due to system bugs|WS20
INTERLOCKING SYSTEM|MEI/MESD|FIELD INTERFACE RELAY|Converter korenix burnt|WS20
INTERLOCKING SYSTEM|MEI/MESD|NETWORK SWITCH MOXA|System intermittent|WS20
INTERLOCKING SYSTEM|MEI/MESD|NETWORK SWITCH MOXA|Fuse blow|WS20
INTERLOCKING SYSTEM|MEI/MESD|NETWORK SWITCH MOXA|Cable loose|WS20
INTERLOCKING SYSTEM|MEI/MESD|NETWORK SWITCH MOXA|Over voltage|WS20
INTERLOCKING SYSTEM|MEI/MESD|NETWORK SWITCH MOXA|Mulfuntioning during operation|WS20
INTERLOCKING SYSTEM|MEI/MESD|NETWORK SWITCH MOXA|Fan problem|WS20
INTERLOCKING SYSTEM|MEI/MESD|NETWORK SWITCH MOXA|Network switch issue|WS20
INTERLOCKING SYSTEM|MEI/MESD|NETWORK SWITCH MOXA|No power|WS20
INTERLOCKING SYSTEM|MEI/MESD|NETWORK SWITCH MOXA|Track invalid|WS20
INTERLOCKING SYSTEM|MEI/MESD|NETWORK SWITCH MOXA|Power supply broken / burst|WS20
INTERLOCKING SYSTEM|MEI/MESD|NETWORK SWITCH MOXA|Fiber cut|WS20
INTERLOCKING SYSTEM|MEI/MESD|NETWORK SWITCH MOXA|MESD alarm frequently occurs|WS20
INTERLOCKING SYSTEM|MEI/MESD|NETWORK SWITCH MOXA|Self-refresh due to system bugs|WS20
INTERLOCKING SYSTEM|MEI/MESD|NETWORK SWITCH MOXA|Converter korenix burnt|WS20
INTERLOCKING SYSTEM|MEI/MESD|NETWORK SWITCH MOXA|System intermittent|WS20
INTERLOCKING SYSTEM|MEI/MESD|NETWORK SWITCH MOXA|Fuse blow|WS20
INTERLOCKING SYSTEM|MEI/MESD|NETWORK SWITCH MOXA|Cable loose|WS20
INTERLOCKING SYSTEM|MEI/MESD|NETWORK SWITCH MOXA|Over voltage|WS20
INTERLOCKING SYSTEM|MEI/MESD|NETWORK SWITCH MOXA|Mulfuntioning during operation|WS20
INTERLOCKING SYSTEM|MEI/MESD|NETWORK SWITCH MOXA|Fan problem|WS20
INTERLOCKING SYSTEM|MEI/MESD|NETWORK SWITCH MOXA|Network switch issue|WS20
INTERLOCKING SYSTEM|MEI/MESD|NETWORK SWITCH MOXA|No power|WS20
INTERLOCKING SYSTEM|MEI/MESD|NETWORK SWITCH MOXA|Track invalid|WS20
INTERLOCKING SYSTEM|MEI/MESD|NETWORK SWITCH MOXA|Power supply broken / burst|WS20
INTERLOCKING SYSTEM|MEI/MESD|NETWORK SWITCH MOXA|Fiber cut|WS20
INTERLOCKING SYSTEM|MEI/MESD|NETWORK SWITCH MOXA|MESD alarm frequently occurs|WS20
INTERLOCKING SYSTEM|MEI/MESD|NETWORK SWITCH MOXA|Self-refresh due to system bugs|WS20
INTERLOCKING SYSTEM|MEI/MESD|NETWORK SWITCH MOXA|Converter korenix burnt|WS20
INTERLOCKING SYSTEM|MEI/MESD|NETWORK SWITCH MOXA|System intermittent|WS20
INTERLOCKING SYSTEM|MEI/MESD|NETWORK SWITCH MOXA|Fuse blow|WS20
INTERLOCKING SYSTEM|MEI/MESD|NETWORK SWITCH MOXA|Cable loose|WS20
INTERLOCKING SYSTEM|MEI/MESD|NETWORK SWITCH MOXA|Over voltage|WS20
INTERLOCKING SYSTEM|MEI/MESD|NETWORK SWITCH MOXA|Mulfuntioning during operation|WS20
INTERLOCKING SYSTEM|MEI/MESD|NETWORK SWITCH MOXA|Fan problem|WS20
INTERLOCKING SYSTEM|MEI/MESD|NETWORK SWITCH MOXA|Network switch issue|WS20
INTERLOCKING SYSTEM|MEI/MESD|NETWORK SWITCH MOXA|No power|WS20
INTERLOCKING SYSTEM|MEI/MESD|NETWORK SWITCH MOXA|Track invalid|WS20
INTERLOCKING SYSTEM|MEI/MESD|NETWORK SWITCH MOXA|Power supply broken / burst|WS20
INTERLOCKING SYSTEM|MEI/MESD|NETWORK SWITCH MOXA|Fiber cut|WS20
INTERLOCKING SYSTEM|MEI/MESD|NETWORK SWITCH MOXA|MESD alarm frequently occurs|WS20
INTERLOCKING SYSTEM|MEI/MESD|NETWORK SWITCH MOXA|Self-refresh due to system bugs|WS20
INTERLOCKING SYSTEM|MEI/MESD|NETWORK SWITCH MOXA|Converter korenix burnt|WS20
INTERLOCKING SYSTEM|MEI/MESD|FAN PANEL|System intermittent|WS20
INTERLOCKING SYSTEM|MEI/MESD|FAN PANEL|Fuse blow|WS20
INTERLOCKING SYSTEM|MEI/MESD|FAN PANEL|Cable loose|WS20
INTERLOCKING SYSTEM|MEI/MESD|FAN PANEL|Over voltage|WS20
INTERLOCKING SYSTEM|MEI/MESD|FAN PANEL|Mulfuntioning during operation|WS20
INTERLOCKING SYSTEM|MEI/MESD|FAN PANEL|Fan problem|WS20
INTERLOCKING SYSTEM|MEI/MESD|FAN PANEL|Network switch issue|WS20
INTERLOCKING SYSTEM|MEI/MESD|FAN PANEL|No power|WS20
INTERLOCKING SYSTEM|MEI/MESD|FAN PANEL|Track invalid|WS20
INTERLOCKING SYSTEM|MEI/MESD|FAN PANEL|Power supply broken / burst|WS20
INTERLOCKING SYSTEM|MEI/MESD|FAN PANEL|Fiber cut|WS20
INTERLOCKING SYSTEM|MEI/MESD|FAN PANEL|MESD alarm frequently occurs|WS20
INTERLOCKING SYSTEM|MEI/MESD|FAN PANEL|Self-refresh due to system bugs|WS20
INTERLOCKING SYSTEM|MEI/MESD|FAN PANEL|Converter korenix burnt|WS20
INTERLOCKING SYSTEM|MEI/MESD|FAN PANEL|System intermittent|WS20
INTERLOCKING SYSTEM|MEI/MESD|FAN PANEL|Fuse blow|WS20
INTERLOCKING SYSTEM|MEI/MESD|FAN PANEL|Cable loose|WS20
INTERLOCKING SYSTEM|MEI/MESD|FAN PANEL|Over voltage|WS20
INTERLOCKING SYSTEM|MEI/MESD|FAN PANEL|Mulfuntioning during operation|WS20
INTERLOCKING SYSTEM|MEI/MESD|FAN PANEL|Fan problem|WS20
INTERLOCKING SYSTEM|MEI/MESD|FAN PANEL|Network switch issue|WS20
INTERLOCKING SYSTEM|MEI/MESD|FAN PANEL|No power|WS20
INTERLOCKING SYSTEM|MEI/MESD|FAN PANEL|Track invalid|WS20
INTERLOCKING SYSTEM|MEI/MESD|FAN PANEL|Power supply broken / burst|WS20
INTERLOCKING SYSTEM|MEI/MESD|FAN PANEL|Fiber cut|WS20
INTERLOCKING SYSTEM|MEI/MESD|FAN PANEL|MESD alarm frequently occurs|WS20
INTERLOCKING SYSTEM|MEI/MESD|FAN PANEL|Self-refresh due to system bugs|WS20
INTERLOCKING SYSTEM|MEI/MESD|FAN PANEL|Converter korenix burnt|WS20
INTERLOCKING SYSTEM|MEI/MESD|FAN PANEL|System intermittent|WS20
INTERLOCKING SYSTEM|MEI/MESD|FAN PANEL|Fuse blow|WS20
INTERLOCKING SYSTEM|MEI/MESD|FAN PANEL|Cable loose|WS20
INTERLOCKING SYSTEM|MEI/MESD|FAN PANEL|Over voltage|WS20
INTERLOCKING SYSTEM|MEI/MESD|FAN PANEL|Mulfuntioning during operation|WS20
INTERLOCKING SYSTEM|MEI/MESD|FAN PANEL|Fan problem|WS20
INTERLOCKING SYSTEM|MEI/MESD|FAN PANEL|Network switch issue|WS20
INTERLOCKING SYSTEM|MEI/MESD|FAN PANEL|No power|WS20
INTERLOCKING SYSTEM|MEI/MESD|FAN PANEL|Track invalid|WS20
INTERLOCKING SYSTEM|MEI/MESD|FAN PANEL|Power supply broken / burst|WS20
INTERLOCKING SYSTEM|MEI/MESD|FAN PANEL|Fiber cut|WS20
INTERLOCKING SYSTEM|MEI/MESD|FAN PANEL|MESD alarm frequently occurs|WS20
INTERLOCKING SYSTEM|MEI/MESD|FAN PANEL|Self-refresh due to system bugs|WS20
INTERLOCKING SYSTEM|MEI/MESD|FAN PANEL|Converter korenix burnt|WS20
INTERLOCKING SYSTEM|MEI/MESD|POWER INCOMING RACK|System intermittent|WS20
INTERLOCKING SYSTEM|MEI/MESD|POWER INCOMING RACK|Fuse blow|WS20
INTERLOCKING SYSTEM|MEI/MESD|POWER INCOMING RACK|Cable loose|WS20
INTERLOCKING SYSTEM|MEI/MESD|POWER INCOMING RACK|Over voltage|WS20
INTERLOCKING SYSTEM|MEI/MESD|POWER INCOMING RACK|Mulfuntioning during operation|WS20
INTERLOCKING SYSTEM|MEI/MESD|POWER INCOMING RACK|Fan problem|WS20
INTERLOCKING SYSTEM|MEI/MESD|POWER INCOMING RACK|Network switch issue|WS20
INTERLOCKING SYSTEM|MEI/MESD|POWER INCOMING RACK|No power|WS20
INTERLOCKING SYSTEM|MEI/MESD|POWER INCOMING RACK|Track invalid|WS20
INTERLOCKING SYSTEM|MEI/MESD|POWER INCOMING RACK|Power supply broken / burst|WS20
INTERLOCKING SYSTEM|MEI/MESD|POWER INCOMING RACK|Fiber cut|WS20
INTERLOCKING SYSTEM|MEI/MESD|POWER INCOMING RACK|MESD alarm frequently occurs|WS20
INTERLOCKING SYSTEM|MEI/MESD|POWER INCOMING RACK|Self-refresh due to system bugs|WS20
INTERLOCKING SYSTEM|MEI/MESD|POWER INCOMING RACK|Converter korenix burnt|WS20
INTERLOCKING SYSTEM|MEI/MESD|POWER INCOMING RACK|System intermittent|WS20
INTERLOCKING SYSTEM|MEI/MESD|POWER INCOMING RACK|Fuse blow|WS20
INTERLOCKING SYSTEM|MEI/MESD|POWER INCOMING RACK|Cable loose|WS20
INTERLOCKING SYSTEM|MEI/MESD|POWER INCOMING RACK|Over voltage|WS20
INTERLOCKING SYSTEM|MEI/MESD|POWER INCOMING RACK|Mulfuntioning during operation|WS20
INTERLOCKING SYSTEM|MEI/MESD|POWER INCOMING RACK|Fan problem|WS20
INTERLOCKING SYSTEM|MEI/MESD|POWER INCOMING RACK|Network switch issue|WS20
INTERLOCKING SYSTEM|MEI/MESD|POWER INCOMING RACK|No power|WS20
INTERLOCKING SYSTEM|MEI/MESD|POWER INCOMING RACK|Track invalid|WS20
INTERLOCKING SYSTEM|MEI/MESD|POWER INCOMING RACK|Power supply broken / burst|WS20
INTERLOCKING SYSTEM|MEI/MESD|POWER INCOMING RACK|Fiber cut|WS20
INTERLOCKING SYSTEM|MEI/MESD|POWER INCOMING RACK|MESD alarm frequently occurs|WS20
INTERLOCKING SYSTEM|MEI/MESD|POWER INCOMING RACK|Self-refresh due to system bugs|WS20
INTERLOCKING SYSTEM|MEI/MESD|POWER INCOMING RACK|Converter korenix burnt|WS20
INTERLOCKING SYSTEM|MEI/MESD|POWER INCOMING RACK|System intermittent|WS20
INTERLOCKING SYSTEM|MEI/MESD|POWER INCOMING RACK|Fuse blow|WS20
INTERLOCKING SYSTEM|MEI/MESD|POWER INCOMING RACK|Cable loose|WS20
INTERLOCKING SYSTEM|MEI/MESD|POWER INCOMING RACK|Over voltage|WS20
INTERLOCKING SYSTEM|MEI/MESD|POWER INCOMING RACK|Mulfuntioning during operation|WS20
INTERLOCKING SYSTEM|MEI/MESD|POWER INCOMING RACK|Fan problem|WS20
INTERLOCKING SYSTEM|MEI/MESD|POWER INCOMING RACK|Network switch issue|WS20
INTERLOCKING SYSTEM|MEI/MESD|POWER INCOMING RACK|No power|WS20
INTERLOCKING SYSTEM|MEI/MESD|POWER INCOMING RACK|Track invalid|WS20
INTERLOCKING SYSTEM|MEI/MESD|POWER INCOMING RACK|Power supply broken / burst|WS20
INTERLOCKING SYSTEM|MEI/MESD|POWER INCOMING RACK|Fiber cut|WS20
INTERLOCKING SYSTEM|MEI/MESD|POWER INCOMING RACK|MESD alarm frequently occurs|WS20
INTERLOCKING SYSTEM|MEI/MESD|POWER INCOMING RACK|Self-refresh due to system bugs|WS20
INTERLOCKING SYSTEM|MEI/MESD|POWER INCOMING RACK|Converter korenix burnt|WS20
INTERLOCKING SYSTEM|TRAIN DETECTION SYSTEM (TDS)|TRAIN DETECTION UNIT (TDU)|System intermittent|WS20
INTERLOCKING SYSTEM|TRAIN DETECTION SYSTEM (TDS)|TRAIN DETECTION UNIT (TDU)|Fuse blow|WS20
INTERLOCKING SYSTEM|TRAIN DETECTION SYSTEM (TDS)|TRAIN DETECTION UNIT (TDU)|Cable loose|WS20
INTERLOCKING SYSTEM|TRAIN DETECTION SYSTEM (TDS)|TRAIN DETECTION UNIT (TDU)|Over voltage|WS20
INTERLOCKING SYSTEM|TRAIN DETECTION SYSTEM (TDS)|TRAIN DETECTION UNIT (TDU)|Mulfuntioning during operation|WS20
INTERLOCKING SYSTEM|TRAIN DETECTION SYSTEM (TDS)|TRAIN DETECTION UNIT (TDU)|Fan problem|WS20
INTERLOCKING SYSTEM|TRAIN DETECTION SYSTEM (TDS)|TRAIN DETECTION UNIT (TDU)|Network switch issue|WS20
INTERLOCKING SYSTEM|TRAIN DETECTION SYSTEM (TDS)|TRAIN DETECTION UNIT (TDU)|No power|WS20
INTERLOCKING SYSTEM|TRAIN DETECTION SYSTEM (TDS)|TRAIN DETECTION UNIT (TDU)|Track invalid|WS20
INTERLOCKING SYSTEM|TRAIN DETECTION SYSTEM (TDS)|TRAIN DETECTION UNIT (TDU)|Power supply broken / burst|WS20
INTERLOCKING SYSTEM|TRAIN DETECTION SYSTEM (TDS)|TRAIN DETECTION UNIT (TDU)|Fiber cut|WS20
INTERLOCKING SYSTEM|TRAIN DETECTION SYSTEM (TDS)|TRAIN DETECTION UNIT (TDU)|MESD alarm frequently occurs|WS20
INTERLOCKING SYSTEM|TRAIN DETECTION SYSTEM (TDS)|TRAIN DETECTION UNIT (TDU)|Self-refresh due to system bugs|WS20
INTERLOCKING SYSTEM|TRAIN DETECTION SYSTEM (TDS)|TRAIN DETECTION UNIT (TDU)|Converter korenix burnt|WS20
INTERLOCKING SYSTEM|TRAIN DETECTION SYSTEM (TDS)|TRAIN DETECTION UNIT (TDU)|System intermittent|WS20
INTERLOCKING SYSTEM|TRAIN DETECTION SYSTEM (TDS)|TRAIN DETECTION UNIT (TDU)|Fuse blow|WS20
INTERLOCKING SYSTEM|TRAIN DETECTION SYSTEM (TDS)|TRAIN DETECTION UNIT (TDU)|Cable loose|WS20
INTERLOCKING SYSTEM|TRAIN DETECTION SYSTEM (TDS)|TRAIN DETECTION UNIT (TDU)|Over voltage|WS20
INTERLOCKING SYSTEM|TRAIN DETECTION SYSTEM (TDS)|TRAIN DETECTION UNIT (TDU)|Mulfuntioning during operation|WS20
INTERLOCKING SYSTEM|TRAIN DETECTION SYSTEM (TDS)|TRAIN DETECTION UNIT (TDU)|Fan problem|WS20
INTERLOCKING SYSTEM|TRAIN DETECTION SYSTEM (TDS)|TRAIN DETECTION UNIT (TDU)|Network switch issue|WS20
INTERLOCKING SYSTEM|TRAIN DETECTION SYSTEM (TDS)|TRAIN DETECTION UNIT (TDU)|No power|WS20
INTERLOCKING SYSTEM|TRAIN DETECTION SYSTEM (TDS)|TRAIN DETECTION UNIT (TDU)|Track invalid|WS20
INTERLOCKING SYSTEM|TRAIN DETECTION SYSTEM (TDS)|TRAIN DETECTION UNIT (TDU)|Power supply broken / burst|WS20
INTERLOCKING SYSTEM|TRAIN DETECTION SYSTEM (TDS)|TRAIN DETECTION UNIT (TDU)|Fiber cut|WS20
INTERLOCKING SYSTEM|TRAIN DETECTION SYSTEM (TDS)|TRAIN DETECTION UNIT (TDU)|MESD alarm frequently occurs|WS20
INTERLOCKING SYSTEM|TRAIN DETECTION SYSTEM (TDS)|TRAIN DETECTION UNIT (TDU)|Self-refresh due to system bugs|WS20
INTERLOCKING SYSTEM|TRAIN DETECTION SYSTEM (TDS)|TRAIN DETECTION UNIT (TDU)|Converter korenix burnt|WS20
INTERLOCKING SYSTEM|TRAIN DETECTION SYSTEM (TDS)|TRAIN DETECTION UNIT (TDU)|System intermittent|WS20
INTERLOCKING SYSTEM|TRAIN DETECTION SYSTEM (TDS)|TRAIN DETECTION UNIT (TDU)|Fuse blow|WS20
INTERLOCKING SYSTEM|TRAIN DETECTION SYSTEM (TDS)|TRAIN DETECTION UNIT (TDU)|Cable loose|WS20
INTERLOCKING SYSTEM|TRAIN DETECTION SYSTEM (TDS)|TRAIN DETECTION UNIT (TDU)|Over voltage|WS20
INTERLOCKING SYSTEM|TRAIN DETECTION SYSTEM (TDS)|TRAIN DETECTION UNIT (TDU)|Mulfuntioning during operation|WS20
INTERLOCKING SYSTEM|TRAIN DETECTION SYSTEM (TDS)|TRAIN DETECTION UNIT (TDU)|Fan problem|WS20
INTERLOCKING SYSTEM|TRAIN DETECTION SYSTEM (TDS)|TRAIN DETECTION UNIT (TDU)|Network switch issue|WS20
INTERLOCKING SYSTEM|TRAIN DETECTION SYSTEM (TDS)|TRAIN DETECTION UNIT (TDU)|No power|WS20
INTERLOCKING SYSTEM|TRAIN DETECTION SYSTEM (TDS)|TRAIN DETECTION UNIT (TDU)|Track invalid|WS20
INTERLOCKING SYSTEM|TRAIN DETECTION SYSTEM (TDS)|TRAIN DETECTION UNIT (TDU)|Power supply broken / burst|WS20
INTERLOCKING SYSTEM|TRAIN DETECTION SYSTEM (TDS)|TRAIN DETECTION UNIT (TDU)|Fiber cut|WS20
INTERLOCKING SYSTEM|TRAIN DETECTION SYSTEM (TDS)|TRAIN DETECTION UNIT (TDU)|MESD alarm frequently occurs|WS20
INTERLOCKING SYSTEM|TRAIN DETECTION SYSTEM (TDS)|TRAIN DETECTION UNIT (TDU)|Self-refresh due to system bugs|WS20
INTERLOCKING SYSTEM|TRAIN DETECTION SYSTEM (TDS)|TRAIN DETECTION UNIT (TDU)|Converter korenix burnt|WS20
INTERLOCKING SYSTEM|TRAIN DETECTION SYSTEM (TDS)|TRAIN DETECTION UNIT (TDU)|System intermittent|WS20
INTERLOCKING SYSTEM|TRAIN DETECTION SYSTEM (TDS)|TRAIN DETECTION UNIT (TDU)|Fuse blow|WS20
INTERLOCKING SYSTEM|TRAIN DETECTION SYSTEM (TDS)|TRAIN DETECTION UNIT (TDU)|Cable loose|WS20
INTERLOCKING SYSTEM|TRAIN DETECTION SYSTEM (TDS)|TRAIN DETECTION UNIT (TDU)|Over voltage|WS20
INTERLOCKING SYSTEM|TRAIN DETECTION SYSTEM (TDS)|TRAIN DETECTION UNIT (TDU)|Mulfuntioning during operation|WS20
INTERLOCKING SYSTEM|TRAIN DETECTION SYSTEM (TDS)|TRAIN DETECTION UNIT (TDU)|Fan problem|WS20
INTERLOCKING SYSTEM|TRAIN DETECTION SYSTEM (TDS)|TRAIN DETECTION UNIT (TDU)|Network switch issue|WS20
INTERLOCKING SYSTEM|TRAIN DETECTION SYSTEM (TDS)|TRAIN DETECTION UNIT (TDU)|No power|WS20
INTERLOCKING SYSTEM|TRAIN DETECTION SYSTEM (TDS)|TRAIN DETECTION UNIT (TDU)|Track invalid|WS20
INTERLOCKING SYSTEM|TRAIN DETECTION SYSTEM (TDS)|TRAIN DETECTION UNIT (TDU)|Power supply broken / burst|WS20
INTERLOCKING SYSTEM|TRAIN DETECTION SYSTEM (TDS)|TRAIN DETECTION UNIT (TDU)|Fiber cut|WS20
INTERLOCKING SYSTEM|TRAIN DETECTION SYSTEM (TDS)|TRAIN DETECTION UNIT (TDU)|MESD alarm frequently occurs|WS20
INTERLOCKING SYSTEM|TRAIN DETECTION SYSTEM (TDS)|TRAIN DETECTION UNIT (TDU)|Self-refresh due to system bugs|WS20
INTERLOCKING SYSTEM|TRAIN DETECTION SYSTEM (TDS)|TRAIN DETECTION UNIT (TDU)|Converter korenix burnt|WS20
INTERLOCKING SYSTEM|TRAIN DETECTION SYSTEM (TDS)|TRAIN DETECTION UNIT (TDU)|System intermittent|WS20
INTERLOCKING SYSTEM|TRAIN DETECTION SYSTEM (TDS)|TRAIN DETECTION UNIT (TDU)|Fuse blow|WS20
INTERLOCKING SYSTEM|TRAIN DETECTION SYSTEM (TDS)|TRAIN DETECTION UNIT (TDU)|Cable loose|WS20
INTERLOCKING SYSTEM|TRAIN DETECTION SYSTEM (TDS)|TRAIN DETECTION UNIT (TDU)|Over voltage|WS20
INTERLOCKING SYSTEM|TRAIN DETECTION SYSTEM (TDS)|TRAIN DETECTION UNIT (TDU)|Mulfuntioning during operation|WS20
INTERLOCKING SYSTEM|TRAIN DETECTION SYSTEM (TDS)|TRAIN DETECTION UNIT (TDU)|Fan problem|WS20
INTERLOCKING SYSTEM|TRAIN DETECTION SYSTEM (TDS)|TRAIN DETECTION UNIT (TDU)|Network switch issue|WS20
INTERLOCKING SYSTEM|TRAIN DETECTION SYSTEM (TDS)|TRAIN DETECTION UNIT (TDU)|No power|WS20
INTERLOCKING SYSTEM|TRAIN DETECTION SYSTEM (TDS)|TRAIN DETECTION UNIT (TDU)|Track invalid|WS20
INTERLOCKING SYSTEM|TRAIN DETECTION SYSTEM (TDS)|TRAIN DETECTION UNIT (TDU)|Power supply broken / burst|WS20
INTERLOCKING SYSTEM|TRAIN DETECTION SYSTEM (TDS)|TRAIN DETECTION UNIT (TDU)|Fiber cut|WS20
INTERLOCKING SYSTEM|TRAIN DETECTION SYSTEM (TDS)|TRAIN DETECTION UNIT (TDU)|MESD alarm frequently occurs|WS20
INTERLOCKING SYSTEM|TRAIN DETECTION SYSTEM (TDS)|TRAIN DETECTION UNIT (TDU)|Self-refresh due to system bugs|WS20
INTERLOCKING SYSTEM|TRAIN DETECTION SYSTEM (TDS)|TRAIN DETECTION UNIT (TDU)|Converter korenix burnt|WS20
INTERLOCKING SYSTEM|TRAIN DETECTION SYSTEM (TDS)|TRAIN DETECTION UNIT (TDU)|System intermittent|WS20
INTERLOCKING SYSTEM|TRAIN DETECTION SYSTEM (TDS)|TRAIN DETECTION UNIT (TDU)|Fuse blow|WS20
INTERLOCKING SYSTEM|TRAIN DETECTION SYSTEM (TDS)|TRAIN DETECTION UNIT (TDU)|Cable loose|WS20
INTERLOCKING SYSTEM|TRAIN DETECTION SYSTEM (TDS)|TRAIN DETECTION UNIT (TDU)|Over voltage|WS20
INTERLOCKING SYSTEM|TRAIN DETECTION SYSTEM (TDS)|TRAIN DETECTION UNIT (TDU)|Mulfuntioning during operation|WS20
INTERLOCKING SYSTEM|TRAIN DETECTION SYSTEM (TDS)|TRAIN DETECTION UNIT (TDU)|Fan problem|WS20
INTERLOCKING SYSTEM|TRAIN DETECTION SYSTEM (TDS)|TRAIN DETECTION UNIT (TDU)|Network switch issue|WS20
INTERLOCKING SYSTEM|TRAIN DETECTION SYSTEM (TDS)|TRAIN DETECTION UNIT (TDU)|No power|WS20
INTERLOCKING SYSTEM|TRAIN DETECTION SYSTEM (TDS)|TRAIN DETECTION UNIT (TDU)|Track invalid|WS20
INTERLOCKING SYSTEM|TRAIN DETECTION SYSTEM (TDS)|TRAIN DETECTION UNIT (TDU)|Power supply broken / burst|WS20
INTERLOCKING SYSTEM|TRAIN DETECTION SYSTEM (TDS)|TRAIN DETECTION UNIT (TDU)|Fiber cut|WS20
INTERLOCKING SYSTEM|TRAIN DETECTION SYSTEM (TDS)|TRAIN DETECTION UNIT (TDU)|MESD alarm frequently occurs|WS20
INTERLOCKING SYSTEM|TRAIN DETECTION SYSTEM (TDS)|TRAIN DETECTION UNIT (TDU)|Self-refresh due to system bugs|WS20
INTERLOCKING SYSTEM|TRAIN DETECTION SYSTEM (TDS)|TRAIN DETECTION UNIT (TDU)|Converter korenix burnt|WS20
INTERLOCKING SYSTEM|TRAIN DETECTION SYSTEM (TDS)|TRAIN DETECTION UNIT (TDU)|System intermittent|WS20
INTERLOCKING SYSTEM|TRAIN DETECTION SYSTEM (TDS)|TRAIN DETECTION UNIT (TDU)|Fuse blow|WS20
INTERLOCKING SYSTEM|TRAIN DETECTION SYSTEM (TDS)|TRAIN DETECTION UNIT (TDU)|Cable loose|WS20
INTERLOCKING SYSTEM|TRAIN DETECTION SYSTEM (TDS)|TRAIN DETECTION UNIT (TDU)|Over voltage|WS20
INTERLOCKING SYSTEM|TRAIN DETECTION SYSTEM (TDS)|TRAIN DETECTION UNIT (TDU)|Mulfuntioning during operation|WS20
INTERLOCKING SYSTEM|TRAIN DETECTION SYSTEM (TDS)|TRAIN DETECTION UNIT (TDU)|Fan problem|WS20
INTERLOCKING SYSTEM|TRAIN DETECTION SYSTEM (TDS)|TRAIN DETECTION UNIT (TDU)|Network switch issue|WS20
INTERLOCKING SYSTEM|TRAIN DETECTION SYSTEM (TDS)|TRAIN DETECTION UNIT (TDU)|No power|WS20
INTERLOCKING SYSTEM|TRAIN DETECTION SYSTEM (TDS)|TRAIN DETECTION UNIT (TDU)|Track invalid|WS20
INTERLOCKING SYSTEM|TRAIN DETECTION SYSTEM (TDS)|TRAIN DETECTION UNIT (TDU)|Power supply broken / burst|WS20
INTERLOCKING SYSTEM|TRAIN DETECTION SYSTEM (TDS)|TRAIN DETECTION UNIT (TDU)|Fiber cut|WS20
INTERLOCKING SYSTEM|TRAIN DETECTION SYSTEM (TDS)|TRAIN DETECTION UNIT (TDU)|MESD alarm frequently occurs|WS20
INTERLOCKING SYSTEM|TRAIN DETECTION SYSTEM (TDS)|TRAIN DETECTION UNIT (TDU)|Self-refresh due to system bugs|WS20
INTERLOCKING SYSTEM|TRAIN DETECTION SYSTEM (TDS)|TRAIN DETECTION UNIT (TDU)|Converter korenix burnt|WS20
INTERLOCKING SYSTEM|TRAIN DETECTION SYSTEM (TDS)|TRAIN DETECTION UNIT (TDU)|System intermittent|WS20
INTERLOCKING SYSTEM|TRAIN DETECTION SYSTEM (TDS)|TRAIN DETECTION UNIT (TDU)|Fuse blow|WS20
INTERLOCKING SYSTEM|TRAIN DETECTION SYSTEM (TDS)|TRAIN DETECTION UNIT (TDU)|Cable loose|WS20
INTERLOCKING SYSTEM|TRAIN DETECTION SYSTEM (TDS)|TRAIN DETECTION UNIT (TDU)|Over voltage|WS20
INTERLOCKING SYSTEM|TRAIN DETECTION SYSTEM (TDS)|TRAIN DETECTION UNIT (TDU)|Mulfuntioning during operation|WS20
INTERLOCKING SYSTEM|TRAIN DETECTION SYSTEM (TDS)|TRAIN DETECTION UNIT (TDU)|Fan problem|WS20
INTERLOCKING SYSTEM|TRAIN DETECTION SYSTEM (TDS)|TRAIN DETECTION UNIT (TDU)|Network switch issue|WS20
INTERLOCKING SYSTEM|TRAIN DETECTION SYSTEM (TDS)|TRAIN DETECTION UNIT (TDU)|No power|WS20
INTERLOCKING SYSTEM|TRAIN DETECTION SYSTEM (TDS)|TRAIN DETECTION UNIT (TDU)|Track invalid|WS20
INTERLOCKING SYSTEM|TRAIN DETECTION SYSTEM (TDS)|TRAIN DETECTION UNIT (TDU)|Power supply broken / burst|WS20
INTERLOCKING SYSTEM|TRAIN DETECTION SYSTEM (TDS)|TRAIN DETECTION UNIT (TDU)|Fiber cut|WS20
INTERLOCKING SYSTEM|TRAIN DETECTION SYSTEM (TDS)|TRAIN DETECTION UNIT (TDU)|MESD alarm frequently occurs|WS20
INTERLOCKING SYSTEM|TRAIN DETECTION SYSTEM (TDS)|TRAIN DETECTION UNIT (TDU)|Self-refresh due to system bugs|WS20
INTERLOCKING SYSTEM|TRAIN DETECTION SYSTEM (TDS)|TRAIN DETECTION UNIT (TDU)|Converter korenix burnt|WS20
INTERLOCKING SYSTEM|TRAIN DETECTION SYSTEM (TDS)|TRAIN DETECTION UNIT (TDU)|System intermittent|WS20
INTERLOCKING SYSTEM|TRAIN DETECTION SYSTEM (TDS)|TRAIN DETECTION UNIT (TDU)|Fuse blow|WS20
INTERLOCKING SYSTEM|TRAIN DETECTION SYSTEM (TDS)|TRAIN DETECTION UNIT (TDU)|Cable loose|WS20
INTERLOCKING SYSTEM|TRAIN DETECTION SYSTEM (TDS)|TRAIN DETECTION UNIT (TDU)|Over voltage|WS20
INTERLOCKING SYSTEM|TRAIN DETECTION SYSTEM (TDS)|TRAIN DETECTION UNIT (TDU)|Mulfuntioning during operation|WS20
INTERLOCKING SYSTEM|TRAIN DETECTION SYSTEM (TDS)|TRAIN DETECTION UNIT (TDU)|Fan problem|WS20
INTERLOCKING SYSTEM|TRAIN DETECTION SYSTEM (TDS)|TRAIN DETECTION UNIT (TDU)|Network switch issue|WS20
INTERLOCKING SYSTEM|TRAIN DETECTION SYSTEM (TDS)|TRAIN DETECTION UNIT (TDU)|No power|WS20
INTERLOCKING SYSTEM|TRAIN DETECTION SYSTEM (TDS)|TRAIN DETECTION UNIT (TDU)|Track invalid|WS20
INTERLOCKING SYSTEM|TRAIN DETECTION SYSTEM (TDS)|TRAIN DETECTION UNIT (TDU)|Power supply broken / burst|WS20
INTERLOCKING SYSTEM|TRAIN DETECTION SYSTEM (TDS)|TRAIN DETECTION UNIT (TDU)|Fiber cut|WS20
INTERLOCKING SYSTEM|TRAIN DETECTION SYSTEM (TDS)|TRAIN DETECTION UNIT (TDU)|MESD alarm frequently occurs|WS20
INTERLOCKING SYSTEM|TRAIN DETECTION SYSTEM (TDS)|TRAIN DETECTION UNIT (TDU)|Self-refresh due to system bugs|WS20
INTERLOCKING SYSTEM|TRAIN DETECTION SYSTEM (TDS)|TRAIN DETECTION UNIT (TDU)|Converter korenix burnt|WS20
INTERLOCKING SYSTEM|TRAIN DETECTION SYSTEM (TDS)|TRAIN DETECTION UNIT (TDU)|System intermittent|WS20
INTERLOCKING SYSTEM|TRAIN DETECTION SYSTEM (TDS)|TRAIN DETECTION UNIT (TDU)|Fuse blow|WS20
INTERLOCKING SYSTEM|TRAIN DETECTION SYSTEM (TDS)|TRAIN DETECTION UNIT (TDU)|Cable loose|WS20
INTERLOCKING SYSTEM|TRAIN DETECTION SYSTEM (TDS)|TRAIN DETECTION UNIT (TDU)|Over voltage|WS20
INTERLOCKING SYSTEM|TRAIN DETECTION SYSTEM (TDS)|TRAIN DETECTION UNIT (TDU)|Mulfuntioning during operation|WS20
INTERLOCKING SYSTEM|TRAIN DETECTION SYSTEM (TDS)|TRAIN DETECTION UNIT (TDU)|Fan problem|WS20
INTERLOCKING SYSTEM|TRAIN DETECTION SYSTEM (TDS)|TRAIN DETECTION UNIT (TDU)|Network switch issue|WS20
INTERLOCKING SYSTEM|TRAIN DETECTION SYSTEM (TDS)|TRAIN DETECTION UNIT (TDU)|No power|WS20
INTERLOCKING SYSTEM|TRAIN DETECTION SYSTEM (TDS)|TRAIN DETECTION UNIT (TDU)|Track invalid|WS20
INTERLOCKING SYSTEM|TRAIN DETECTION SYSTEM (TDS)|TRAIN DETECTION UNIT (TDU)|Power supply broken / burst|WS20
INTERLOCKING SYSTEM|TRAIN DETECTION SYSTEM (TDS)|TRAIN DETECTION UNIT (TDU)|Fiber cut|WS20
INTERLOCKING SYSTEM|TRAIN DETECTION SYSTEM (TDS)|TRAIN DETECTION UNIT (TDU)|MESD alarm frequently occurs|WS20
INTERLOCKING SYSTEM|TRAIN DETECTION SYSTEM (TDS)|TRAIN DETECTION UNIT (TDU)|Self-refresh due to system bugs|WS20
INTERLOCKING SYSTEM|TRAIN DETECTION SYSTEM (TDS)|TRAIN DETECTION UNIT (TDU)|Converter korenix burnt|WS20
INTERLOCKING SYSTEM|TRAIN DETECTION SYSTEM (TDS)|TRAIN DETECTION UNIT (TDU)|System intermittent|WS20
INTERLOCKING SYSTEM|TRAIN DETECTION SYSTEM (TDS)|TRAIN DETECTION UNIT (TDU)|Fuse blow|WS20
INTERLOCKING SYSTEM|TRAIN DETECTION SYSTEM (TDS)|TRAIN DETECTION UNIT (TDU)|Cable loose|WS20
INTERLOCKING SYSTEM|TRAIN DETECTION SYSTEM (TDS)|TRAIN DETECTION UNIT (TDU)|Over voltage|WS20
INTERLOCKING SYSTEM|TRAIN DETECTION SYSTEM (TDS)|TRAIN DETECTION UNIT (TDU)|Mulfuntioning during operation|WS20
INTERLOCKING SYSTEM|TRAIN DETECTION SYSTEM (TDS)|TRAIN DETECTION UNIT (TDU)|Fan problem|WS20
INTERLOCKING SYSTEM|TRAIN DETECTION SYSTEM (TDS)|TRAIN DETECTION UNIT (TDU)|Network switch issue|WS20
INTERLOCKING SYSTEM|TRAIN DETECTION SYSTEM (TDS)|TRAIN DETECTION UNIT (TDU)|No power|WS20
INTERLOCKING SYSTEM|TRAIN DETECTION SYSTEM (TDS)|TRAIN DETECTION UNIT (TDU)|Track invalid|WS20
INTERLOCKING SYSTEM|TRAIN DETECTION SYSTEM (TDS)|TRAIN DETECTION UNIT (TDU)|Power supply broken / burst|WS20
INTERLOCKING SYSTEM|TRAIN DETECTION SYSTEM (TDS)|TRAIN DETECTION UNIT (TDU)|Fiber cut|WS20
INTERLOCKING SYSTEM|TRAIN DETECTION SYSTEM (TDS)|TRAIN DETECTION UNIT (TDU)|MESD alarm frequently occurs|WS20
INTERLOCKING SYSTEM|TRAIN DETECTION SYSTEM (TDS)|TRAIN DETECTION UNIT (TDU)|Self-refresh due to system bugs|WS20
INTERLOCKING SYSTEM|TRAIN DETECTION SYSTEM (TDS)|TRAIN DETECTION UNIT (TDU)|Converter korenix burnt|WS20
INTERLOCKING SYSTEM|TRAIN DETECTION SYSTEM (TDS)|TRAIN DETECTION UNIT (TDU)|System intermittent|WS20
INTERLOCKING SYSTEM|TRAIN DETECTION SYSTEM (TDS)|TRAIN DETECTION UNIT (TDU)|Fuse blow|WS20
INTERLOCKING SYSTEM|TRAIN DETECTION SYSTEM (TDS)|TRAIN DETECTION UNIT (TDU)|Cable loose|WS20
INTERLOCKING SYSTEM|TRAIN DETECTION SYSTEM (TDS)|TRAIN DETECTION UNIT (TDU)|Over voltage|WS20
INTERLOCKING SYSTEM|TRAIN DETECTION SYSTEM (TDS)|TRAIN DETECTION UNIT (TDU)|Mulfuntioning during operation|WS20
INTERLOCKING SYSTEM|TRAIN DETECTION SYSTEM (TDS)|TRAIN DETECTION UNIT (TDU)|Fan problem|WS20
INTERLOCKING SYSTEM|TRAIN DETECTION SYSTEM (TDS)|TRAIN DETECTION UNIT (TDU)|Network switch issue|WS20
INTERLOCKING SYSTEM|TRAIN DETECTION SYSTEM (TDS)|TRAIN DETECTION UNIT (TDU)|No power|WS20
INTERLOCKING SYSTEM|TRAIN DETECTION SYSTEM (TDS)|TRAIN DETECTION UNIT (TDU)|Track invalid|WS20
INTERLOCKING SYSTEM|TRAIN DETECTION SYSTEM (TDS)|TRAIN DETECTION UNIT (TDU)|Power supply broken / burst|WS20
INTERLOCKING SYSTEM|TRAIN DETECTION SYSTEM (TDS)|TRAIN DETECTION UNIT (TDU)|Fiber cut|WS20
INTERLOCKING SYSTEM|TRAIN DETECTION SYSTEM (TDS)|TRAIN DETECTION UNIT (TDU)|MESD alarm frequently occurs|WS20
INTERLOCKING SYSTEM|TRAIN DETECTION SYSTEM (TDS)|TRAIN DETECTION UNIT (TDU)|Self-refresh due to system bugs|WS20
INTERLOCKING SYSTEM|TRAIN DETECTION SYSTEM (TDS)|TRAIN DETECTION UNIT (TDU)|Converter korenix burnt|WS20
INTERLOCKING SYSTEM|TRAIN DETECTION SYSTEM (TDS)|TRAIN DETECTION UNIT (TDU)|System intermittent|WS20
INTERLOCKING SYSTEM|TRAIN DETECTION SYSTEM (TDS)|TRAIN DETECTION UNIT (TDU)|Fuse blow|WS20
INTERLOCKING SYSTEM|TRAIN DETECTION SYSTEM (TDS)|TRAIN DETECTION UNIT (TDU)|Cable loose|WS20
INTERLOCKING SYSTEM|TRAIN DETECTION SYSTEM (TDS)|TRAIN DETECTION UNIT (TDU)|Over voltage|WS20
INTERLOCKING SYSTEM|TRAIN DETECTION SYSTEM (TDS)|TRAIN DETECTION UNIT (TDU)|Mulfuntioning during operation|WS20
INTERLOCKING SYSTEM|TRAIN DETECTION SYSTEM (TDS)|TRAIN DETECTION UNIT (TDU)|Fan problem|WS20
INTERLOCKING SYSTEM|TRAIN DETECTION SYSTEM (TDS)|TRAIN DETECTION UNIT (TDU)|Network switch issue|WS20
INTERLOCKING SYSTEM|TRAIN DETECTION SYSTEM (TDS)|TRAIN DETECTION UNIT (TDU)|No power|WS20
INTERLOCKING SYSTEM|TRAIN DETECTION SYSTEM (TDS)|TRAIN DETECTION UNIT (TDU)|Track invalid|WS20
INTERLOCKING SYSTEM|TRAIN DETECTION SYSTEM (TDS)|TRAIN DETECTION UNIT (TDU)|Power supply broken / burst|WS20
INTERLOCKING SYSTEM|TRAIN DETECTION SYSTEM (TDS)|TRAIN DETECTION UNIT (TDU)|Fiber cut|WS20
INTERLOCKING SYSTEM|TRAIN DETECTION SYSTEM (TDS)|TRAIN DETECTION UNIT (TDU)|MESD alarm frequently occurs|WS20
INTERLOCKING SYSTEM|TRAIN DETECTION SYSTEM (TDS)|TRAIN DETECTION UNIT (TDU)|Self-refresh due to system bugs|WS20
INTERLOCKING SYSTEM|TRAIN DETECTION SYSTEM (TDS)|TRAIN DETECTION UNIT (TDU)|Converter korenix burnt|WS20
INTERLOCKING SYSTEM|TRAIN DETECTION SYSTEM (TDS)|TRAIN DETECTION UNIT (TDU)|System intermittent|WS20
INTERLOCKING SYSTEM|TRAIN DETECTION SYSTEM (TDS)|TRAIN DETECTION UNIT (TDU)|Fuse blow|WS20
INTERLOCKING SYSTEM|TRAIN DETECTION SYSTEM (TDS)|TRAIN DETECTION UNIT (TDU)|Cable loose|WS20
INTERLOCKING SYSTEM|TRAIN DETECTION SYSTEM (TDS)|TRAIN DETECTION UNIT (TDU)|Over voltage|WS20
INTERLOCKING SYSTEM|TRAIN DETECTION SYSTEM (TDS)|TRAIN DETECTION UNIT (TDU)|Mulfuntioning during operation|WS20
INTERLOCKING SYSTEM|TRAIN DETECTION SYSTEM (TDS)|TRAIN DETECTION UNIT (TDU)|Fan problem|WS20
INTERLOCKING SYSTEM|TRAIN DETECTION SYSTEM (TDS)|TRAIN DETECTION UNIT (TDU)|Network switch issue|WS20
INTERLOCKING SYSTEM|TRAIN DETECTION SYSTEM (TDS)|TRAIN DETECTION UNIT (TDU)|No power|WS20
INTERLOCKING SYSTEM|TRAIN DETECTION SYSTEM (TDS)|TRAIN DETECTION UNIT (TDU)|Track invalid|WS20
INTERLOCKING SYSTEM|TRAIN DETECTION SYSTEM (TDS)|TRAIN DETECTION UNIT (TDU)|Power supply broken / burst|WS20
INTERLOCKING SYSTEM|TRAIN DETECTION SYSTEM (TDS)|TRAIN DETECTION UNIT (TDU)|Fiber cut|WS20
INTERLOCKING SYSTEM|TRAIN DETECTION SYSTEM (TDS)|TRAIN DETECTION UNIT (TDU)|MESD alarm frequently occurs|WS20
INTERLOCKING SYSTEM|TRAIN DETECTION SYSTEM (TDS)|TRAIN DETECTION UNIT (TDU)|Self-refresh due to system bugs|WS20
INTERLOCKING SYSTEM|TRAIN DETECTION SYSTEM (TDS)|TRAIN DETECTION UNIT (TDU)|Converter korenix burnt|WS20
INTERLOCKING SYSTEM|TRAIN DETECTION SYSTEM (TDS)|AXLE COUNTER (ACE)|System intermittent|WS20
INTERLOCKING SYSTEM|TRAIN DETECTION SYSTEM (TDS)|AXLE COUNTER (ACE)|Fuse blow|WS20
INTERLOCKING SYSTEM|TRAIN DETECTION SYSTEM (TDS)|AXLE COUNTER (ACE)|Cable loose|WS20
INTERLOCKING SYSTEM|TRAIN DETECTION SYSTEM (TDS)|AXLE COUNTER (ACE)|Over voltage|WS20
INTERLOCKING SYSTEM|TRAIN DETECTION SYSTEM (TDS)|AXLE COUNTER (ACE)|Mulfuntioning during operation|WS20
INTERLOCKING SYSTEM|TRAIN DETECTION SYSTEM (TDS)|AXLE COUNTER (ACE)|Fan problem|WS20
INTERLOCKING SYSTEM|TRAIN DETECTION SYSTEM (TDS)|AXLE COUNTER (ACE)|Network switch issue|WS20
INTERLOCKING SYSTEM|TRAIN DETECTION SYSTEM (TDS)|AXLE COUNTER (ACE)|No power|WS20
INTERLOCKING SYSTEM|TRAIN DETECTION SYSTEM (TDS)|AXLE COUNTER (ACE)|Track invalid|WS20
INTERLOCKING SYSTEM|TRAIN DETECTION SYSTEM (TDS)|AXLE COUNTER (ACE)|Power supply broken / burst|WS20
INTERLOCKING SYSTEM|TRAIN DETECTION SYSTEM (TDS)|AXLE COUNTER (ACE)|Fiber cut|WS20
INTERLOCKING SYSTEM|TRAIN DETECTION SYSTEM (TDS)|AXLE COUNTER (ACE)|MESD alarm frequently occurs|WS20
INTERLOCKING SYSTEM|TRAIN DETECTION SYSTEM (TDS)|AXLE COUNTER (ACE)|Self-refresh due to system bugs|WS20
INTERLOCKING SYSTEM|TRAIN DETECTION SYSTEM (TDS)|AXLE COUNTER (ACE)|Converter korenix burnt|WS20
INTERLOCKING SYSTEM|TRAIN DETECTION SYSTEM (TDS)|AXLE COUNTER (ACE)|System intermittent|WS20
INTERLOCKING SYSTEM|TRAIN DETECTION SYSTEM (TDS)|AXLE COUNTER (ACE)|Fuse blow|WS20
INTERLOCKING SYSTEM|TRAIN DETECTION SYSTEM (TDS)|AXLE COUNTER (ACE)|Cable loose|WS20
INTERLOCKING SYSTEM|TRAIN DETECTION SYSTEM (TDS)|AXLE COUNTER (ACE)|Over voltage|WS20
INTERLOCKING SYSTEM|TRAIN DETECTION SYSTEM (TDS)|AXLE COUNTER (ACE)|Mulfuntioning during operation|WS20
INTERLOCKING SYSTEM|TRAIN DETECTION SYSTEM (TDS)|AXLE COUNTER (ACE)|Fan problem|WS20
INTERLOCKING SYSTEM|TRAIN DETECTION SYSTEM (TDS)|AXLE COUNTER (ACE)|Network switch issue|WS20
INTERLOCKING SYSTEM|TRAIN DETECTION SYSTEM (TDS)|AXLE COUNTER (ACE)|No power|WS20
INTERLOCKING SYSTEM|TRAIN DETECTION SYSTEM (TDS)|AXLE COUNTER (ACE)|Track invalid|WS20
INTERLOCKING SYSTEM|TRAIN DETECTION SYSTEM (TDS)|AXLE COUNTER (ACE)|Power supply broken / burst|WS20
INTERLOCKING SYSTEM|TRAIN DETECTION SYSTEM (TDS)|AXLE COUNTER (ACE)|Fiber cut|WS20
INTERLOCKING SYSTEM|TRAIN DETECTION SYSTEM (TDS)|AXLE COUNTER (ACE)|MESD alarm frequently occurs|WS20
INTERLOCKING SYSTEM|TRAIN DETECTION SYSTEM (TDS)|AXLE COUNTER (ACE)|Self-refresh due to system bugs|WS20
INTERLOCKING SYSTEM|TRAIN DETECTION SYSTEM (TDS)|AXLE COUNTER (ACE)|Converter korenix burnt|WS20
INTERLOCKING SYSTEM|TRAIN DETECTION SYSTEM (TDS)|AXLE COUNTER (ACE)|System intermittent|WS20
INTERLOCKING SYSTEM|TRAIN DETECTION SYSTEM (TDS)|AXLE COUNTER (ACE)|Fuse blow|WS20
INTERLOCKING SYSTEM|TRAIN DETECTION SYSTEM (TDS)|AXLE COUNTER (ACE)|Cable loose|WS20
INTERLOCKING SYSTEM|TRAIN DETECTION SYSTEM (TDS)|AXLE COUNTER (ACE)|Over voltage|WS20
INTERLOCKING SYSTEM|TRAIN DETECTION SYSTEM (TDS)|AXLE COUNTER (ACE)|Mulfuntioning during operation|WS20
INTERLOCKING SYSTEM|TRAIN DETECTION SYSTEM (TDS)|AXLE COUNTER (ACE)|Fan problem|WS20
INTERLOCKING SYSTEM|TRAIN DETECTION SYSTEM (TDS)|AXLE COUNTER (ACE)|Network switch issue|WS20
INTERLOCKING SYSTEM|TRAIN DETECTION SYSTEM (TDS)|AXLE COUNTER (ACE)|No power|WS20
INTERLOCKING SYSTEM|TRAIN DETECTION SYSTEM (TDS)|AXLE COUNTER (ACE)|Track invalid|WS20
INTERLOCKING SYSTEM|TRAIN DETECTION SYSTEM (TDS)|AXLE COUNTER (ACE)|Power supply broken / burst|WS20
INTERLOCKING SYSTEM|TRAIN DETECTION SYSTEM (TDS)|AXLE COUNTER (ACE)|Fiber cut|WS20
INTERLOCKING SYSTEM|TRAIN DETECTION SYSTEM (TDS)|AXLE COUNTER (ACE)|MESD alarm frequently occurs|WS20
INTERLOCKING SYSTEM|TRAIN DETECTION SYSTEM (TDS)|AXLE COUNTER (ACE)|Self-refresh due to system bugs|WS20
INTERLOCKING SYSTEM|TRAIN DETECTION SYSTEM (TDS)|AXLE COUNTER (ACE)|Converter korenix burnt|WS20
INTERLOCKING SYSTEM|TRAIN DETECTION SYSTEM (TDS)|AXLE COUNTER (ACE)|System intermittent|WS20
INTERLOCKING SYSTEM|TRAIN DETECTION SYSTEM (TDS)|AXLE COUNTER (ACE)|Fuse blow|WS20
INTERLOCKING SYSTEM|TRAIN DETECTION SYSTEM (TDS)|AXLE COUNTER (ACE)|Cable loose|WS20
INTERLOCKING SYSTEM|TRAIN DETECTION SYSTEM (TDS)|AXLE COUNTER (ACE)|Over voltage|WS20
INTERLOCKING SYSTEM|TRAIN DETECTION SYSTEM (TDS)|AXLE COUNTER (ACE)|Mulfuntioning during operation|WS20
INTERLOCKING SYSTEM|TRAIN DETECTION SYSTEM (TDS)|AXLE COUNTER (ACE)|Fan problem|WS20
INTERLOCKING SYSTEM|TRAIN DETECTION SYSTEM (TDS)|AXLE COUNTER (ACE)|Network switch issue|WS20
INTERLOCKING SYSTEM|TRAIN DETECTION SYSTEM (TDS)|AXLE COUNTER (ACE)|No power|WS20
INTERLOCKING SYSTEM|TRAIN DETECTION SYSTEM (TDS)|AXLE COUNTER (ACE)|Track invalid|WS20
INTERLOCKING SYSTEM|TRAIN DETECTION SYSTEM (TDS)|AXLE COUNTER (ACE)|Power supply broken / burst|WS20
INTERLOCKING SYSTEM|TRAIN DETECTION SYSTEM (TDS)|AXLE COUNTER (ACE)|Fiber cut|WS20
INTERLOCKING SYSTEM|TRAIN DETECTION SYSTEM (TDS)|AXLE COUNTER (ACE)|MESD alarm frequently occurs|WS20
INTERLOCKING SYSTEM|TRAIN DETECTION SYSTEM (TDS)|AXLE COUNTER (ACE)|Self-refresh due to system bugs|WS20
INTERLOCKING SYSTEM|TRAIN DETECTION SYSTEM (TDS)|AXLE COUNTER (ACE)|Converter korenix burnt|WS20
INTERLOCKING SYSTEM|LINESIDE ELECTRONIC UNIT (LEU)|LEU SYSTEM/MODULE|System intermittent|WS20
INTERLOCKING SYSTEM|LINESIDE ELECTRONIC UNIT (LEU)|LEU SYSTEM/MODULE|Fuse blow|WS20
INTERLOCKING SYSTEM|LINESIDE ELECTRONIC UNIT (LEU)|LEU SYSTEM/MODULE|Cable loose|WS20
INTERLOCKING SYSTEM|LINESIDE ELECTRONIC UNIT (LEU)|LEU SYSTEM/MODULE|Over voltage|WS20
INTERLOCKING SYSTEM|LINESIDE ELECTRONIC UNIT (LEU)|LEU SYSTEM/MODULE|Mulfuntioning during operation|WS20
INTERLOCKING SYSTEM|LINESIDE ELECTRONIC UNIT (LEU)|LEU SYSTEM/MODULE|Fan problem|WS20
INTERLOCKING SYSTEM|LINESIDE ELECTRONIC UNIT (LEU)|LEU SYSTEM/MODULE|Network switch issue|WS20
INTERLOCKING SYSTEM|LINESIDE ELECTRONIC UNIT (LEU)|LEU SYSTEM/MODULE|No power|WS20
INTERLOCKING SYSTEM|LINESIDE ELECTRONIC UNIT (LEU)|LEU SYSTEM/MODULE|Track invalid|WS20
INTERLOCKING SYSTEM|LINESIDE ELECTRONIC UNIT (LEU)|LEU SYSTEM/MODULE|Power supply broken / burst|WS20
INTERLOCKING SYSTEM|LINESIDE ELECTRONIC UNIT (LEU)|LEU SYSTEM/MODULE|Fiber cut|WS20
INTERLOCKING SYSTEM|LINESIDE ELECTRONIC UNIT (LEU)|LEU SYSTEM/MODULE|MESD alarm frequently occurs|WS20
INTERLOCKING SYSTEM|LINESIDE ELECTRONIC UNIT (LEU)|LEU SYSTEM/MODULE|Self-refresh due to system bugs|WS20
INTERLOCKING SYSTEM|LINESIDE ELECTRONIC UNIT (LEU)|LEU SYSTEM/MODULE|Converter korenix burnt|WS20
INTERLOCKING SYSTEM|LINESIDE ELECTRONIC UNIT (LEU)|LEU SYSTEM/MODULE|System intermittent|WS20
INTERLOCKING SYSTEM|LINESIDE ELECTRONIC UNIT (LEU)|LEU SYSTEM/MODULE|Fuse blow|WS20
INTERLOCKING SYSTEM|LINESIDE ELECTRONIC UNIT (LEU)|LEU SYSTEM/MODULE|Cable loose|WS20
INTERLOCKING SYSTEM|LINESIDE ELECTRONIC UNIT (LEU)|LEU SYSTEM/MODULE|Over voltage|WS20
INTERLOCKING SYSTEM|LINESIDE ELECTRONIC UNIT (LEU)|LEU SYSTEM/MODULE|Mulfuntioning during operation|WS20
INTERLOCKING SYSTEM|LINESIDE ELECTRONIC UNIT (LEU)|LEU SYSTEM/MODULE|Fan problem|WS20
INTERLOCKING SYSTEM|LINESIDE ELECTRONIC UNIT (LEU)|LEU SYSTEM/MODULE|Network switch issue|WS20
INTERLOCKING SYSTEM|LINESIDE ELECTRONIC UNIT (LEU)|LEU SYSTEM/MODULE|No power|WS20
INTERLOCKING SYSTEM|LINESIDE ELECTRONIC UNIT (LEU)|LEU SYSTEM/MODULE|Track invalid|WS20
INTERLOCKING SYSTEM|LINESIDE ELECTRONIC UNIT (LEU)|LEU SYSTEM/MODULE|Power supply broken / burst|WS20
INTERLOCKING SYSTEM|LINESIDE ELECTRONIC UNIT (LEU)|LEU SYSTEM/MODULE|Fiber cut|WS20
INTERLOCKING SYSTEM|LINESIDE ELECTRONIC UNIT (LEU)|LEU SYSTEM/MODULE|MESD alarm frequently occurs|WS20
INTERLOCKING SYSTEM|LINESIDE ELECTRONIC UNIT (LEU)|LEU SYSTEM/MODULE|Self-refresh due to system bugs|WS20
INTERLOCKING SYSTEM|LINESIDE ELECTRONIC UNIT (LEU)|LEU SYSTEM/MODULE|Converter korenix burnt|WS20
INTERLOCKING SYSTEM|LINESIDE ELECTRONIC UNIT (LEU)|LEU SYSTEM/MODULE|System intermittent|WS20
INTERLOCKING SYSTEM|LINESIDE ELECTRONIC UNIT (LEU)|LEU SYSTEM/MODULE|Fuse blow|WS20
INTERLOCKING SYSTEM|LINESIDE ELECTRONIC UNIT (LEU)|LEU SYSTEM/MODULE|Cable loose|WS20
INTERLOCKING SYSTEM|LINESIDE ELECTRONIC UNIT (LEU)|LEU SYSTEM/MODULE|Over voltage|WS20
INTERLOCKING SYSTEM|LINESIDE ELECTRONIC UNIT (LEU)|LEU SYSTEM/MODULE|Mulfuntioning during operation|WS20
INTERLOCKING SYSTEM|LINESIDE ELECTRONIC UNIT (LEU)|LEU SYSTEM/MODULE|Fan problem|WS20
INTERLOCKING SYSTEM|LINESIDE ELECTRONIC UNIT (LEU)|LEU SYSTEM/MODULE|Network switch issue|WS20
INTERLOCKING SYSTEM|LINESIDE ELECTRONIC UNIT (LEU)|LEU SYSTEM/MODULE|No power|WS20
INTERLOCKING SYSTEM|LINESIDE ELECTRONIC UNIT (LEU)|LEU SYSTEM/MODULE|Track invalid|WS20
INTERLOCKING SYSTEM|LINESIDE ELECTRONIC UNIT (LEU)|LEU SYSTEM/MODULE|Power supply broken / burst|WS20
INTERLOCKING SYSTEM|LINESIDE ELECTRONIC UNIT (LEU)|LEU SYSTEM/MODULE|Fiber cut|WS20
INTERLOCKING SYSTEM|LINESIDE ELECTRONIC UNIT (LEU)|LEU SYSTEM/MODULE|MESD alarm frequently occurs|WS20
INTERLOCKING SYSTEM|LINESIDE ELECTRONIC UNIT (LEU)|LEU SYSTEM/MODULE|Self-refresh due to system bugs|WS20
INTERLOCKING SYSTEM|LINESIDE ELECTRONIC UNIT (LEU)|LEU SYSTEM/MODULE|Converter korenix burnt|WS20
INTERLOCKING SYSTEM|LINESIDE ELECTRONIC UNIT (LEU)|BALISE|System intermittent|WS20
INTERLOCKING SYSTEM|LINESIDE ELECTRONIC UNIT (LEU)|BALISE|Fuse blow|WS20
INTERLOCKING SYSTEM|LINESIDE ELECTRONIC UNIT (LEU)|BALISE|Cable loose|WS20
INTERLOCKING SYSTEM|LINESIDE ELECTRONIC UNIT (LEU)|BALISE|Over voltage|WS20
INTERLOCKING SYSTEM|LINESIDE ELECTRONIC UNIT (LEU)|BALISE|Mulfuntioning during operation|WS20
INTERLOCKING SYSTEM|LINESIDE ELECTRONIC UNIT (LEU)|BALISE|Fan problem|WS20
INTERLOCKING SYSTEM|LINESIDE ELECTRONIC UNIT (LEU)|BALISE|Network switch issue|WS20
INTERLOCKING SYSTEM|LINESIDE ELECTRONIC UNIT (LEU)|BALISE|No power|WS20
INTERLOCKING SYSTEM|LINESIDE ELECTRONIC UNIT (LEU)|BALISE|Track invalid|WS20
INTERLOCKING SYSTEM|LINESIDE ELECTRONIC UNIT (LEU)|BALISE|Power supply broken / burst|WS20
INTERLOCKING SYSTEM|LINESIDE ELECTRONIC UNIT (LEU)|BALISE|Fiber cut|WS20
INTERLOCKING SYSTEM|LINESIDE ELECTRONIC UNIT (LEU)|BALISE|MESD alarm frequently occurs|WS20
INTERLOCKING SYSTEM|LINESIDE ELECTRONIC UNIT (LEU)|BALISE|Self-refresh due to system bugs|WS20
INTERLOCKING SYSTEM|LINESIDE ELECTRONIC UNIT (LEU)|BALISE|Converter korenix burnt|WS20
INTERLOCKING SYSTEM|LINESIDE ELECTRONIC UNIT (LEU)|BALISE|System intermittent|WS20
INTERLOCKING SYSTEM|LINESIDE ELECTRONIC UNIT (LEU)|BALISE|Fuse blow|WS20
INTERLOCKING SYSTEM|LINESIDE ELECTRONIC UNIT (LEU)|BALISE|Cable loose|WS20
INTERLOCKING SYSTEM|LINESIDE ELECTRONIC UNIT (LEU)|BALISE|Over voltage|WS20
INTERLOCKING SYSTEM|LINESIDE ELECTRONIC UNIT (LEU)|BALISE|Mulfuntioning during operation|WS20
INTERLOCKING SYSTEM|LINESIDE ELECTRONIC UNIT (LEU)|BALISE|Fan problem|WS20
INTERLOCKING SYSTEM|LINESIDE ELECTRONIC UNIT (LEU)|BALISE|Network switch issue|WS20
INTERLOCKING SYSTEM|LINESIDE ELECTRONIC UNIT (LEU)|BALISE|No power|WS20
INTERLOCKING SYSTEM|LINESIDE ELECTRONIC UNIT (LEU)|BALISE|Track invalid|WS20
INTERLOCKING SYSTEM|LINESIDE ELECTRONIC UNIT (LEU)|BALISE|Power supply broken / burst|WS20
INTERLOCKING SYSTEM|LINESIDE ELECTRONIC UNIT (LEU)|BALISE|Fiber cut|WS20
INTERLOCKING SYSTEM|LINESIDE ELECTRONIC UNIT (LEU)|BALISE|MESD alarm frequently occurs|WS20
INTERLOCKING SYSTEM|LINESIDE ELECTRONIC UNIT (LEU)|BALISE|Self-refresh due to system bugs|WS20
INTERLOCKING SYSTEM|LINESIDE ELECTRONIC UNIT (LEU)|BALISE|Converter korenix burnt|WS20
INTERLOCKING SYSTEM|LINESIDE ELECTRONIC UNIT (LEU)|TRAFFIC LIGHT|System intermittent|WS20
INTERLOCKING SYSTEM|LINESIDE ELECTRONIC UNIT (LEU)|TRAFFIC LIGHT|Fuse blow|WS20
INTERLOCKING SYSTEM|LINESIDE ELECTRONIC UNIT (LEU)|TRAFFIC LIGHT|Cable loose|WS20
INTERLOCKING SYSTEM|LINESIDE ELECTRONIC UNIT (LEU)|TRAFFIC LIGHT|Over voltage|WS20
INTERLOCKING SYSTEM|LINESIDE ELECTRONIC UNIT (LEU)|TRAFFIC LIGHT|Mulfuntioning during operation|WS20
INTERLOCKING SYSTEM|LINESIDE ELECTRONIC UNIT (LEU)|TRAFFIC LIGHT|Fan problem|WS20
INTERLOCKING SYSTEM|LINESIDE ELECTRONIC UNIT (LEU)|TRAFFIC LIGHT|Network switch issue|WS20
INTERLOCKING SYSTEM|LINESIDE ELECTRONIC UNIT (LEU)|TRAFFIC LIGHT|No power|WS20
INTERLOCKING SYSTEM|LINESIDE ELECTRONIC UNIT (LEU)|TRAFFIC LIGHT|Track invalid|WS20
INTERLOCKING SYSTEM|LINESIDE ELECTRONIC UNIT (LEU)|TRAFFIC LIGHT|Power supply broken / burst|WS20
INTERLOCKING SYSTEM|LINESIDE ELECTRONIC UNIT (LEU)|TRAFFIC LIGHT|Fiber cut|WS20
INTERLOCKING SYSTEM|LINESIDE ELECTRONIC UNIT (LEU)|TRAFFIC LIGHT|MESD alarm frequently occurs|WS20
INTERLOCKING SYSTEM|LINESIDE ELECTRONIC UNIT (LEU)|TRAFFIC LIGHT|Self-refresh due to system bugs|WS20
INTERLOCKING SYSTEM|LINESIDE ELECTRONIC UNIT (LEU)|TRAFFIC LIGHT|Converter korenix burnt|WS20
INTERLOCKING SYSTEM|LINESIDE ELECTRONIC UNIT (LEU)|TRAFFIC LIGHT|System intermittent|WS20
INTERLOCKING SYSTEM|LINESIDE ELECTRONIC UNIT (LEU)|TRAFFIC LIGHT|Fuse blow|WS20
INTERLOCKING SYSTEM|LINESIDE ELECTRONIC UNIT (LEU)|TRAFFIC LIGHT|Cable loose|WS20
INTERLOCKING SYSTEM|LINESIDE ELECTRONIC UNIT (LEU)|TRAFFIC LIGHT|Over voltage|WS20
INTERLOCKING SYSTEM|LINESIDE ELECTRONIC UNIT (LEU)|TRAFFIC LIGHT|Mulfuntioning during operation|WS20
INTERLOCKING SYSTEM|LINESIDE ELECTRONIC UNIT (LEU)|TRAFFIC LIGHT|Fan problem|WS20
INTERLOCKING SYSTEM|LINESIDE ELECTRONIC UNIT (LEU)|TRAFFIC LIGHT|Network switch issue|WS20
INTERLOCKING SYSTEM|LINESIDE ELECTRONIC UNIT (LEU)|TRAFFIC LIGHT|No power|WS20
INTERLOCKING SYSTEM|LINESIDE ELECTRONIC UNIT (LEU)|TRAFFIC LIGHT|Track invalid|WS20
INTERLOCKING SYSTEM|LINESIDE ELECTRONIC UNIT (LEU)|TRAFFIC LIGHT|Power supply broken / burst|WS20
INTERLOCKING SYSTEM|LINESIDE ELECTRONIC UNIT (LEU)|TRAFFIC LIGHT|Fiber cut|WS20
INTERLOCKING SYSTEM|LINESIDE ELECTRONIC UNIT (LEU)|TRAFFIC LIGHT|MESD alarm frequently occurs|WS20
INTERLOCKING SYSTEM|LINESIDE ELECTRONIC UNIT (LEU)|TRAFFIC LIGHT|Self-refresh due to system bugs|WS20
INTERLOCKING SYSTEM|LINESIDE ELECTRONIC UNIT (LEU)|TRAFFIC LIGHT|Converter korenix burnt|WS20
INTERLOCKING SYSTEM|LINESIDE ELECTRONIC UNIT (LEU)|TRAFFIC LIGHT|System intermittent|WS20
INTERLOCKING SYSTEM|LINESIDE ELECTRONIC UNIT (LEU)|TRAFFIC LIGHT|Fuse blow|WS20
INTERLOCKING SYSTEM|LINESIDE ELECTRONIC UNIT (LEU)|TRAFFIC LIGHT|Cable loose|WS20
INTERLOCKING SYSTEM|LINESIDE ELECTRONIC UNIT (LEU)|TRAFFIC LIGHT|Over voltage|WS20
INTERLOCKING SYSTEM|LINESIDE ELECTRONIC UNIT (LEU)|TRAFFIC LIGHT|Mulfuntioning during operation|WS20
INTERLOCKING SYSTEM|LINESIDE ELECTRONIC UNIT (LEU)|TRAFFIC LIGHT|Fan problem|WS20
INTERLOCKING SYSTEM|LINESIDE ELECTRONIC UNIT (LEU)|TRAFFIC LIGHT|Network switch issue|WS20
INTERLOCKING SYSTEM|LINESIDE ELECTRONIC UNIT (LEU)|TRAFFIC LIGHT|No power|WS20
INTERLOCKING SYSTEM|LINESIDE ELECTRONIC UNIT (LEU)|TRAFFIC LIGHT|Track invalid|WS20
INTERLOCKING SYSTEM|LINESIDE ELECTRONIC UNIT (LEU)|TRAFFIC LIGHT|Power supply broken / burst|WS20
INTERLOCKING SYSTEM|LINESIDE ELECTRONIC UNIT (LEU)|TRAFFIC LIGHT|Fiber cut|WS20
INTERLOCKING SYSTEM|LINESIDE ELECTRONIC UNIT (LEU)|TRAFFIC LIGHT|MESD alarm frequently occurs|WS20
INTERLOCKING SYSTEM|LINESIDE ELECTRONIC UNIT (LEU)|TRAFFIC LIGHT|Self-refresh due to system bugs|WS20
INTERLOCKING SYSTEM|LINESIDE ELECTRONIC UNIT (LEU)|TRAFFIC LIGHT|Converter korenix burnt|WS20
INTERLOCKING SYSTEM|KVM|KVM SWITCH|System intermittent|WS20
INTERLOCKING SYSTEM|KVM|KVM SWITCH|Fuse blow|WS20
INTERLOCKING SYSTEM|KVM|KVM SWITCH|Cable loose|WS20
INTERLOCKING SYSTEM|KVM|KVM SWITCH|Over voltage|WS20
INTERLOCKING SYSTEM|KVM|KVM SWITCH|Mulfuntioning during operation|WS20
INTERLOCKING SYSTEM|KVM|KVM SWITCH|Fan problem|WS20
INTERLOCKING SYSTEM|KVM|KVM SWITCH|Network switch issue|WS20
INTERLOCKING SYSTEM|KVM|KVM SWITCH|No power|WS20
INTERLOCKING SYSTEM|KVM|KVM SWITCH|Track invalid|WS20
INTERLOCKING SYSTEM|KVM|KVM SWITCH|Power supply broken / burst|WS20
INTERLOCKING SYSTEM|KVM|KVM SWITCH|Fiber cut|WS20
INTERLOCKING SYSTEM|KVM|KVM SWITCH|MESD alarm frequently occurs|WS20
INTERLOCKING SYSTEM|KVM|KVM SWITCH|Self-refresh due to system bugs|WS20
INTERLOCKING SYSTEM|KVM|KVM SWITCH|Converter korenix burnt|WS20
INTERLOCKING SYSTEM|Optical Fiber|Optical Distribution Frame (ODF)|System intermittent|WS20
INTERLOCKING SYSTEM|Optical Fiber|Optical Distribution Frame (ODF)|Fuse blow|WS20
INTERLOCKING SYSTEM|Optical Fiber|Optical Distribution Frame (ODF)|Cable loose|WS20
INTERLOCKING SYSTEM|Optical Fiber|Optical Distribution Frame (ODF)|Over voltage|WS20
INTERLOCKING SYSTEM|Optical Fiber|Optical Distribution Frame (ODF)|Mulfuntioning during operation|WS20
INTERLOCKING SYSTEM|Optical Fiber|Optical Distribution Frame (ODF)|Fan problem|WS20
INTERLOCKING SYSTEM|Optical Fiber|Optical Distribution Frame (ODF)|Network switch issue|WS20
INTERLOCKING SYSTEM|Optical Fiber|Optical Distribution Frame (ODF)|No power|WS20
INTERLOCKING SYSTEM|Optical Fiber|Optical Distribution Frame (ODF)|Track invalid|WS20
INTERLOCKING SYSTEM|Optical Fiber|Optical Distribution Frame (ODF)|Power supply broken / burst|WS20
INTERLOCKING SYSTEM|Optical Fiber|Optical Distribution Frame (ODF)|Fiber cut|WS20
INTERLOCKING SYSTEM|Optical Fiber|Optical Distribution Frame (ODF)|MESD alarm frequently occurs|WS20
INTERLOCKING SYSTEM|Optical Fiber|Optical Distribution Frame (ODF)|Self-refresh due to system bugs|WS20
INTERLOCKING SYSTEM|Optical Fiber|Optical Distribution Frame (ODF)|Converter korenix burnt|WS20
INTERLOCKING SYSTEM|Optical Fiber|Optical Distribution Frame (ODF)|System intermittent|WS20
INTERLOCKING SYSTEM|Optical Fiber|Optical Distribution Frame (ODF)|Fuse blow|WS20
INTERLOCKING SYSTEM|Optical Fiber|Optical Distribution Frame (ODF)|Cable loose|WS20
INTERLOCKING SYSTEM|Optical Fiber|Optical Distribution Frame (ODF)|Over voltage|WS20
INTERLOCKING SYSTEM|Optical Fiber|Optical Distribution Frame (ODF)|Mulfuntioning during operation|WS20
INTERLOCKING SYSTEM|Optical Fiber|Optical Distribution Frame (ODF)|Fan problem|WS20
INTERLOCKING SYSTEM|Optical Fiber|Optical Distribution Frame (ODF)|Network switch issue|WS20
INTERLOCKING SYSTEM|Optical Fiber|Optical Distribution Frame (ODF)|No power|WS20
INTERLOCKING SYSTEM|Optical Fiber|Optical Distribution Frame (ODF)|Track invalid|WS20
INTERLOCKING SYSTEM|Optical Fiber|Optical Distribution Frame (ODF)|Power supply broken / burst|WS20
INTERLOCKING SYSTEM|Optical Fiber|Optical Distribution Frame (ODF)|Fiber cut|WS20
INTERLOCKING SYSTEM|Optical Fiber|Optical Distribution Frame (ODF)|MESD alarm frequently occurs|WS20
INTERLOCKING SYSTEM|Optical Fiber|Optical Distribution Frame (ODF)|Self-refresh due to system bugs|WS20
INTERLOCKING SYSTEM|Optical Fiber|Optical Distribution Frame (ODF)|Converter korenix burnt|WS20
INTERLOCKING SYSTEM|Optical Fiber|Optical Distribution Frame (ODF)|System intermittent|WS20
INTERLOCKING SYSTEM|Optical Fiber|Optical Distribution Frame (ODF)|Fuse blow|WS20
INTERLOCKING SYSTEM|Optical Fiber|Optical Distribution Frame (ODF)|Cable loose|WS20
INTERLOCKING SYSTEM|Optical Fiber|Optical Distribution Frame (ODF)|Over voltage|WS20
INTERLOCKING SYSTEM|Optical Fiber|Optical Distribution Frame (ODF)|Mulfuntioning during operation|WS20
INTERLOCKING SYSTEM|Optical Fiber|Optical Distribution Frame (ODF)|Fan problem|WS20
INTERLOCKING SYSTEM|Optical Fiber|Optical Distribution Frame (ODF)|Network switch issue|WS20
INTERLOCKING SYSTEM|Optical Fiber|Optical Distribution Frame (ODF)|No power|WS20
INTERLOCKING SYSTEM|Optical Fiber|Optical Distribution Frame (ODF)|Track invalid|WS20
INTERLOCKING SYSTEM|Optical Fiber|Optical Distribution Frame (ODF)|Power supply broken / burst|WS20
INTERLOCKING SYSTEM|Optical Fiber|Optical Distribution Frame (ODF)|Fiber cut|WS20
INTERLOCKING SYSTEM|Optical Fiber|Optical Distribution Frame (ODF)|MESD alarm frequently occurs|WS20
INTERLOCKING SYSTEM|Optical Fiber|Optical Distribution Frame (ODF)|Self-refresh due to system bugs|WS20
INTERLOCKING SYSTEM|Optical Fiber|Optical Distribution Frame (ODF)|Converter korenix burnt|WS20
INTERLOCKING SYSTEM|Optical Fiber|Optical Distribution Frame (ODF)|System intermittent|WS20
INTERLOCKING SYSTEM|Optical Fiber|Optical Distribution Frame (ODF)|Fuse blow|WS20
INTERLOCKING SYSTEM|Optical Fiber|Optical Distribution Frame (ODF)|Cable loose|WS20
INTERLOCKING SYSTEM|Optical Fiber|Optical Distribution Frame (ODF)|Over voltage|WS20
INTERLOCKING SYSTEM|Optical Fiber|Optical Distribution Frame (ODF)|Mulfuntioning during operation|WS20
INTERLOCKING SYSTEM|Optical Fiber|Optical Distribution Frame (ODF)|Fan problem|WS20
INTERLOCKING SYSTEM|Optical Fiber|Optical Distribution Frame (ODF)|Network switch issue|WS20
INTERLOCKING SYSTEM|Optical Fiber|Optical Distribution Frame (ODF)|No power|WS20
INTERLOCKING SYSTEM|Optical Fiber|Optical Distribution Frame (ODF)|Track invalid|WS20
INTERLOCKING SYSTEM|Optical Fiber|Optical Distribution Frame (ODF)|Power supply broken / burst|WS20
INTERLOCKING SYSTEM|Optical Fiber|Optical Distribution Frame (ODF)|Fiber cut|WS20
INTERLOCKING SYSTEM|Optical Fiber|Optical Distribution Frame (ODF)|MESD alarm frequently occurs|WS20
INTERLOCKING SYSTEM|Optical Fiber|Optical Distribution Frame (ODF)|Self-refresh due to system bugs|WS20
INTERLOCKING SYSTEM|Optical Fiber|Optical Distribution Frame (ODF)|Converter korenix burnt|WS20
INTERLOCKING SYSTEM|Optical Fiber|Optical Distribution Frame (ODF)|System intermittent|WS20
INTERLOCKING SYSTEM|Optical Fiber|Optical Distribution Frame (ODF)|Fuse blow|WS20
INTERLOCKING SYSTEM|Optical Fiber|Optical Distribution Frame (ODF)|Cable loose|WS20
INTERLOCKING SYSTEM|Optical Fiber|Optical Distribution Frame (ODF)|Over voltage|WS20
INTERLOCKING SYSTEM|Optical Fiber|Optical Distribution Frame (ODF)|Mulfuntioning during operation|WS20
INTERLOCKING SYSTEM|Optical Fiber|Optical Distribution Frame (ODF)|Fan problem|WS20
INTERLOCKING SYSTEM|Optical Fiber|Optical Distribution Frame (ODF)|Network switch issue|WS20
INTERLOCKING SYSTEM|Optical Fiber|Optical Distribution Frame (ODF)|No power|WS20
INTERLOCKING SYSTEM|Optical Fiber|Optical Distribution Frame (ODF)|Track invalid|WS20
INTERLOCKING SYSTEM|Optical Fiber|Optical Distribution Frame (ODF)|Power supply broken / burst|WS20
INTERLOCKING SYSTEM|Optical Fiber|Optical Distribution Frame (ODF)|Fiber cut|WS20
INTERLOCKING SYSTEM|Optical Fiber|Optical Distribution Frame (ODF)|MESD alarm frequently occurs|WS20
INTERLOCKING SYSTEM|Optical Fiber|Optical Distribution Frame (ODF)|Self-refresh due to system bugs|WS20
INTERLOCKING SYSTEM|Optical Fiber|Optical Distribution Frame (ODF)|Converter korenix burnt|WS20
INTERLOCKING SYSTEM|Optical Fiber|Optical Distribution Frame (ODF)|System intermittent|WS20
INTERLOCKING SYSTEM|Optical Fiber|Optical Distribution Frame (ODF)|Fuse blow|WS20
INTERLOCKING SYSTEM|Optical Fiber|Optical Distribution Frame (ODF)|Cable loose|WS20
INTERLOCKING SYSTEM|Optical Fiber|Optical Distribution Frame (ODF)|Over voltage|WS20
INTERLOCKING SYSTEM|Optical Fiber|Optical Distribution Frame (ODF)|Mulfuntioning during operation|WS20
INTERLOCKING SYSTEM|Optical Fiber|Optical Distribution Frame (ODF)|Fan problem|WS20
INTERLOCKING SYSTEM|Optical Fiber|Optical Distribution Frame (ODF)|Network switch issue|WS20
INTERLOCKING SYSTEM|Optical Fiber|Optical Distribution Frame (ODF)|No power|WS20
INTERLOCKING SYSTEM|Optical Fiber|Optical Distribution Frame (ODF)|Track invalid|WS20
INTERLOCKING SYSTEM|Optical Fiber|Optical Distribution Frame (ODF)|Power supply broken / burst|WS20
INTERLOCKING SYSTEM|Optical Fiber|Optical Distribution Frame (ODF)|Fiber cut|WS20
INTERLOCKING SYSTEM|Optical Fiber|Optical Distribution Frame (ODF)|MESD alarm frequently occurs|WS20
INTERLOCKING SYSTEM|Optical Fiber|Optical Distribution Frame (ODF)|Self-refresh due to system bugs|WS20
INTERLOCKING SYSTEM|Optical Fiber|Optical Distribution Frame (ODF)|Converter korenix burnt|WS20
INTERLOCKING SYSTEM|MESD|LSC|System intermittent|WS20
INTERLOCKING SYSTEM|MESD|LSC|Fuse blow|WS20
INTERLOCKING SYSTEM|MESD|LSC|Cable loose|WS20
INTERLOCKING SYSTEM|MESD|LSC|Over voltage|WS20
INTERLOCKING SYSTEM|MESD|LSC|Mulfuntioning during operation|WS20
INTERLOCKING SYSTEM|MESD|LSC|Fan problem|WS20
INTERLOCKING SYSTEM|MESD|LSC|Network switch issue|WS20
INTERLOCKING SYSTEM|MESD|LSC|No power|WS20
INTERLOCKING SYSTEM|MESD|LSC|Track invalid|WS20
INTERLOCKING SYSTEM|MESD|LSC|Power supply broken / burst|WS20
INTERLOCKING SYSTEM|MESD|LSC|Fiber cut|WS20
INTERLOCKING SYSTEM|MESD|LSC|MESD alarm frequently occurs|WS20
INTERLOCKING SYSTEM|MESD|LSC|Self-refresh due to system bugs|WS20
INTERLOCKING SYSTEM|MESD|LSC|Converter korenix burnt|WS20
INTERLOCKING SYSTEM|HIMA MATRIX|POWER SUPPLY UNIT|System intermittent|WS20
INTERLOCKING SYSTEM|HIMA MATRIX|POWER SUPPLY UNIT|Fuse blow|WS20
INTERLOCKING SYSTEM|HIMA MATRIX|POWER SUPPLY UNIT|Cable loose|WS20
INTERLOCKING SYSTEM|HIMA MATRIX|POWER SUPPLY UNIT|Over voltage|WS20
INTERLOCKING SYSTEM|HIMA MATRIX|POWER SUPPLY UNIT|Mulfuntioning during operation|WS20
INTERLOCKING SYSTEM|HIMA MATRIX|POWER SUPPLY UNIT|Fan problem|WS20
INTERLOCKING SYSTEM|HIMA MATRIX|POWER SUPPLY UNIT|Network switch issue|WS20
INTERLOCKING SYSTEM|HIMA MATRIX|POWER SUPPLY UNIT|No power|WS20
INTERLOCKING SYSTEM|HIMA MATRIX|POWER SUPPLY UNIT|Track invalid|WS20
INTERLOCKING SYSTEM|HIMA MATRIX|POWER SUPPLY UNIT|Power supply broken / burst|WS20
INTERLOCKING SYSTEM|HIMA MATRIX|POWER SUPPLY UNIT|Fiber cut|WS20
INTERLOCKING SYSTEM|HIMA MATRIX|POWER SUPPLY UNIT|MESD alarm frequently occurs|WS20
INTERLOCKING SYSTEM|HIMA MATRIX|POWER SUPPLY UNIT|Self-refresh due to system bugs|WS20
INTERLOCKING SYSTEM|HIMA MATRIX|POWER SUPPLY UNIT|Converter korenix burnt|WS20
INTERLOCKING SYSTEM|HIMA MATRIX|Power Supply Unit card|System intermittent|WS20
INTERLOCKING SYSTEM|HIMA MATRIX|Power Supply Unit card|Fuse blow|WS20
INTERLOCKING SYSTEM|HIMA MATRIX|Power Supply Unit card|Cable loose|WS20
INTERLOCKING SYSTEM|HIMA MATRIX|Power Supply Unit card|Over voltage|WS20
INTERLOCKING SYSTEM|HIMA MATRIX|Power Supply Unit card|Mulfuntioning during operation|WS20
INTERLOCKING SYSTEM|HIMA MATRIX|Power Supply Unit card|Fan problem|WS20
INTERLOCKING SYSTEM|HIMA MATRIX|Power Supply Unit card|Network switch issue|WS20
INTERLOCKING SYSTEM|HIMA MATRIX|Power Supply Unit card|No power|WS20
INTERLOCKING SYSTEM|HIMA MATRIX|Power Supply Unit card|Track invalid|WS20
INTERLOCKING SYSTEM|HIMA MATRIX|Power Supply Unit card|Power supply broken / burst|WS20
INTERLOCKING SYSTEM|HIMA MATRIX|Power Supply Unit card|Fiber cut|WS20
INTERLOCKING SYSTEM|HIMA MATRIX|Power Supply Unit card|MESD alarm frequently occurs|WS20
INTERLOCKING SYSTEM|HIMA MATRIX|Power Supply Unit card|Self-refresh due to system bugs|WS20
INTERLOCKING SYSTEM|HIMA MATRIX|Power Supply Unit card|Converter korenix burnt|WS20
INTERLOCKING SYSTEM|HIMA MATRIX|CPU Card|System intermittent|WS20
INTERLOCKING SYSTEM|HIMA MATRIX|CPU Card|Fuse blow|WS20
INTERLOCKING SYSTEM|HIMA MATRIX|CPU Card|Cable loose|WS20
INTERLOCKING SYSTEM|HIMA MATRIX|CPU Card|Over voltage|WS20
INTERLOCKING SYSTEM|HIMA MATRIX|CPU Card|Mulfuntioning during operation|WS20
INTERLOCKING SYSTEM|HIMA MATRIX|CPU Card|Fan problem|WS20
INTERLOCKING SYSTEM|HIMA MATRIX|CPU Card|Network switch issue|WS20
INTERLOCKING SYSTEM|HIMA MATRIX|CPU Card|No power|WS20
INTERLOCKING SYSTEM|HIMA MATRIX|CPU Card|Track invalid|WS20
INTERLOCKING SYSTEM|HIMA MATRIX|CPU Card|Power supply broken / burst|WS20
INTERLOCKING SYSTEM|HIMA MATRIX|CPU Card|Fiber cut|WS20
INTERLOCKING SYSTEM|HIMA MATRIX|CPU Card|MESD alarm frequently occurs|WS20
INTERLOCKING SYSTEM|HIMA MATRIX|CPU Card|Self-refresh due to system bugs|WS20
INTERLOCKING SYSTEM|HIMA MATRIX|CPU Card|Converter korenix burnt|WS20
INTERLOCKING SYSTEM|HIMA MATRIX|Digital Input Card 32|System intermittent|WS20
INTERLOCKING SYSTEM|HIMA MATRIX|Digital Input Card 32|Fuse blow|WS20
INTERLOCKING SYSTEM|HIMA MATRIX|Digital Input Card 32|Cable loose|WS20
INTERLOCKING SYSTEM|HIMA MATRIX|Digital Input Card 32|Over voltage|WS20
INTERLOCKING SYSTEM|HIMA MATRIX|Digital Input Card 32|Mulfuntioning during operation|WS20
INTERLOCKING SYSTEM|HIMA MATRIX|Digital Input Card 32|Fan problem|WS20
INTERLOCKING SYSTEM|HIMA MATRIX|Digital Input Card 32|Network switch issue|WS20
INTERLOCKING SYSTEM|HIMA MATRIX|Digital Input Card 32|No power|WS20
INTERLOCKING SYSTEM|HIMA MATRIX|Digital Input Card 32|Track invalid|WS20
INTERLOCKING SYSTEM|HIMA MATRIX|Digital Input Card 32|Power supply broken / burst|WS20
INTERLOCKING SYSTEM|HIMA MATRIX|Digital Input Card 32|Fiber cut|WS20
INTERLOCKING SYSTEM|HIMA MATRIX|Digital Input Card 32|MESD alarm frequently occurs|WS20
INTERLOCKING SYSTEM|HIMA MATRIX|Digital Input Card 32|Self-refresh due to system bugs|WS20
INTERLOCKING SYSTEM|HIMA MATRIX|Digital Input Card 32|Converter korenix burnt|WS20
INTERLOCKING SYSTEM|HIMA MATRIX|Digital Input / Output Card 24/16|System intermittent|WS20
INTERLOCKING SYSTEM|HIMA MATRIX|Digital Input / Output Card 24/16|Fuse blow|WS20
INTERLOCKING SYSTEM|HIMA MATRIX|Digital Input / Output Card 24/16|Cable loose|WS20
INTERLOCKING SYSTEM|HIMA MATRIX|Digital Input / Output Card 24/16|Over voltage|WS20
INTERLOCKING SYSTEM|HIMA MATRIX|Digital Input / Output Card 24/16|Mulfuntioning during operation|WS20
INTERLOCKING SYSTEM|HIMA MATRIX|Digital Input / Output Card 24/16|Fan problem|WS20
INTERLOCKING SYSTEM|HIMA MATRIX|Digital Input / Output Card 24/16|Network switch issue|WS20
INTERLOCKING SYSTEM|HIMA MATRIX|Digital Input / Output Card 24/16|No power|WS20
INTERLOCKING SYSTEM|HIMA MATRIX|Digital Input / Output Card 24/16|Track invalid|WS20
INTERLOCKING SYSTEM|HIMA MATRIX|Digital Input / Output Card 24/16|Power supply broken / burst|WS20
INTERLOCKING SYSTEM|HIMA MATRIX|Digital Input / Output Card 24/16|Fiber cut|WS20
INTERLOCKING SYSTEM|HIMA MATRIX|Digital Input / Output Card 24/16|MESD alarm frequently occurs|WS20
INTERLOCKING SYSTEM|HIMA MATRIX|Digital Input / Output Card 24/16|Self-refresh due to system bugs|WS20
INTERLOCKING SYSTEM|HIMA MATRIX|Digital Input / Output Card 24/16|Converter korenix burnt|WS20
INTERLOCKING SYSTEM|HIMA MATRIX|Safety Relay|System intermittent|WS20
INTERLOCKING SYSTEM|HIMA MATRIX|Safety Relay|Fuse blow|WS20
INTERLOCKING SYSTEM|HIMA MATRIX|Safety Relay|Cable loose|WS20
INTERLOCKING SYSTEM|HIMA MATRIX|Safety Relay|Over voltage|WS20
INTERLOCKING SYSTEM|HIMA MATRIX|Safety Relay|Mulfuntioning during operation|WS20
INTERLOCKING SYSTEM|HIMA MATRIX|Safety Relay|Fan problem|WS20
INTERLOCKING SYSTEM|HIMA MATRIX|Safety Relay|Network switch issue|WS20
INTERLOCKING SYSTEM|HIMA MATRIX|Safety Relay|No power|WS20
INTERLOCKING SYSTEM|HIMA MATRIX|Safety Relay|Track invalid|WS20
INTERLOCKING SYSTEM|HIMA MATRIX|Safety Relay|Power supply broken / burst|WS20
INTERLOCKING SYSTEM|HIMA MATRIX|Safety Relay|Fiber cut|WS20
INTERLOCKING SYSTEM|HIMA MATRIX|Safety Relay|MESD alarm frequently occurs|WS20
INTERLOCKING SYSTEM|HIMA MATRIX|Safety Relay|Self-refresh due to system bugs|WS20
INTERLOCKING SYSTEM|HIMA MATRIX|Safety Relay|Converter korenix burnt|WS20
INTERLOCKING SYSTEM|HIMA MATRIX|Non Safety Relay|System intermittent|WS20
INTERLOCKING SYSTEM|HIMA MATRIX|Non Safety Relay|Fuse blow|WS20
INTERLOCKING SYSTEM|HIMA MATRIX|Non Safety Relay|Cable loose|WS20
INTERLOCKING SYSTEM|HIMA MATRIX|Non Safety Relay|Over voltage|WS20
INTERLOCKING SYSTEM|HIMA MATRIX|Non Safety Relay|Mulfuntioning during operation|WS20
INTERLOCKING SYSTEM|HIMA MATRIX|Non Safety Relay|Fan problem|WS20
INTERLOCKING SYSTEM|HIMA MATRIX|Non Safety Relay|Network switch issue|WS20
INTERLOCKING SYSTEM|HIMA MATRIX|Non Safety Relay|No power|WS20
INTERLOCKING SYSTEM|HIMA MATRIX|Non Safety Relay|Track invalid|WS20
INTERLOCKING SYSTEM|HIMA MATRIX|Non Safety Relay|Power supply broken / burst|WS20
INTERLOCKING SYSTEM|HIMA MATRIX|Non Safety Relay|Fiber cut|WS20
INTERLOCKING SYSTEM|HIMA MATRIX|Non Safety Relay|MESD alarm frequently occurs|WS20
INTERLOCKING SYSTEM|HIMA MATRIX|Non Safety Relay|Self-refresh due to system bugs|WS20
INTERLOCKING SYSTEM|HIMA MATRIX|Non Safety Relay|Converter korenix burnt|WS20
INTERLOCKING SYSTEM|HIMA MATRIX|RELAY|System intermittent|WS20
INTERLOCKING SYSTEM|HIMA MATRIX|RELAY|Fuse blow|WS20
INTERLOCKING SYSTEM|HIMA MATRIX|RELAY|Cable loose|WS20
INTERLOCKING SYSTEM|HIMA MATRIX|RELAY|Over voltage|WS20
INTERLOCKING SYSTEM|HIMA MATRIX|RELAY|Mulfuntioning during operation|WS20
INTERLOCKING SYSTEM|HIMA MATRIX|RELAY|Fan problem|WS20
INTERLOCKING SYSTEM|HIMA MATRIX|RELAY|Network switch issue|WS20
INTERLOCKING SYSTEM|HIMA MATRIX|RELAY|No power|WS20
INTERLOCKING SYSTEM|HIMA MATRIX|RELAY|Track invalid|WS20
INTERLOCKING SYSTEM|HIMA MATRIX|RELAY|Power supply broken / burst|WS20
INTERLOCKING SYSTEM|HIMA MATRIX|RELAY|Fiber cut|WS20
INTERLOCKING SYSTEM|HIMA MATRIX|RELAY|MESD alarm frequently occurs|WS20
INTERLOCKING SYSTEM|HIMA MATRIX|RELAY|Self-refresh due to system bugs|WS20
INTERLOCKING SYSTEM|HIMA MATRIX|RELAY|Converter korenix burnt|WS20
INTERLOCKING SYSTEM|HIMA MATRIX|EARTH LEAKAGE DETECTOR|System intermittent|WS20
INTERLOCKING SYSTEM|HIMA MATRIX|EARTH LEAKAGE DETECTOR|Fuse blow|WS20
INTERLOCKING SYSTEM|HIMA MATRIX|EARTH LEAKAGE DETECTOR|Cable loose|WS20
INTERLOCKING SYSTEM|HIMA MATRIX|EARTH LEAKAGE DETECTOR|Over voltage|WS20
INTERLOCKING SYSTEM|HIMA MATRIX|EARTH LEAKAGE DETECTOR|Mulfuntioning during operation|WS20
INTERLOCKING SYSTEM|HIMA MATRIX|EARTH LEAKAGE DETECTOR|Fan problem|WS20
INTERLOCKING SYSTEM|HIMA MATRIX|EARTH LEAKAGE DETECTOR|Network switch issue|WS20
INTERLOCKING SYSTEM|HIMA MATRIX|EARTH LEAKAGE DETECTOR|No power|WS20
INTERLOCKING SYSTEM|HIMA MATRIX|EARTH LEAKAGE DETECTOR|Track invalid|WS20
INTERLOCKING SYSTEM|HIMA MATRIX|EARTH LEAKAGE DETECTOR|Power supply broken / burst|WS20
INTERLOCKING SYSTEM|HIMA MATRIX|EARTH LEAKAGE DETECTOR|Fiber cut|WS20
INTERLOCKING SYSTEM|HIMA MATRIX|EARTH LEAKAGE DETECTOR|MESD alarm frequently occurs|WS20
INTERLOCKING SYSTEM|HIMA MATRIX|EARTH LEAKAGE DETECTOR|Self-refresh due to system bugs|WS20
INTERLOCKING SYSTEM|HIMA MATRIX|EARTH LEAKAGE DETECTOR|Converter korenix burnt|WS20
CTC System|KVM Switch|Power Adapter|System intermittent|WS20
CTC System|KVM Switch|Power Adapter|Network cable loose|WS20
CTC System|KVM Switch|Power Adapter|Cable RJ45 problem|WS20
CTC System|KVM Switch|Power Adapter|Power cable loose|WS20
CTC System|KVM Switch|Power Adapter|Power supply faulty|WS20
CTC System|KVM Switch|Power Adapter|Self-refresh due to system bugs|WS20
CTC System|KVM Switch|Power Adapter|TNB power failure|WS20
CTC System|KVM Switch|Power Adapter|Train TAG problem|WS20
CTC System|KVM Switch|Power Adapter|Surge arrestor problem|WS20
CTC System|KVM Switch|Power Adapter|Fiber optic problem|WS20
CTC System|KVM Switch|Power Adapter|Power adapter issue|WS20
CTC System|KVM Switch|Power Adapter|KVM converter issue|WS20
CTC System|KVM Switch|Power Adapter|Power adapter problem|WS20
CTC System|KVM Switch|Power Adapter|VGA cable loose|WS20
CTC System|KVM Switch|Power Adapter|No power|WS20
CTC System|KVM Switch|KVM converter|System intermittent|WS20
CTC System|KVM Switch|KVM converter|Network cable loose|WS20
CTC System|KVM Switch|KVM converter|Cable RJ45 problem|WS20
CTC System|KVM Switch|KVM converter|Power cable loose|WS20
CTC System|KVM Switch|KVM converter|Power supply faulty|WS20
CTC System|KVM Switch|KVM converter|Self-refresh due to system bugs|WS20
CTC System|KVM Switch|KVM converter|TNB power failure|WS20
CTC System|KVM Switch|KVM converter|Train TAG problem|WS20
CTC System|KVM Switch|KVM converter|Surge arrestor problem|WS20
CTC System|KVM Switch|KVM converter|Fiber optic problem|WS20
CTC System|KVM Switch|KVM converter|Power adapter issue|WS20
CTC System|KVM Switch|KVM converter|KVM converter issue|WS20
CTC System|KVM Switch|KVM converter|Power adapter problem|WS20
CTC System|KVM Switch|KVM converter|VGA cable loose|WS20
CTC System|KVM Switch|KVM converter|No power|WS20
CTC System|KVM Switch|KVM converter CTC Backup|System intermittent|WS20
CTC System|KVM Switch|KVM converter CTC Backup|Network cable loose|WS20
CTC System|KVM Switch|KVM converter CTC Backup|Cable RJ45 problem|WS20
CTC System|KVM Switch|KVM converter CTC Backup|Power cable loose|WS20
CTC System|KVM Switch|KVM converter CTC Backup|Power supply faulty|WS20
CTC System|KVM Switch|KVM converter CTC Backup|Self-refresh due to system bugs|WS20
CTC System|KVM Switch|KVM converter CTC Backup|TNB power failure|WS20
CTC System|KVM Switch|KVM converter CTC Backup|Train TAG problem|WS20
CTC System|KVM Switch|KVM converter CTC Backup|Surge arrestor problem|WS20
CTC System|KVM Switch|KVM converter CTC Backup|Fiber optic problem|WS20
CTC System|KVM Switch|KVM converter CTC Backup|Power adapter issue|WS20
CTC System|KVM Switch|KVM converter CTC Backup|KVM converter issue|WS20
CTC System|KVM Switch|KVM converter CTC Backup|Power adapter problem|WS20
CTC System|KVM Switch|KVM converter CTC Backup|VGA cable loose|WS20
CTC System|KVM Switch|KVM converter CTC Backup|No power|WS20
CTC System|KVM Switch|Network Cable|System intermittent|WS20
CTC System|KVM Switch|Network Cable|Network cable loose|WS20
CTC System|KVM Switch|Network Cable|Cable RJ45 problem|WS20
CTC System|KVM Switch|Network Cable|Power cable loose|WS20
CTC System|KVM Switch|Network Cable|Power supply faulty|WS20
CTC System|KVM Switch|Network Cable|Self-refresh due to system bugs|WS20
CTC System|KVM Switch|Network Cable|TNB power failure|WS20
CTC System|KVM Switch|Network Cable|Train TAG problem|WS20
CTC System|KVM Switch|Network Cable|Surge arrestor problem|WS20
CTC System|KVM Switch|Network Cable|Fiber optic problem|WS20
CTC System|KVM Switch|Network Cable|Power adapter issue|WS20
CTC System|KVM Switch|Network Cable|KVM converter issue|WS20
CTC System|KVM Switch|Network Cable|Power adapter problem|WS20
CTC System|KVM Switch|Network Cable|VGA cable loose|WS20
CTC System|KVM Switch|Network Cable|No power|WS20
CTC System|KVM Switch|VGA Cable|System intermittent|WS20
CTC System|KVM Switch|VGA Cable|Network cable loose|WS20
CTC System|KVM Switch|VGA Cable|Cable RJ45 problem|WS20
CTC System|KVM Switch|VGA Cable|Power cable loose|WS20
CTC System|KVM Switch|VGA Cable|Power supply faulty|WS20
CTC System|KVM Switch|VGA Cable|Self-refresh due to system bugs|WS20
CTC System|KVM Switch|VGA Cable|TNB power failure|WS20
CTC System|KVM Switch|VGA Cable|Train TAG problem|WS20
CTC System|KVM Switch|VGA Cable|Surge arrestor problem|WS20
CTC System|KVM Switch|VGA Cable|Fiber optic problem|WS20
CTC System|KVM Switch|VGA Cable|Power adapter issue|WS20
CTC System|KVM Switch|VGA Cable|KVM converter issue|WS20
CTC System|KVM Switch|VGA Cable|Power adapter problem|WS20
CTC System|KVM Switch|VGA Cable|VGA cable loose|WS20
CTC System|KVM Switch|VGA Cable|No power|WS20
CTC System|VGA Converter to DVI|VGA Cable|System intermittent|WS20
CTC System|VGA Converter to DVI|VGA Cable|Network cable loose|WS20
CTC System|VGA Converter to DVI|VGA Cable|Cable RJ45 problem|WS20
CTC System|VGA Converter to DVI|VGA Cable|Power cable loose|WS20
CTC System|VGA Converter to DVI|VGA Cable|Power supply faulty|WS20
CTC System|VGA Converter to DVI|VGA Cable|Self-refresh due to system bugs|WS20
CTC System|VGA Converter to DVI|VGA Cable|TNB power failure|WS20
CTC System|VGA Converter to DVI|VGA Cable|Train TAG problem|WS20
CTC System|VGA Converter to DVI|VGA Cable|Surge arrestor problem|WS20
CTC System|VGA Converter to DVI|VGA Cable|Fiber optic problem|WS20
CTC System|VGA Converter to DVI|VGA Cable|Power adapter issue|WS20
CTC System|VGA Converter to DVI|VGA Cable|KVM converter issue|WS20
CTC System|VGA Converter to DVI|VGA Cable|Power adapter problem|WS20
CTC System|VGA Converter to DVI|VGA Cable|VGA cable loose|WS20
CTC System|VGA Converter to DVI|VGA Cable|No power|WS20
CTC System|VGA Converter to DVI|Power Adapter|System intermittent|WS20
CTC System|VGA Converter to DVI|Power Adapter|Network cable loose|WS20
CTC System|VGA Converter to DVI|Power Adapter|Cable RJ45 problem|WS20
CTC System|VGA Converter to DVI|Power Adapter|Power cable loose|WS20
CTC System|VGA Converter to DVI|Power Adapter|Power supply faulty|WS20
CTC System|VGA Converter to DVI|Power Adapter|Self-refresh due to system bugs|WS20
CTC System|VGA Converter to DVI|Power Adapter|TNB power failure|WS20
CTC System|VGA Converter to DVI|Power Adapter|Train TAG problem|WS20
CTC System|VGA Converter to DVI|Power Adapter|Surge arrestor problem|WS20
CTC System|VGA Converter to DVI|Power Adapter|Fiber optic problem|WS20
CTC System|VGA Converter to DVI|Power Adapter|Power adapter issue|WS20
CTC System|VGA Converter to DVI|Power Adapter|KVM converter issue|WS20
CTC System|VGA Converter to DVI|Power Adapter|Power adapter problem|WS20
CTC System|VGA Converter to DVI|Power Adapter|VGA cable loose|WS20
CTC System|VGA Converter to DVI|Power Adapter|No power|WS20
CTC System|KVM Extender Received|Power Adapter|System intermittent|WS20
CTC System|KVM Extender Received|Power Adapter|Network cable loose|WS20
CTC System|KVM Extender Received|Power Adapter|Cable RJ45 problem|WS20
CTC System|KVM Extender Received|Power Adapter|Power cable loose|WS20
CTC System|KVM Extender Received|Power Adapter|Power supply faulty|WS20
CTC System|KVM Extender Received|Power Adapter|Self-refresh due to system bugs|WS20
CTC System|KVM Extender Received|Power Adapter|TNB power failure|WS20
CTC System|KVM Extender Received|Power Adapter|Train TAG problem|WS20
CTC System|KVM Extender Received|Power Adapter|Surge arrestor problem|WS20
CTC System|KVM Extender Received|Power Adapter|Fiber optic problem|WS20
CTC System|KVM Extender Received|Power Adapter|Power adapter issue|WS20
CTC System|KVM Extender Received|Power Adapter|KVM converter issue|WS20
CTC System|KVM Extender Received|Power Adapter|Power adapter problem|WS20
CTC System|KVM Extender Received|Power Adapter|VGA cable loose|WS20
CTC System|KVM Extender Received|Power Adapter|No power|WS20
CTC System|KVM Extender Received|Power Adapter|System intermittent|WS20
CTC System|KVM Extender Received|Power Adapter|Network cable loose|WS20
CTC System|KVM Extender Received|Power Adapter|Cable RJ45 problem|WS20
CTC System|KVM Extender Received|Power Adapter|Power cable loose|WS20
CTC System|KVM Extender Received|Power Adapter|Power supply faulty|WS20
CTC System|KVM Extender Received|Power Adapter|Self-refresh due to system bugs|WS20
CTC System|KVM Extender Received|Power Adapter|TNB power failure|WS20
CTC System|KVM Extender Received|Power Adapter|Train TAG problem|WS20
CTC System|KVM Extender Received|Power Adapter|Surge arrestor problem|WS20
CTC System|KVM Extender Received|Power Adapter|Fiber optic problem|WS20
CTC System|KVM Extender Received|Power Adapter|Power adapter issue|WS20
CTC System|KVM Extender Received|Power Adapter|KVM converter issue|WS20
CTC System|KVM Extender Received|Power Adapter|Power adapter problem|WS20
CTC System|KVM Extender Received|Power Adapter|VGA cable loose|WS20
CTC System|KVM Extender Received|Power Adapter|No power|WS20
CTC System|KVM Extender Received|Power Adapter|System intermittent|WS20
CTC System|KVM Extender Received|Power Adapter|Network cable loose|WS20
CTC System|KVM Extender Received|Power Adapter|Cable RJ45 problem|WS20
CTC System|KVM Extender Received|Power Adapter|Power cable loose|WS20
CTC System|KVM Extender Received|Power Adapter|Power supply faulty|WS20
CTC System|KVM Extender Received|Power Adapter|Self-refresh due to system bugs|WS20
CTC System|KVM Extender Received|Power Adapter|TNB power failure|WS20
CTC System|KVM Extender Received|Power Adapter|Train TAG problem|WS20
CTC System|KVM Extender Received|Power Adapter|Surge arrestor problem|WS20
CTC System|KVM Extender Received|Power Adapter|Fiber optic problem|WS20
CTC System|KVM Extender Received|Power Adapter|Power adapter issue|WS20
CTC System|KVM Extender Received|Power Adapter|KVM converter issue|WS20
CTC System|KVM Extender Received|Power Adapter|Power adapter problem|WS20
CTC System|KVM Extender Received|Power Adapter|VGA cable loose|WS20
CTC System|KVM Extender Received|Power Adapter|No power|WS20
CTC System|KVM Extender Received|Power Adapter|System intermittent|WS20
CTC System|KVM Extender Received|Power Adapter|Network cable loose|WS20
CTC System|KVM Extender Received|Power Adapter|Cable RJ45 problem|WS20
CTC System|KVM Extender Received|Power Adapter|Power cable loose|WS20
CTC System|KVM Extender Received|Power Adapter|Power supply faulty|WS20
CTC System|KVM Extender Received|Power Adapter|Self-refresh due to system bugs|WS20
CTC System|KVM Extender Received|Power Adapter|TNB power failure|WS20
CTC System|KVM Extender Received|Power Adapter|Train TAG problem|WS20
CTC System|KVM Extender Received|Power Adapter|Surge arrestor problem|WS20
CTC System|KVM Extender Received|Power Adapter|Fiber optic problem|WS20
CTC System|KVM Extender Received|Power Adapter|Power adapter issue|WS20
CTC System|KVM Extender Received|Power Adapter|KVM converter issue|WS20
CTC System|KVM Extender Received|Power Adapter|Power adapter problem|WS20
CTC System|KVM Extender Received|Power Adapter|VGA cable loose|WS20
CTC System|KVM Extender Received|Power Adapter|No power|WS20
CTC System|KVM Extender Received|Network Cable|System intermittent|WS20
CTC System|KVM Extender Received|Network Cable|Network cable loose|WS20
CTC System|KVM Extender Received|Network Cable|Cable RJ45 problem|WS20
CTC System|KVM Extender Received|Network Cable|Power cable loose|WS20
CTC System|KVM Extender Received|Network Cable|Power supply faulty|WS20
CTC System|KVM Extender Received|Network Cable|Self-refresh due to system bugs|WS20
CTC System|KVM Extender Received|Network Cable|TNB power failure|WS20
CTC System|KVM Extender Received|Network Cable|Train TAG problem|WS20
CTC System|KVM Extender Received|Network Cable|Surge arrestor problem|WS20
CTC System|KVM Extender Received|Network Cable|Fiber optic problem|WS20
CTC System|KVM Extender Received|Network Cable|Power adapter issue|WS20
CTC System|KVM Extender Received|Network Cable|KVM converter issue|WS20
CTC System|KVM Extender Received|Network Cable|Power adapter problem|WS20
CTC System|KVM Extender Received|Network Cable|VGA cable loose|WS20
CTC System|KVM Extender Received|Network Cable|No power|WS20
CTC System|KVM Extender Received|KVM Cable Converter|System intermittent|WS20
CTC System|KVM Extender Received|KVM Cable Converter|Network cable loose|WS20
CTC System|KVM Extender Received|KVM Cable Converter|Cable RJ45 problem|WS20
CTC System|KVM Extender Received|KVM Cable Converter|Power cable loose|WS20
CTC System|KVM Extender Received|KVM Cable Converter|Power supply faulty|WS20
CTC System|KVM Extender Received|KVM Cable Converter|Self-refresh due to system bugs|WS20
CTC System|KVM Extender Received|KVM Cable Converter|TNB power failure|WS20
CTC System|KVM Extender Received|KVM Cable Converter|Train TAG problem|WS20
CTC System|KVM Extender Received|KVM Cable Converter|Surge arrestor problem|WS20
CTC System|KVM Extender Received|KVM Cable Converter|Fiber optic problem|WS20
CTC System|KVM Extender Received|KVM Cable Converter|Power adapter issue|WS20
CTC System|KVM Extender Received|KVM Cable Converter|KVM converter issue|WS20
CTC System|KVM Extender Received|KVM Cable Converter|Power adapter problem|WS20
CTC System|KVM Extender Received|KVM Cable Converter|VGA cable loose|WS20
CTC System|KVM Extender Received|KVM Cable Converter|No power|WS20
CTC System|Optical Fiber|Fiber Patch Cord Cable|System intermittent|WS20
CTC System|Optical Fiber|Fiber Patch Cord Cable|Network cable loose|WS20
CTC System|Optical Fiber|Fiber Patch Cord Cable|Cable RJ45 problem|WS20
CTC System|Optical Fiber|Fiber Patch Cord Cable|Power cable loose|WS20
CTC System|Optical Fiber|Fiber Patch Cord Cable|Power supply faulty|WS20
CTC System|Optical Fiber|Fiber Patch Cord Cable|Self-refresh due to system bugs|WS20
CTC System|Optical Fiber|Fiber Patch Cord Cable|TNB power failure|WS20
CTC System|Optical Fiber|Fiber Patch Cord Cable|Train TAG problem|WS20
CTC System|Optical Fiber|Fiber Patch Cord Cable|Surge arrestor problem|WS20
CTC System|Optical Fiber|Fiber Patch Cord Cable|Fiber optic problem|WS20
CTC System|Optical Fiber|Fiber Patch Cord Cable|Power adapter issue|WS20
CTC System|Optical Fiber|Fiber Patch Cord Cable|KVM converter issue|WS20
CTC System|Optical Fiber|Fiber Patch Cord Cable|Power adapter problem|WS20
CTC System|Optical Fiber|Fiber Patch Cord Cable|VGA cable loose|WS20
CTC System|Optical Fiber|Fiber Patch Cord Cable|No power|WS20
CTC System|Electrical Fuse|Fiber Patch Cord Cable|System intermittent|WS20
CTC System|Electrical Fuse|Fiber Patch Cord Cable|Network cable loose|WS20
CTC System|Electrical Fuse|Fiber Patch Cord Cable|Cable RJ45 problem|WS20
CTC System|Electrical Fuse|Fiber Patch Cord Cable|Power cable loose|WS20
CTC System|Electrical Fuse|Fiber Patch Cord Cable|Power supply faulty|WS20
CTC System|Electrical Fuse|Fiber Patch Cord Cable|Self-refresh due to system bugs|WS20
CTC System|Electrical Fuse|Fiber Patch Cord Cable|TNB power failure|WS20
CTC System|Electrical Fuse|Fiber Patch Cord Cable|Train TAG problem|WS20
CTC System|Electrical Fuse|Fiber Patch Cord Cable|Surge arrestor problem|WS20
CTC System|Electrical Fuse|Fiber Patch Cord Cable|Fiber optic problem|WS20
CTC System|Electrical Fuse|Fiber Patch Cord Cable|Power adapter issue|WS20
CTC System|Electrical Fuse|Fiber Patch Cord Cable|KVM converter issue|WS20
CTC System|Electrical Fuse|Fiber Patch Cord Cable|Power adapter problem|WS20
CTC System|Electrical Fuse|Fiber Patch Cord Cable|VGA cable loose|WS20
CTC System|Electrical Fuse|Fiber Patch Cord Cable|No power|WS20
CTC System|Power Supply|Power CTC Rack|System intermittent|WS20
CTC System|Power Supply|Power CTC Rack|Network cable loose|WS20
CTC System|Power Supply|Power CTC Rack|Cable RJ45 problem|WS20
CTC System|Power Supply|Power CTC Rack|Power cable loose|WS20
CTC System|Power Supply|Power CTC Rack|Power supply faulty|WS20
CTC System|Power Supply|Power CTC Rack|Self-refresh due to system bugs|WS20
CTC System|Power Supply|Power CTC Rack|TNB power failure|WS20
CTC System|Power Supply|Power CTC Rack|Train TAG problem|WS20
CTC System|Power Supply|Power CTC Rack|Surge arrestor problem|WS20
CTC System|Power Supply|Power CTC Rack|Fiber optic problem|WS20
CTC System|Power Supply|Power CTC Rack|Power adapter issue|WS20
CTC System|Power Supply|Power CTC Rack|KVM converter issue|WS20
CTC System|Power Supply|Power CTC Rack|Power adapter problem|WS20
CTC System|Power Supply|Power CTC Rack|VGA cable loose|WS20
CTC System|Power Supply|Power CTC Rack|No power|WS20
CTS|OTN50|OPEN TRANSPORT NETWORK (N5024C)|System intermittent|WS20
CTS|OTN50|OPEN TRANSPORT NETWORK (N5024C)|OTN failures|WS20
CTS|OTN50|OPEN TRANSPORT NETWORK (N5024C)|SFP error|WS20
CTS|OTN50|OPEN TRANSPORT NETWORK (N5024C)|No connection|WS20
CTS|OTN50|OPEN TRANSPORT NETWORK (N5024C)|Fibre issue|WS20
CTS|OTN50|OPEN TRANSPORT NETWORK (N5024C)|Pig tail crack|WS20
CTS|OTN50|OPEN TRANSPORT NETWORK (N5024C)|Module card mulfunction|WS20
CTS|OTN50|OPEN TRANSPORT NETWORK (N5024C)|SFP problem|WS20
CTS|OTN50|OPEN TRANSPORT NETWORK (N5024C)|No power|WS20
CTS|OTN50|OPEN TRANSPORT NETWORK (N5024C)|Cable connection loose|WS20
CTS|OTN50|OPEN TRANSPORT NETWORK (N5024C)|System intermittent|WS20
CTS|OTN50|OPEN TRANSPORT NETWORK (N5024C)|OTN failures|WS20
CTS|OTN50|OPEN TRANSPORT NETWORK (N5024C)|SFP error|WS20
CTS|OTN50|OPEN TRANSPORT NETWORK (N5024C)|No connection|WS20
CTS|OTN50|OPEN TRANSPORT NETWORK (N5024C)|Fibre issue|WS20
CTS|OTN50|OPEN TRANSPORT NETWORK (N5024C)|Pig tail crack|WS20
CTS|OTN50|OPEN TRANSPORT NETWORK (N5024C)|Module card mulfunction|WS20
CTS|OTN50|OPEN TRANSPORT NETWORK (N5024C)|SFP problem|WS20
CTS|OTN50|OPEN TRANSPORT NETWORK (N5024C)|No power|WS20
CTS|OTN50|OPEN TRANSPORT NETWORK (N5024C)|Cable connection loose|WS20
CTS|OTN50|OPEN TRANSPORT NETWORK (N5024C)|System intermittent|WS20
CTS|OTN50|OPEN TRANSPORT NETWORK (N5024C)|OTN failures|WS20
CTS|OTN50|OPEN TRANSPORT NETWORK (N5024C)|SFP error|WS20
CTS|OTN50|OPEN TRANSPORT NETWORK (N5024C)|No connection|WS20
CTS|OTN50|OPEN TRANSPORT NETWORK (N5024C)|Fibre issue|WS20
CTS|OTN50|OPEN TRANSPORT NETWORK (N5024C)|Pig tail crack|WS20
CTS|OTN50|OPEN TRANSPORT NETWORK (N5024C)|Module card mulfunction|WS20
CTS|OTN50|OPEN TRANSPORT NETWORK (N5024C)|SFP problem|WS20
CTS|OTN50|OPEN TRANSPORT NETWORK (N5024C)|No power|WS20
CTS|OTN50|OPEN TRANSPORT NETWORK (N5024C)|Cable connection loose|WS20
CTS|OTN50|OPEN TRANSPORT NETWORK (N5024C)|System intermittent|WS20
CTS|OTN50|OPEN TRANSPORT NETWORK (N5024C)|OTN failures|WS20
CTS|OTN50|OPEN TRANSPORT NETWORK (N5024C)|SFP error|WS20
CTS|OTN50|OPEN TRANSPORT NETWORK (N5024C)|No connection|WS20
CTS|OTN50|OPEN TRANSPORT NETWORK (N5024C)|Fibre issue|WS20
CTS|OTN50|OPEN TRANSPORT NETWORK (N5024C)|Pig tail crack|WS20
CTS|OTN50|OPEN TRANSPORT NETWORK (N5024C)|Module card mulfunction|WS20
CTS|OTN50|OPEN TRANSPORT NETWORK (N5024C)|SFP problem|WS20
CTS|OTN50|OPEN TRANSPORT NETWORK (N5024C)|No power|WS20
CTS|OTN50|OPEN TRANSPORT NETWORK (N5024C)|Cable connection loose|WS20
CTS|OTN50|OPEN TRANSPORT NETWORK (N5024C)|System intermittent|WS20
CTS|OTN50|OPEN TRANSPORT NETWORK (N5024C)|OTN failures|WS20
CTS|OTN50|OPEN TRANSPORT NETWORK (N5024C)|SFP error|WS20
CTS|OTN50|OPEN TRANSPORT NETWORK (N5024C)|No connection|WS20
CTS|OTN50|OPEN TRANSPORT NETWORK (N5024C)|Fibre issue|WS20
CTS|OTN50|OPEN TRANSPORT NETWORK (N5024C)|Pig tail crack|WS20
CTS|OTN50|OPEN TRANSPORT NETWORK (N5024C)|Module card mulfunction|WS20
CTS|OTN50|OPEN TRANSPORT NETWORK (N5024C)|SFP problem|WS20
CTS|OTN50|OPEN TRANSPORT NETWORK (N5024C)|No power|WS20
CTS|OTN50|OPEN TRANSPORT NETWORK (N5024C)|Cable connection loose|WS20
CTS|OTN50|OPEN TRANSPORT NETWORK (N5024C)|System intermittent|WS20
CTS|OTN50|OPEN TRANSPORT NETWORK (N5024C)|OTN failures|WS20
CTS|OTN50|OPEN TRANSPORT NETWORK (N5024C)|SFP error|WS20
CTS|OTN50|OPEN TRANSPORT NETWORK (N5024C)|No connection|WS20
CTS|OTN50|OPEN TRANSPORT NETWORK (N5024C)|Fibre issue|WS20
CTS|OTN50|OPEN TRANSPORT NETWORK (N5024C)|Pig tail crack|WS20
CTS|OTN50|OPEN TRANSPORT NETWORK (N5024C)|Module card mulfunction|WS20
CTS|OTN50|OPEN TRANSPORT NETWORK (N5024C)|SFP problem|WS20
CTS|OTN50|OPEN TRANSPORT NETWORK (N5024C)|No power|WS20
CTS|OTN50|OPEN TRANSPORT NETWORK (N5024C)|Cable connection loose|WS20
CTS|OTN50|OPEN TRANSPORT NETWORK (N5024C)|System intermittent|WS20
CTS|OTN50|OPEN TRANSPORT NETWORK (N5024C)|OTN failures|WS20
CTS|OTN50|OPEN TRANSPORT NETWORK (N5024C)|SFP error|WS20
CTS|OTN50|OPEN TRANSPORT NETWORK (N5024C)|No connection|WS20
CTS|OTN50|OPEN TRANSPORT NETWORK (N5024C)|Fibre issue|WS20
CTS|OTN50|OPEN TRANSPORT NETWORK (N5024C)|Pig tail crack|WS20
CTS|OTN50|OPEN TRANSPORT NETWORK (N5024C)|Module card mulfunction|WS20
CTS|OTN50|OPEN TRANSPORT NETWORK (N5024C)|SFP problem|WS20
CTS|OTN50|OPEN TRANSPORT NETWORK (N5024C)|No power|WS20
CTS|OTN50|OPEN TRANSPORT NETWORK (N5024C)|Cable connection loose|WS20
CTS|OTN50|OPEN TRANSPORT NETWORK (N5024C)|System intermittent|WS20
CTS|OTN50|OPEN TRANSPORT NETWORK (N5024C)|OTN failures|WS20
CTS|OTN50|OPEN TRANSPORT NETWORK (N5024C)|SFP error|WS20
CTS|OTN50|OPEN TRANSPORT NETWORK (N5024C)|No connection|WS20
CTS|OTN50|OPEN TRANSPORT NETWORK (N5024C)|Fibre issue|WS20
CTS|OTN50|OPEN TRANSPORT NETWORK (N5024C)|Pig tail crack|WS20
CTS|OTN50|OPEN TRANSPORT NETWORK (N5024C)|Module card mulfunction|WS20
CTS|OTN50|OPEN TRANSPORT NETWORK (N5024C)|SFP problem|WS20
CTS|OTN50|OPEN TRANSPORT NETWORK (N5024C)|No power|WS20
CTS|OTN50|OPEN TRANSPORT NETWORK (N5024C)|Cable connection loose|WS20
CTS|OPTIX HUAWEI 1800V (OSN)|SDH|System intermittent|WS20
CTS|OPTIX HUAWEI 1800V (OSN)|SDH|OTN failures|WS20
CTS|OPTIX HUAWEI 1800V (OSN)|SDH|SFP error|WS20
CTS|OPTIX HUAWEI 1800V (OSN)|SDH|No connection|WS20
CTS|OPTIX HUAWEI 1800V (OSN)|SDH|Fibre issue|WS20
CTS|OPTIX HUAWEI 1800V (OSN)|SDH|Pig tail crack|WS20
CTS|OPTIX HUAWEI 1800V (OSN)|SDH|Module card mulfunction|WS20
CTS|OPTIX HUAWEI 1800V (OSN)|SDH|SFP problem|WS20
CTS|OPTIX HUAWEI 1800V (OSN)|SDH|No power|WS20
CTS|OPTIX HUAWEI 1800V (OSN)|SDH|Cable connection loose|WS20
CTS|OPTIX HUAWEI 1800V (OSN)|SDH|System intermittent|WS20
CTS|OPTIX HUAWEI 1800V (OSN)|SDH|OTN failures|WS20
CTS|OPTIX HUAWEI 1800V (OSN)|SDH|SFP error|WS20
CTS|OPTIX HUAWEI 1800V (OSN)|SDH|No connection|WS20
CTS|OPTIX HUAWEI 1800V (OSN)|SDH|Fibre issue|WS20
CTS|OPTIX HUAWEI 1800V (OSN)|SDH|Pig tail crack|WS20
CTS|OPTIX HUAWEI 1800V (OSN)|SDH|Module card mulfunction|WS20
CTS|OPTIX HUAWEI 1800V (OSN)|SDH|SFP problem|WS20
CTS|OPTIX HUAWEI 1800V (OSN)|SDH|No power|WS20
CTS|OPTIX HUAWEI 1800V (OSN)|SDH|Cable connection loose|WS20
CTS|OPTIX HUAWEI 1800V (OSN)|SDH|System intermittent|WS20
CTS|OPTIX HUAWEI 1800V (OSN)|SDH|OTN failures|WS20
CTS|OPTIX HUAWEI 1800V (OSN)|SDH|SFP error|WS20
CTS|OPTIX HUAWEI 1800V (OSN)|SDH|No connection|WS20
CTS|OPTIX HUAWEI 1800V (OSN)|SDH|Fibre issue|WS20
CTS|OPTIX HUAWEI 1800V (OSN)|SDH|Pig tail crack|WS20
CTS|OPTIX HUAWEI 1800V (OSN)|SDH|Module card mulfunction|WS20
CTS|OPTIX HUAWEI 1800V (OSN)|SDH|SFP problem|WS20
CTS|OPTIX HUAWEI 1800V (OSN)|SDH|No power|WS20
CTS|OPTIX HUAWEI 1800V (OSN)|SDH|Cable connection loose|WS20
CTS|OPTIX HUAWEI 1800V (OSN)|SDH|System intermittent|WS20
CTS|OPTIX HUAWEI 1800V (OSN)|SDH|OTN failures|WS20
CTS|OPTIX HUAWEI 1800V (OSN)|SDH|SFP error|WS20
CTS|OPTIX HUAWEI 1800V (OSN)|SDH|No connection|WS20
CTS|OPTIX HUAWEI 1800V (OSN)|SDH|Fibre issue|WS20
CTS|OPTIX HUAWEI 1800V (OSN)|SDH|Pig tail crack|WS20
CTS|OPTIX HUAWEI 1800V (OSN)|SDH|Module card mulfunction|WS20
CTS|OPTIX HUAWEI 1800V (OSN)|SDH|SFP problem|WS20
CTS|OPTIX HUAWEI 1800V (OSN)|SDH|No power|WS20
CTS|OPTIX HUAWEI 1800V (OSN)|SDH|Cable connection loose|WS20
CTS|OPTIX HUAWEI 1800V (OSN)|SDH|System intermittent|WS20
CTS|OPTIX HUAWEI 1800V (OSN)|SDH|OTN failures|WS20
CTS|OPTIX HUAWEI 1800V (OSN)|SDH|SFP error|WS20
CTS|OPTIX HUAWEI 1800V (OSN)|SDH|No connection|WS20
CTS|OPTIX HUAWEI 1800V (OSN)|SDH|Fibre issue|WS20
CTS|OPTIX HUAWEI 1800V (OSN)|SDH|Pig tail crack|WS20
CTS|OPTIX HUAWEI 1800V (OSN)|SDH|Module card mulfunction|WS20
CTS|OPTIX HUAWEI 1800V (OSN)|SDH|SFP problem|WS20
CTS|OPTIX HUAWEI 1800V (OSN)|SDH|No power|WS20
CTS|OPTIX HUAWEI 1800V (OSN)|SDH|Cable connection loose|WS20
CTS|OPTIX HUAWEI 1800V (OSN)|SDH|System intermittent|WS20
CTS|OPTIX HUAWEI 1800V (OSN)|SDH|OTN failures|WS20
CTS|OPTIX HUAWEI 1800V (OSN)|SDH|SFP error|WS20
CTS|OPTIX HUAWEI 1800V (OSN)|SDH|No connection|WS20
CTS|OPTIX HUAWEI 1800V (OSN)|SDH|Fibre issue|WS20
CTS|OPTIX HUAWEI 1800V (OSN)|SDH|Pig tail crack|WS20
CTS|OPTIX HUAWEI 1800V (OSN)|SDH|Module card mulfunction|WS20
CTS|OPTIX HUAWEI 1800V (OSN)|SDH|SFP problem|WS20
CTS|OPTIX HUAWEI 1800V (OSN)|SDH|No power|WS20
CTS|OPTIX HUAWEI 1800V (OSN)|SDH|Cable connection loose|WS20
CTS|OPTIX HUAWEI 1800V (OSN)|SDH|System intermittent|WS20
CTS|OPTIX HUAWEI 1800V (OSN)|SDH|OTN failures|WS20
CTS|OPTIX HUAWEI 1800V (OSN)|SDH|SFP error|WS20
CTS|OPTIX HUAWEI 1800V (OSN)|SDH|No connection|WS20
CTS|OPTIX HUAWEI 1800V (OSN)|SDH|Fibre issue|WS20
CTS|OPTIX HUAWEI 1800V (OSN)|SDH|Pig tail crack|WS20
CTS|OPTIX HUAWEI 1800V (OSN)|SDH|Module card mulfunction|WS20
CTS|OPTIX HUAWEI 1800V (OSN)|SDH|SFP problem|WS20
CTS|OPTIX HUAWEI 1800V (OSN)|SDH|No power|WS20
CTS|OPTIX HUAWEI 1800V (OSN)|SDH|Cable connection loose|WS20
CTS|OPTIX HUAWEI 1800V (OSN)|SDH|System intermittent|WS20
CTS|OPTIX HUAWEI 1800V (OSN)|SDH|OTN failures|WS20
CTS|OPTIX HUAWEI 1800V (OSN)|SDH|SFP error|WS20
CTS|OPTIX HUAWEI 1800V (OSN)|SDH|No connection|WS20
CTS|OPTIX HUAWEI 1800V (OSN)|SDH|Fibre issue|WS20
CTS|OPTIX HUAWEI 1800V (OSN)|SDH|Pig tail crack|WS20
CTS|OPTIX HUAWEI 1800V (OSN)|SDH|Module card mulfunction|WS20
CTS|OPTIX HUAWEI 1800V (OSN)|SDH|SFP problem|WS20
CTS|OPTIX HUAWEI 1800V (OSN)|SDH|No power|WS20
CTS|OPTIX HUAWEI 1800V (OSN)|SDH|Cable connection loose|WS20
CTS|OPTIX HUAWEI 1800V (OSN)|SDH|System intermittent|WS20
CTS|OPTIX HUAWEI 1800V (OSN)|SDH|OTN failures|WS20
CTS|OPTIX HUAWEI 1800V (OSN)|SDH|SFP error|WS20
CTS|OPTIX HUAWEI 1800V (OSN)|SDH|No connection|WS20
CTS|OPTIX HUAWEI 1800V (OSN)|SDH|Fibre issue|WS20
CTS|OPTIX HUAWEI 1800V (OSN)|SDH|Pig tail crack|WS20
CTS|OPTIX HUAWEI 1800V (OSN)|SDH|Module card mulfunction|WS20
CTS|OPTIX HUAWEI 1800V (OSN)|SDH|SFP problem|WS20
CTS|OPTIX HUAWEI 1800V (OSN)|SDH|No power|WS20
CTS|OPTIX HUAWEI 1800V (OSN)|SDH|Cable connection loose|WS20
CTS|OPTIX HUAWEI 1800V (OSN)|SDH|System intermittent|WS20
CTS|OPTIX HUAWEI 1800V (OSN)|SDH|OTN failures|WS20
CTS|OPTIX HUAWEI 1800V (OSN)|SDH|SFP error|WS20
CTS|OPTIX HUAWEI 1800V (OSN)|SDH|No connection|WS20
CTS|OPTIX HUAWEI 1800V (OSN)|SDH|Fibre issue|WS20
CTS|OPTIX HUAWEI 1800V (OSN)|SDH|Pig tail crack|WS20
CTS|OPTIX HUAWEI 1800V (OSN)|SDH|Module card mulfunction|WS20
CTS|OPTIX HUAWEI 1800V (OSN)|SDH|SFP problem|WS20
CTS|OPTIX HUAWEI 1800V (OSN)|SDH|No power|WS20
CTS|OPTIX HUAWEI 1800V (OSN)|SDH|Cable connection loose|WS20
CTS|OPTIX HUAWEI 1800V (OSN)|SDH|System intermittent|WS20
CTS|OPTIX HUAWEI 1800V (OSN)|SDH|OTN failures|WS20
CTS|OPTIX HUAWEI 1800V (OSN)|SDH|SFP error|WS20
CTS|OPTIX HUAWEI 1800V (OSN)|SDH|No connection|WS20
CTS|OPTIX HUAWEI 1800V (OSN)|SDH|Fibre issue|WS20
CTS|OPTIX HUAWEI 1800V (OSN)|SDH|Pig tail crack|WS20
CTS|OPTIX HUAWEI 1800V (OSN)|SDH|Module card mulfunction|WS20
CTS|OPTIX HUAWEI 1800V (OSN)|SDH|SFP problem|WS20
CTS|OPTIX HUAWEI 1800V (OSN)|SDH|No power|WS20
CTS|OPTIX HUAWEI 1800V (OSN)|SDH|Cable connection loose|WS20
CTS|OPTIX HUAWEI 1800V (OSN)|SDH|System intermittent|WS20
CTS|OPTIX HUAWEI 1800V (OSN)|SDH|OTN failures|WS20
CTS|OPTIX HUAWEI 1800V (OSN)|SDH|SFP error|WS20
CTS|OPTIX HUAWEI 1800V (OSN)|SDH|No connection|WS20
CTS|OPTIX HUAWEI 1800V (OSN)|SDH|Fibre issue|WS20
CTS|OPTIX HUAWEI 1800V (OSN)|SDH|Pig tail crack|WS20
CTS|OPTIX HUAWEI 1800V (OSN)|SDH|Module card mulfunction|WS20
CTS|OPTIX HUAWEI 1800V (OSN)|SDH|SFP problem|WS20
CTS|OPTIX HUAWEI 1800V (OSN)|SDH|No power|WS20
CTS|OPTIX HUAWEI 1800V (OSN)|SDH|Cable connection loose|WS20
CTS|OPTIX HUAWEI 1800V (OSN)|SDH|System intermittent|WS20
CTS|OPTIX HUAWEI 1800V (OSN)|SDH|OTN failures|WS20
CTS|OPTIX HUAWEI 1800V (OSN)|SDH|SFP error|WS20
CTS|OPTIX HUAWEI 1800V (OSN)|SDH|No connection|WS20
CTS|OPTIX HUAWEI 1800V (OSN)|SDH|Fibre issue|WS20
CTS|OPTIX HUAWEI 1800V (OSN)|SDH|Pig tail crack|WS20
CTS|OPTIX HUAWEI 1800V (OSN)|SDH|Module card mulfunction|WS20
CTS|OPTIX HUAWEI 1800V (OSN)|SDH|SFP problem|WS20
CTS|OPTIX HUAWEI 1800V (OSN)|SDH|No power|WS20
CTS|OPTIX HUAWEI 1800V (OSN)|SDH|Cable connection loose|WS20
CTS|OPTIX HUAWEI 1800V (OSN)|SDH|System intermittent|WS20
CTS|OPTIX HUAWEI 1800V (OSN)|SDH|OTN failures|WS20
CTS|OPTIX HUAWEI 1800V (OSN)|SDH|SFP error|WS20
CTS|OPTIX HUAWEI 1800V (OSN)|SDH|No connection|WS20
CTS|OPTIX HUAWEI 1800V (OSN)|SDH|Fibre issue|WS20
CTS|OPTIX HUAWEI 1800V (OSN)|SDH|Pig tail crack|WS20
CTS|OPTIX HUAWEI 1800V (OSN)|SDH|Module card mulfunction|WS20
CTS|OPTIX HUAWEI 1800V (OSN)|SDH|SFP problem|WS20
CTS|OPTIX HUAWEI 1800V (OSN)|SDH|No power|WS20
CTS|OPTIX HUAWEI 1800V (OSN)|SDH|Cable connection loose|WS20
CTS|OPTIX HUAWEI 1800V (OSN)|SDH|System intermittent|WS20
CTS|OPTIX HUAWEI 1800V (OSN)|SDH|OTN failures|WS20
CTS|OPTIX HUAWEI 1800V (OSN)|SDH|SFP error|WS20
CTS|OPTIX HUAWEI 1800V (OSN)|SDH|No connection|WS20
CTS|OPTIX HUAWEI 1800V (OSN)|SDH|Fibre issue|WS20
CTS|OPTIX HUAWEI 1800V (OSN)|SDH|Pig tail crack|WS20
CTS|OPTIX HUAWEI 1800V (OSN)|SDH|Module card mulfunction|WS20
CTS|OPTIX HUAWEI 1800V (OSN)|SDH|SFP problem|WS20
CTS|OPTIX HUAWEI 1800V (OSN)|SDH|No power|WS20
CTS|OPTIX HUAWEI 1800V (OSN)|SDH|Cable connection loose|WS20
CTS|OPTIX HUAWEI 1800V (OSN)|SDH|System intermittent|WS20
CTS|OPTIX HUAWEI 1800V (OSN)|SDH|OTN failures|WS20
CTS|OPTIX HUAWEI 1800V (OSN)|SDH|SFP error|WS20
CTS|OPTIX HUAWEI 1800V (OSN)|SDH|No connection|WS20
CTS|OPTIX HUAWEI 1800V (OSN)|SDH|Fibre issue|WS20
CTS|OPTIX HUAWEI 1800V (OSN)|SDH|Pig tail crack|WS20
CTS|OPTIX HUAWEI 1800V (OSN)|SDH|Module card mulfunction|WS20
CTS|OPTIX HUAWEI 1800V (OSN)|SDH|SFP problem|WS20
CTS|OPTIX HUAWEI 1800V (OSN)|SDH|No power|WS20
CTS|OPTIX HUAWEI 1800V (OSN)|SDH|Cable connection loose|WS20
CLOSE CIRCUIT TELEVISION (CCTV)|MONITOR CSO|CONVERTER HDMI|B&C connector loose|WS20
CLOSE CIRCUIT TELEVISION (CCTV)|MONITOR CSO|CONVERTER HDMI|Camera problem|WS20
CLOSE CIRCUIT TELEVISION (CCTV)|MONITOR CSO|CONVERTER HDMI|DVR hang|WS20
CLOSE CIRCUIT TELEVISION (CCTV)|MONITOR CSO|CONVERTER HDMI|No power|WS20
CLOSE CIRCUIT TELEVISION (CCTV)|MONITOR CSO|CONVERTER HDMI|Cover box crack /open|WS20
CLOSE CIRCUIT TELEVISION (CCTV)|MONITOR CSO|CONVERTER HDMI|Cable hangging|WS20
CLOSE CIRCUIT TELEVISION (CCTV)|MONITOR CSO|CONVERTER HDMI|Monitor blank|WS20
CLOSE CIRCUIT TELEVISION (CCTV)|MONITOR CSO|CONVERTER HDMI|Power supply problem|WS20
CLOSE CIRCUIT TELEVISION (CCTV)|MONITOR CSO|CONVERTER HDMI|Converter HDMI loose|WS20
CLOSE CIRCUIT TELEVISION (CCTV)|MONITOR CSO|CONVERTER HDMI|Conventer VGA loose|WS20
CLOSE CIRCUIT TELEVISION (CCTV)|MONITOR CSO|CONVERTER HDMI|Power cable pulled off|WS20
CLOSE CIRCUIT TELEVISION (CCTV)|MONITOR CSO|CONVERTER HDMI|Overheating|WS20
CLOSE CIRCUIT TELEVISION (CCTV)|MONITOR CSO|CONVERTER HDMI|Outdated firmware on DVR|WS20
CLOSE CIRCUIT TELEVISION (CCTV)|MONITOR CSO|CONVERTER HDMI|MATRIX hang|WS20
CLOSE CIRCUIT TELEVISION (CCTV)|MONITOR CSO|CONVERTER VGA|B&C connector loose|WS20
CLOSE CIRCUIT TELEVISION (CCTV)|MONITOR CSO|CONVERTER VGA|Camera problem|WS20
CLOSE CIRCUIT TELEVISION (CCTV)|MONITOR CSO|CONVERTER VGA|DVR hang|WS20
CLOSE CIRCUIT TELEVISION (CCTV)|MONITOR CSO|CONVERTER VGA|No power|WS20
CLOSE CIRCUIT TELEVISION (CCTV)|MONITOR CSO|CONVERTER VGA|Cover box crack /open|WS20
CLOSE CIRCUIT TELEVISION (CCTV)|MONITOR CSO|CONVERTER VGA|Cable hangging|WS20
CLOSE CIRCUIT TELEVISION (CCTV)|MONITOR CSO|CONVERTER VGA|Monitor blank|WS20
CLOSE CIRCUIT TELEVISION (CCTV)|MONITOR CSO|CONVERTER VGA|Power supply problem|WS20
CLOSE CIRCUIT TELEVISION (CCTV)|MONITOR CSO|CONVERTER VGA|Converter HDMI loose|WS20
CLOSE CIRCUIT TELEVISION (CCTV)|MONITOR CSO|CONVERTER VGA|Conventer VGA loose|WS20
CLOSE CIRCUIT TELEVISION (CCTV)|MONITOR CSO|CONVERTER VGA|Power cable pulled off|WS20
CLOSE CIRCUIT TELEVISION (CCTV)|MONITOR CSO|CONVERTER VGA|Overheating|WS20
CLOSE CIRCUIT TELEVISION (CCTV)|MONITOR CSO|CONVERTER VGA|Outdated firmware on DVR|WS20
CLOSE CIRCUIT TELEVISION (CCTV)|MONITOR CSO|CONVERTER VGA|MATRIX hang|WS20
CLOSE CIRCUIT TELEVISION (CCTV)|MONITOR CSO|RCA CONNECTOR|B&C connector loose|WS20
CLOSE CIRCUIT TELEVISION (CCTV)|MONITOR CSO|RCA CONNECTOR|Camera problem|WS20
CLOSE CIRCUIT TELEVISION (CCTV)|MONITOR CSO|RCA CONNECTOR|DVR hang|WS20
CLOSE CIRCUIT TELEVISION (CCTV)|MONITOR CSO|RCA CONNECTOR|No power|WS20
CLOSE CIRCUIT TELEVISION (CCTV)|MONITOR CSO|RCA CONNECTOR|Cover box crack /open|WS20
CLOSE CIRCUIT TELEVISION (CCTV)|MONITOR CSO|RCA CONNECTOR|Cable hangging|WS20
CLOSE CIRCUIT TELEVISION (CCTV)|MONITOR CSO|RCA CONNECTOR|Monitor blank|WS20
CLOSE CIRCUIT TELEVISION (CCTV)|MONITOR CSO|RCA CONNECTOR|Power supply problem|WS20
CLOSE CIRCUIT TELEVISION (CCTV)|MONITOR CSO|RCA CONNECTOR|Converter HDMI loose|WS20
CLOSE CIRCUIT TELEVISION (CCTV)|MONITOR CSO|RCA CONNECTOR|Conventer VGA loose|WS20
CLOSE CIRCUIT TELEVISION (CCTV)|MONITOR CSO|RCA CONNECTOR|Power cable pulled off|WS20
CLOSE CIRCUIT TELEVISION (CCTV)|MONITOR CSO|RCA CONNECTOR|Overheating|WS20
CLOSE CIRCUIT TELEVISION (CCTV)|MONITOR CSO|RCA CONNECTOR|Outdated firmware on DVR|WS20
CLOSE CIRCUIT TELEVISION (CCTV)|MONITOR CSO|RCA CONNECTOR|MATRIX hang|WS20
CLOSE CIRCUIT TELEVISION (CCTV)|MONITOR CSO|POWER ADAPTER CONVERTER MONITOR|B&C connector loose|WS20
CLOSE CIRCUIT TELEVISION (CCTV)|MONITOR CSO|POWER ADAPTER CONVERTER MONITOR|Camera problem|WS20
CLOSE CIRCUIT TELEVISION (CCTV)|MONITOR CSO|POWER ADAPTER CONVERTER MONITOR|DVR hang|WS20
CLOSE CIRCUIT TELEVISION (CCTV)|MONITOR CSO|POWER ADAPTER CONVERTER MONITOR|No power|WS20
CLOSE CIRCUIT TELEVISION (CCTV)|MONITOR CSO|POWER ADAPTER CONVERTER MONITOR|Cover box crack /open|WS20
CLOSE CIRCUIT TELEVISION (CCTV)|MONITOR CSO|POWER ADAPTER CONVERTER MONITOR|Cable hangging|WS20
CLOSE CIRCUIT TELEVISION (CCTV)|MONITOR CSO|POWER ADAPTER CONVERTER MONITOR|Monitor blank|WS20
CLOSE CIRCUIT TELEVISION (CCTV)|MONITOR CSO|POWER ADAPTER CONVERTER MONITOR|Power supply problem|WS20
CLOSE CIRCUIT TELEVISION (CCTV)|MONITOR CSO|POWER ADAPTER CONVERTER MONITOR|Converter HDMI loose|WS20
CLOSE CIRCUIT TELEVISION (CCTV)|MONITOR CSO|POWER ADAPTER CONVERTER MONITOR|Conventer VGA loose|WS20
CLOSE CIRCUIT TELEVISION (CCTV)|MONITOR CSO|POWER ADAPTER CONVERTER MONITOR|Power cable pulled off|WS20
CLOSE CIRCUIT TELEVISION (CCTV)|MONITOR CSO|POWER ADAPTER CONVERTER MONITOR|Overheating|WS20
CLOSE CIRCUIT TELEVISION (CCTV)|MONITOR CSO|POWER ADAPTER CONVERTER MONITOR|Outdated firmware on DVR|WS20
CLOSE CIRCUIT TELEVISION (CCTV)|MONITOR CSO|POWER ADAPTER CONVERTER MONITOR|MATRIX hang|WS20
CLOSE CIRCUIT TELEVISION (CCTV)|MONITOR CSO|POWER ADAPTER CONVERTER MONITOR|B&C connector loose|WS20
CLOSE CIRCUIT TELEVISION (CCTV)|MONITOR CSO|POWER ADAPTER CONVERTER MONITOR|Camera problem|WS20
CLOSE CIRCUIT TELEVISION (CCTV)|MONITOR CSO|POWER ADAPTER CONVERTER MONITOR|DVR hang|WS20
CLOSE CIRCUIT TELEVISION (CCTV)|MONITOR CSO|POWER ADAPTER CONVERTER MONITOR|No power|WS20
CLOSE CIRCUIT TELEVISION (CCTV)|MONITOR CSO|POWER ADAPTER CONVERTER MONITOR|Cover box crack /open|WS20
CLOSE CIRCUIT TELEVISION (CCTV)|MONITOR CSO|POWER ADAPTER CONVERTER MONITOR|Cable hangging|WS20
CLOSE CIRCUIT TELEVISION (CCTV)|MONITOR CSO|POWER ADAPTER CONVERTER MONITOR|Monitor blank|WS20
CLOSE CIRCUIT TELEVISION (CCTV)|MONITOR CSO|POWER ADAPTER CONVERTER MONITOR|Power supply problem|WS20
CLOSE CIRCUIT TELEVISION (CCTV)|MONITOR CSO|POWER ADAPTER CONVERTER MONITOR|Converter HDMI loose|WS20
CLOSE CIRCUIT TELEVISION (CCTV)|MONITOR CSO|POWER ADAPTER CONVERTER MONITOR|Conventer VGA loose|WS20
CLOSE CIRCUIT TELEVISION (CCTV)|MONITOR CSO|POWER ADAPTER CONVERTER MONITOR|Power cable pulled off|WS20
CLOSE CIRCUIT TELEVISION (CCTV)|MONITOR CSO|POWER ADAPTER CONVERTER MONITOR|Overheating|WS20
CLOSE CIRCUIT TELEVISION (CCTV)|MONITOR CSO|POWER ADAPTER CONVERTER MONITOR|Outdated firmware on DVR|WS20
CLOSE CIRCUIT TELEVISION (CCTV)|MONITOR CSO|POWER ADAPTER CONVERTER MONITOR|MATRIX hang|WS20
CLOSE CIRCUIT TELEVISION (CCTV)|MONITOR CSO|TYPE CABLE|B&C connector loose|WS20
CLOSE CIRCUIT TELEVISION (CCTV)|MONITOR CSO|TYPE CABLE|Camera problem|WS20
CLOSE CIRCUIT TELEVISION (CCTV)|MONITOR CSO|TYPE CABLE|DVR hang|WS20
CLOSE CIRCUIT TELEVISION (CCTV)|MONITOR CSO|TYPE CABLE|No power|WS20
CLOSE CIRCUIT TELEVISION (CCTV)|MONITOR CSO|TYPE CABLE|Cover box crack /open|WS20
CLOSE CIRCUIT TELEVISION (CCTV)|MONITOR CSO|TYPE CABLE|Cable hangging|WS20
CLOSE CIRCUIT TELEVISION (CCTV)|MONITOR CSO|TYPE CABLE|Monitor blank|WS20
CLOSE CIRCUIT TELEVISION (CCTV)|MONITOR CSO|TYPE CABLE|Power supply problem|WS20
CLOSE CIRCUIT TELEVISION (CCTV)|MONITOR CSO|TYPE CABLE|Converter HDMI loose|WS20
CLOSE CIRCUIT TELEVISION (CCTV)|MONITOR CSO|TYPE CABLE|Conventer VGA loose|WS20
CLOSE CIRCUIT TELEVISION (CCTV)|MONITOR CSO|TYPE CABLE|Power cable pulled off|WS20
CLOSE CIRCUIT TELEVISION (CCTV)|MONITOR CSO|TYPE CABLE|Overheating|WS20
CLOSE CIRCUIT TELEVISION (CCTV)|MONITOR CSO|TYPE CABLE|Outdated firmware on DVR|WS20
CLOSE CIRCUIT TELEVISION (CCTV)|MONITOR CSO|TYPE CABLE|MATRIX hang|WS20
CLOSE CIRCUIT TELEVISION (CCTV)|MONITOR CSO|TYPE CABLE|B&C connector loose|WS20
CLOSE CIRCUIT TELEVISION (CCTV)|MONITOR CSO|TYPE CABLE|Camera problem|WS20
CLOSE CIRCUIT TELEVISION (CCTV)|MONITOR CSO|TYPE CABLE|DVR hang|WS20
CLOSE CIRCUIT TELEVISION (CCTV)|MONITOR CSO|TYPE CABLE|No power|WS20
CLOSE CIRCUIT TELEVISION (CCTV)|MONITOR CSO|TYPE CABLE|Cover box crack /open|WS20
CLOSE CIRCUIT TELEVISION (CCTV)|MONITOR CSO|TYPE CABLE|Cable hangging|WS20
CLOSE CIRCUIT TELEVISION (CCTV)|MONITOR CSO|TYPE CABLE|Monitor blank|WS20
CLOSE CIRCUIT TELEVISION (CCTV)|MONITOR CSO|TYPE CABLE|Power supply problem|WS20
CLOSE CIRCUIT TELEVISION (CCTV)|MONITOR CSO|TYPE CABLE|Converter HDMI loose|WS20
CLOSE CIRCUIT TELEVISION (CCTV)|MONITOR CSO|TYPE CABLE|Conventer VGA loose|WS20
CLOSE CIRCUIT TELEVISION (CCTV)|MONITOR CSO|TYPE CABLE|Power cable pulled off|WS20
CLOSE CIRCUIT TELEVISION (CCTV)|MONITOR CSO|TYPE CABLE|Overheating|WS20
CLOSE CIRCUIT TELEVISION (CCTV)|MONITOR CSO|TYPE CABLE|Outdated firmware on DVR|WS20
CLOSE CIRCUIT TELEVISION (CCTV)|MONITOR CSO|TYPE CABLE|MATRIX hang|WS20
CLOSE CIRCUIT TELEVISION (CCTV)|MONITOR CSO|LCD WALL MOUNT|B&C connector loose|WS20
CLOSE CIRCUIT TELEVISION (CCTV)|MONITOR CSO|LCD WALL MOUNT|Camera problem|WS20
CLOSE CIRCUIT TELEVISION (CCTV)|MONITOR CSO|LCD WALL MOUNT|DVR hang|WS20
CLOSE CIRCUIT TELEVISION (CCTV)|MONITOR CSO|LCD WALL MOUNT|No power|WS20
CLOSE CIRCUIT TELEVISION (CCTV)|MONITOR CSO|LCD WALL MOUNT|Cover box crack /open|WS20
CLOSE CIRCUIT TELEVISION (CCTV)|MONITOR CSO|LCD WALL MOUNT|Cable hangging|WS20
CLOSE CIRCUIT TELEVISION (CCTV)|MONITOR CSO|LCD WALL MOUNT|Monitor blank|WS20
CLOSE CIRCUIT TELEVISION (CCTV)|MONITOR CSO|LCD WALL MOUNT|Power supply problem|WS20
CLOSE CIRCUIT TELEVISION (CCTV)|MONITOR CSO|LCD WALL MOUNT|Converter HDMI loose|WS20
CLOSE CIRCUIT TELEVISION (CCTV)|MONITOR CSO|LCD WALL MOUNT|Conventer VGA loose|WS20
CLOSE CIRCUIT TELEVISION (CCTV)|MONITOR CSO|LCD WALL MOUNT|Power cable pulled off|WS20
CLOSE CIRCUIT TELEVISION (CCTV)|MONITOR CSO|LCD WALL MOUNT|Overheating|WS20
CLOSE CIRCUIT TELEVISION (CCTV)|MONITOR CSO|LCD WALL MOUNT|Outdated firmware on DVR|WS20
CLOSE CIRCUIT TELEVISION (CCTV)|MONITOR CSO|LCD WALL MOUNT|MATRIX hang|WS20
CLOSE CIRCUIT TELEVISION (CCTV)|CAMERA|PTZ CAMERA|B&C connector loose|WS20
CLOSE CIRCUIT TELEVISION (CCTV)|CAMERA|PTZ CAMERA|Camera problem|WS20
CLOSE CIRCUIT TELEVISION (CCTV)|CAMERA|PTZ CAMERA|DVR hang|WS20
CLOSE CIRCUIT TELEVISION (CCTV)|CAMERA|PTZ CAMERA|No power|WS20
CLOSE CIRCUIT TELEVISION (CCTV)|CAMERA|PTZ CAMERA|Cover box crack /open|WS20
CLOSE CIRCUIT TELEVISION (CCTV)|CAMERA|PTZ CAMERA|Cable hangging|WS20
CLOSE CIRCUIT TELEVISION (CCTV)|CAMERA|PTZ CAMERA|Monitor blank|WS20
CLOSE CIRCUIT TELEVISION (CCTV)|CAMERA|PTZ CAMERA|Power supply problem|WS20
CLOSE CIRCUIT TELEVISION (CCTV)|CAMERA|PTZ CAMERA|Converter HDMI loose|WS20
CLOSE CIRCUIT TELEVISION (CCTV)|CAMERA|PTZ CAMERA|Conventer VGA loose|WS20
CLOSE CIRCUIT TELEVISION (CCTV)|CAMERA|PTZ CAMERA|Power cable pulled off|WS20
CLOSE CIRCUIT TELEVISION (CCTV)|CAMERA|PTZ CAMERA|Overheating|WS20
CLOSE CIRCUIT TELEVISION (CCTV)|CAMERA|PTZ CAMERA|Outdated firmware on DVR|WS20
CLOSE CIRCUIT TELEVISION (CCTV)|CAMERA|PTZ CAMERA|MATRIX hang|WS20
CLOSE CIRCUIT TELEVISION (CCTV)|CAMERA|PTZ CAMERA|B&C connector loose|WS20
CLOSE CIRCUIT TELEVISION (CCTV)|CAMERA|PTZ CAMERA|Camera problem|WS20
CLOSE CIRCUIT TELEVISION (CCTV)|CAMERA|PTZ CAMERA|DVR hang|WS20
CLOSE CIRCUIT TELEVISION (CCTV)|CAMERA|PTZ CAMERA|No power|WS20
CLOSE CIRCUIT TELEVISION (CCTV)|CAMERA|PTZ CAMERA|Cover box crack /open|WS20
CLOSE CIRCUIT TELEVISION (CCTV)|CAMERA|PTZ CAMERA|Cable hangging|WS20
CLOSE CIRCUIT TELEVISION (CCTV)|CAMERA|PTZ CAMERA|Monitor blank|WS20
CLOSE CIRCUIT TELEVISION (CCTV)|CAMERA|PTZ CAMERA|Power supply problem|WS20
CLOSE CIRCUIT TELEVISION (CCTV)|CAMERA|PTZ CAMERA|Converter HDMI loose|WS20
CLOSE CIRCUIT TELEVISION (CCTV)|CAMERA|PTZ CAMERA|Conventer VGA loose|WS20
CLOSE CIRCUIT TELEVISION (CCTV)|CAMERA|PTZ CAMERA|Power cable pulled off|WS20
CLOSE CIRCUIT TELEVISION (CCTV)|CAMERA|PTZ CAMERA|Overheating|WS20
CLOSE CIRCUIT TELEVISION (CCTV)|CAMERA|PTZ CAMERA|Outdated firmware on DVR|WS20
CLOSE CIRCUIT TELEVISION (CCTV)|CAMERA|PTZ CAMERA|MATRIX hang|WS20
CLOSE CIRCUIT TELEVISION (CCTV)|CAMERA|PTZ CAMERA|B&C connector loose|WS20
CLOSE CIRCUIT TELEVISION (CCTV)|CAMERA|PTZ CAMERA|Camera problem|WS20
CLOSE CIRCUIT TELEVISION (CCTV)|CAMERA|PTZ CAMERA|DVR hang|WS20
CLOSE CIRCUIT TELEVISION (CCTV)|CAMERA|PTZ CAMERA|No power|WS20
CLOSE CIRCUIT TELEVISION (CCTV)|CAMERA|PTZ CAMERA|Cover box crack /open|WS20
CLOSE CIRCUIT TELEVISION (CCTV)|CAMERA|PTZ CAMERA|Cable hangging|WS20
CLOSE CIRCUIT TELEVISION (CCTV)|CAMERA|PTZ CAMERA|Monitor blank|WS20
CLOSE CIRCUIT TELEVISION (CCTV)|CAMERA|PTZ CAMERA|Power supply problem|WS20
CLOSE CIRCUIT TELEVISION (CCTV)|CAMERA|PTZ CAMERA|Converter HDMI loose|WS20
CLOSE CIRCUIT TELEVISION (CCTV)|CAMERA|PTZ CAMERA|Conventer VGA loose|WS20
CLOSE CIRCUIT TELEVISION (CCTV)|CAMERA|PTZ CAMERA|Power cable pulled off|WS20
CLOSE CIRCUIT TELEVISION (CCTV)|CAMERA|PTZ CAMERA|Overheating|WS20
CLOSE CIRCUIT TELEVISION (CCTV)|CAMERA|PTZ CAMERA|Outdated firmware on DVR|WS20
CLOSE CIRCUIT TELEVISION (CCTV)|CAMERA|PTZ CAMERA|MATRIX hang|WS20
CLOSE CIRCUIT TELEVISION (CCTV)|CAMERA|PTZ CAMERA|B&C connector loose|WS20
CLOSE CIRCUIT TELEVISION (CCTV)|CAMERA|PTZ CAMERA|Camera problem|WS20
CLOSE CIRCUIT TELEVISION (CCTV)|CAMERA|PTZ CAMERA|DVR hang|WS20
CLOSE CIRCUIT TELEVISION (CCTV)|CAMERA|PTZ CAMERA|No power|WS20
CLOSE CIRCUIT TELEVISION (CCTV)|CAMERA|PTZ CAMERA|Cover box crack /open|WS20
CLOSE CIRCUIT TELEVISION (CCTV)|CAMERA|PTZ CAMERA|Cable hangging|WS20
CLOSE CIRCUIT TELEVISION (CCTV)|CAMERA|PTZ CAMERA|Monitor blank|WS20
CLOSE CIRCUIT TELEVISION (CCTV)|CAMERA|PTZ CAMERA|Power supply problem|WS20
CLOSE CIRCUIT TELEVISION (CCTV)|CAMERA|PTZ CAMERA|Converter HDMI loose|WS20
CLOSE CIRCUIT TELEVISION (CCTV)|CAMERA|PTZ CAMERA|Conventer VGA loose|WS20
CLOSE CIRCUIT TELEVISION (CCTV)|CAMERA|PTZ CAMERA|Power cable pulled off|WS20
CLOSE CIRCUIT TELEVISION (CCTV)|CAMERA|PTZ CAMERA|Overheating|WS20
CLOSE CIRCUIT TELEVISION (CCTV)|CAMERA|PTZ CAMERA|Outdated firmware on DVR|WS20
CLOSE CIRCUIT TELEVISION (CCTV)|CAMERA|PTZ CAMERA|MATRIX hang|WS20
CLOSE CIRCUIT TELEVISION (CCTV)|CAMERA|PTZ CAMERA|B&C connector loose|WS20
CLOSE CIRCUIT TELEVISION (CCTV)|CAMERA|PTZ CAMERA|Camera problem|WS20
CLOSE CIRCUIT TELEVISION (CCTV)|CAMERA|PTZ CAMERA|DVR hang|WS20
CLOSE CIRCUIT TELEVISION (CCTV)|CAMERA|PTZ CAMERA|No power|WS20
CLOSE CIRCUIT TELEVISION (CCTV)|CAMERA|PTZ CAMERA|Cover box crack /open|WS20
CLOSE CIRCUIT TELEVISION (CCTV)|CAMERA|PTZ CAMERA|Cable hangging|WS20
CLOSE CIRCUIT TELEVISION (CCTV)|CAMERA|PTZ CAMERA|Monitor blank|WS20
CLOSE CIRCUIT TELEVISION (CCTV)|CAMERA|PTZ CAMERA|Power supply problem|WS20
CLOSE CIRCUIT TELEVISION (CCTV)|CAMERA|PTZ CAMERA|Converter HDMI loose|WS20
CLOSE CIRCUIT TELEVISION (CCTV)|CAMERA|PTZ CAMERA|Conventer VGA loose|WS20
CLOSE CIRCUIT TELEVISION (CCTV)|CAMERA|PTZ CAMERA|Power cable pulled off|WS20
CLOSE CIRCUIT TELEVISION (CCTV)|CAMERA|PTZ CAMERA|Overheating|WS20
CLOSE CIRCUIT TELEVISION (CCTV)|CAMERA|PTZ CAMERA|Outdated firmware on DVR|WS20
CLOSE CIRCUIT TELEVISION (CCTV)|CAMERA|PTZ CAMERA|MATRIX hang|WS20
CLOSE CIRCUIT TELEVISION (CCTV)|CAMERA|CONVERTER PTZ FIBER TO BNC (BFN)|B&C connector loose|WS20
CLOSE CIRCUIT TELEVISION (CCTV)|CAMERA|CONVERTER PTZ FIBER TO BNC (BFN)|Camera problem|WS20
CLOSE CIRCUIT TELEVISION (CCTV)|CAMERA|CONVERTER PTZ FIBER TO BNC (BFN)|DVR hang|WS20
CLOSE CIRCUIT TELEVISION (CCTV)|CAMERA|CONVERTER PTZ FIBER TO BNC (BFN)|No power|WS20
CLOSE CIRCUIT TELEVISION (CCTV)|CAMERA|CONVERTER PTZ FIBER TO BNC (BFN)|Cover box crack /open|WS20
CLOSE CIRCUIT TELEVISION (CCTV)|CAMERA|CONVERTER PTZ FIBER TO BNC (BFN)|Cable hangging|WS20
CLOSE CIRCUIT TELEVISION (CCTV)|CAMERA|CONVERTER PTZ FIBER TO BNC (BFN)|Monitor blank|WS20
CLOSE CIRCUIT TELEVISION (CCTV)|CAMERA|CONVERTER PTZ FIBER TO BNC (BFN)|Power supply problem|WS20
CLOSE CIRCUIT TELEVISION (CCTV)|CAMERA|CONVERTER PTZ FIBER TO BNC (BFN)|Converter HDMI loose|WS20
CLOSE CIRCUIT TELEVISION (CCTV)|CAMERA|CONVERTER PTZ FIBER TO BNC (BFN)|Conventer VGA loose|WS20
CLOSE CIRCUIT TELEVISION (CCTV)|CAMERA|CONVERTER PTZ FIBER TO BNC (BFN)|Power cable pulled off|WS20
CLOSE CIRCUIT TELEVISION (CCTV)|CAMERA|CONVERTER PTZ FIBER TO BNC (BFN)|Overheating|WS20
CLOSE CIRCUIT TELEVISION (CCTV)|CAMERA|CONVERTER PTZ FIBER TO BNC (BFN)|Outdated firmware on DVR|WS20
CLOSE CIRCUIT TELEVISION (CCTV)|CAMERA|CONVERTER PTZ FIBER TO BNC (BFN)|MATRIX hang|WS20
CLOSE CIRCUIT TELEVISION (CCTV)|CAMERA|CONVERTER PTZ FIBER TO BNC (BFN)|B&C connector loose|WS20
CLOSE CIRCUIT TELEVISION (CCTV)|CAMERA|CONVERTER PTZ FIBER TO BNC (BFN)|Camera problem|WS20
CLOSE CIRCUIT TELEVISION (CCTV)|CAMERA|CONVERTER PTZ FIBER TO BNC (BFN)|DVR hang|WS20
CLOSE CIRCUIT TELEVISION (CCTV)|CAMERA|CONVERTER PTZ FIBER TO BNC (BFN)|No power|WS20
CLOSE CIRCUIT TELEVISION (CCTV)|CAMERA|CONVERTER PTZ FIBER TO BNC (BFN)|Cover box crack /open|WS20
CLOSE CIRCUIT TELEVISION (CCTV)|CAMERA|CONVERTER PTZ FIBER TO BNC (BFN)|Cable hangging|WS20
CLOSE CIRCUIT TELEVISION (CCTV)|CAMERA|CONVERTER PTZ FIBER TO BNC (BFN)|Monitor blank|WS20
CLOSE CIRCUIT TELEVISION (CCTV)|CAMERA|CONVERTER PTZ FIBER TO BNC (BFN)|Power supply problem|WS20
CLOSE CIRCUIT TELEVISION (CCTV)|CAMERA|CONVERTER PTZ FIBER TO BNC (BFN)|Converter HDMI loose|WS20
CLOSE CIRCUIT TELEVISION (CCTV)|CAMERA|CONVERTER PTZ FIBER TO BNC (BFN)|Conventer VGA loose|WS20
CLOSE CIRCUIT TELEVISION (CCTV)|CAMERA|CONVERTER PTZ FIBER TO BNC (BFN)|Power cable pulled off|WS20
CLOSE CIRCUIT TELEVISION (CCTV)|CAMERA|CONVERTER PTZ FIBER TO BNC (BFN)|Overheating|WS20
CLOSE CIRCUIT TELEVISION (CCTV)|CAMERA|CONVERTER PTZ FIBER TO BNC (BFN)|Outdated firmware on DVR|WS20
CLOSE CIRCUIT TELEVISION (CCTV)|CAMERA|CONVERTER PTZ FIBER TO BNC (BFN)|MATRIX hang|WS20
CLOSE CIRCUIT TELEVISION (CCTV)|CAMERA|FIBER CABLE|B&C connector loose|WS20
CLOSE CIRCUIT TELEVISION (CCTV)|CAMERA|FIBER CABLE|Camera problem|WS20
CLOSE CIRCUIT TELEVISION (CCTV)|CAMERA|FIBER CABLE|DVR hang|WS20
CLOSE CIRCUIT TELEVISION (CCTV)|CAMERA|FIBER CABLE|No power|WS20
CLOSE CIRCUIT TELEVISION (CCTV)|CAMERA|FIBER CABLE|Cover box crack /open|WS20
CLOSE CIRCUIT TELEVISION (CCTV)|CAMERA|FIBER CABLE|Cable hangging|WS20
CLOSE CIRCUIT TELEVISION (CCTV)|CAMERA|FIBER CABLE|Monitor blank|WS20
CLOSE CIRCUIT TELEVISION (CCTV)|CAMERA|FIBER CABLE|Power supply problem|WS20
CLOSE CIRCUIT TELEVISION (CCTV)|CAMERA|FIBER CABLE|Converter HDMI loose|WS20
CLOSE CIRCUIT TELEVISION (CCTV)|CAMERA|FIBER CABLE|Conventer VGA loose|WS20
CLOSE CIRCUIT TELEVISION (CCTV)|CAMERA|FIBER CABLE|Power cable pulled off|WS20
CLOSE CIRCUIT TELEVISION (CCTV)|CAMERA|FIBER CABLE|Overheating|WS20
CLOSE CIRCUIT TELEVISION (CCTV)|CAMERA|FIBER CABLE|Outdated firmware on DVR|WS20
CLOSE CIRCUIT TELEVISION (CCTV)|CAMERA|FIBER CABLE|MATRIX hang|WS20
CLOSE CIRCUIT TELEVISION (CCTV)|CAMERA|POWER SUPPLY CONVERTER INCOMING 12VDC|B&C connector loose|WS20
CLOSE CIRCUIT TELEVISION (CCTV)|CAMERA|POWER SUPPLY CONVERTER INCOMING 12VDC|Camera problem|WS20
CLOSE CIRCUIT TELEVISION (CCTV)|CAMERA|POWER SUPPLY CONVERTER INCOMING 12VDC|DVR hang|WS20
CLOSE CIRCUIT TELEVISION (CCTV)|CAMERA|POWER SUPPLY CONVERTER INCOMING 12VDC|No power|WS20
CLOSE CIRCUIT TELEVISION (CCTV)|CAMERA|POWER SUPPLY CONVERTER INCOMING 12VDC|Cover box crack /open|WS20
CLOSE CIRCUIT TELEVISION (CCTV)|CAMERA|POWER SUPPLY CONVERTER INCOMING 12VDC|Cable hangging|WS20
CLOSE CIRCUIT TELEVISION (CCTV)|CAMERA|POWER SUPPLY CONVERTER INCOMING 12VDC|Monitor blank|WS20
CLOSE CIRCUIT TELEVISION (CCTV)|CAMERA|POWER SUPPLY CONVERTER INCOMING 12VDC|Power supply problem|WS20
CLOSE CIRCUIT TELEVISION (CCTV)|CAMERA|POWER SUPPLY CONVERTER INCOMING 12VDC|Converter HDMI loose|WS20
CLOSE CIRCUIT TELEVISION (CCTV)|CAMERA|POWER SUPPLY CONVERTER INCOMING 12VDC|Conventer VGA loose|WS20
CLOSE CIRCUIT TELEVISION (CCTV)|CAMERA|POWER SUPPLY CONVERTER INCOMING 12VDC|Power cable pulled off|WS20
CLOSE CIRCUIT TELEVISION (CCTV)|CAMERA|POWER SUPPLY CONVERTER INCOMING 12VDC|Overheating|WS20
CLOSE CIRCUIT TELEVISION (CCTV)|CAMERA|POWER SUPPLY CONVERTER INCOMING 12VDC|Outdated firmware on DVR|WS20
CLOSE CIRCUIT TELEVISION (CCTV)|CAMERA|POWER SUPPLY CONVERTER INCOMING 12VDC|MATRIX hang|WS20
CLOSE CIRCUIT TELEVISION (CCTV)|CAMERA|BULLET NARROW/STAND ALONE CAMERA|B&C connector loose|WS20
CLOSE CIRCUIT TELEVISION (CCTV)|CAMERA|BULLET NARROW/STAND ALONE CAMERA|Camera problem|WS20
CLOSE CIRCUIT TELEVISION (CCTV)|CAMERA|BULLET NARROW/STAND ALONE CAMERA|DVR hang|WS20
CLOSE CIRCUIT TELEVISION (CCTV)|CAMERA|BULLET NARROW/STAND ALONE CAMERA|No power|WS20
CLOSE CIRCUIT TELEVISION (CCTV)|CAMERA|BULLET NARROW/STAND ALONE CAMERA|Cover box crack /open|WS20
CLOSE CIRCUIT TELEVISION (CCTV)|CAMERA|BULLET NARROW/STAND ALONE CAMERA|Cable hangging|WS20
CLOSE CIRCUIT TELEVISION (CCTV)|CAMERA|BULLET NARROW/STAND ALONE CAMERA|Monitor blank|WS20
CLOSE CIRCUIT TELEVISION (CCTV)|CAMERA|BULLET NARROW/STAND ALONE CAMERA|Power supply problem|WS20
CLOSE CIRCUIT TELEVISION (CCTV)|CAMERA|BULLET NARROW/STAND ALONE CAMERA|Converter HDMI loose|WS20
CLOSE CIRCUIT TELEVISION (CCTV)|CAMERA|BULLET NARROW/STAND ALONE CAMERA|Conventer VGA loose|WS20
CLOSE CIRCUIT TELEVISION (CCTV)|CAMERA|BULLET NARROW/STAND ALONE CAMERA|Power cable pulled off|WS20
CLOSE CIRCUIT TELEVISION (CCTV)|CAMERA|BULLET NARROW/STAND ALONE CAMERA|Overheating|WS20
CLOSE CIRCUIT TELEVISION (CCTV)|CAMERA|BULLET NARROW/STAND ALONE CAMERA|Outdated firmware on DVR|WS20
CLOSE CIRCUIT TELEVISION (CCTV)|CAMERA|BULLET NARROW/STAND ALONE CAMERA|MATRIX hang|WS20
CLOSE CIRCUIT TELEVISION (CCTV)|CAMERA|BULLET NARROW/STAND ALONE CAMERA|B&C connector loose|WS20
CLOSE CIRCUIT TELEVISION (CCTV)|CAMERA|BULLET NARROW/STAND ALONE CAMERA|Camera problem|WS20
CLOSE CIRCUIT TELEVISION (CCTV)|CAMERA|BULLET NARROW/STAND ALONE CAMERA|DVR hang|WS20
CLOSE CIRCUIT TELEVISION (CCTV)|CAMERA|BULLET NARROW/STAND ALONE CAMERA|No power|WS20
CLOSE CIRCUIT TELEVISION (CCTV)|CAMERA|BULLET NARROW/STAND ALONE CAMERA|Cover box crack /open|WS20
CLOSE CIRCUIT TELEVISION (CCTV)|CAMERA|BULLET NARROW/STAND ALONE CAMERA|Cable hangging|WS20
CLOSE CIRCUIT TELEVISION (CCTV)|CAMERA|BULLET NARROW/STAND ALONE CAMERA|Monitor blank|WS20
CLOSE CIRCUIT TELEVISION (CCTV)|CAMERA|BULLET NARROW/STAND ALONE CAMERA|Power supply problem|WS20
CLOSE CIRCUIT TELEVISION (CCTV)|CAMERA|BULLET NARROW/STAND ALONE CAMERA|Converter HDMI loose|WS20
CLOSE CIRCUIT TELEVISION (CCTV)|CAMERA|BULLET NARROW/STAND ALONE CAMERA|Conventer VGA loose|WS20
CLOSE CIRCUIT TELEVISION (CCTV)|CAMERA|BULLET NARROW/STAND ALONE CAMERA|Power cable pulled off|WS20
CLOSE CIRCUIT TELEVISION (CCTV)|CAMERA|BULLET NARROW/STAND ALONE CAMERA|Overheating|WS20
CLOSE CIRCUIT TELEVISION (CCTV)|CAMERA|BULLET NARROW/STAND ALONE CAMERA|Outdated firmware on DVR|WS20
CLOSE CIRCUIT TELEVISION (CCTV)|CAMERA|BULLET NARROW/STAND ALONE CAMERA|MATRIX hang|WS20
CLOSE CIRCUIT TELEVISION (CCTV)|CAMERA|CONVERTER FIBER TO BNC (TPSS) RECEIVER|B&C connector loose|WS20
CLOSE CIRCUIT TELEVISION (CCTV)|CAMERA|CONVERTER FIBER TO BNC (TPSS) RECEIVER|Camera problem|WS20
CLOSE CIRCUIT TELEVISION (CCTV)|CAMERA|CONVERTER FIBER TO BNC (TPSS) RECEIVER|DVR hang|WS20
CLOSE CIRCUIT TELEVISION (CCTV)|CAMERA|CONVERTER FIBER TO BNC (TPSS) RECEIVER|No power|WS20
CLOSE CIRCUIT TELEVISION (CCTV)|CAMERA|CONVERTER FIBER TO BNC (TPSS) RECEIVER|Cover box crack /open|WS20
CLOSE CIRCUIT TELEVISION (CCTV)|CAMERA|CONVERTER FIBER TO BNC (TPSS) RECEIVER|Cable hangging|WS20
CLOSE CIRCUIT TELEVISION (CCTV)|CAMERA|CONVERTER FIBER TO BNC (TPSS) RECEIVER|Monitor blank|WS20
CLOSE CIRCUIT TELEVISION (CCTV)|CAMERA|CONVERTER FIBER TO BNC (TPSS) RECEIVER|Power supply problem|WS20
CLOSE CIRCUIT TELEVISION (CCTV)|CAMERA|CONVERTER FIBER TO BNC (TPSS) RECEIVER|Converter HDMI loose|WS20
CLOSE CIRCUIT TELEVISION (CCTV)|CAMERA|CONVERTER FIBER TO BNC (TPSS) RECEIVER|Conventer VGA loose|WS20
CLOSE CIRCUIT TELEVISION (CCTV)|CAMERA|CONVERTER FIBER TO BNC (TPSS) RECEIVER|Power cable pulled off|WS20
CLOSE CIRCUIT TELEVISION (CCTV)|CAMERA|CONVERTER FIBER TO BNC (TPSS) RECEIVER|Overheating|WS20
CLOSE CIRCUIT TELEVISION (CCTV)|CAMERA|CONVERTER FIBER TO BNC (TPSS) RECEIVER|Outdated firmware on DVR|WS20
CLOSE CIRCUIT TELEVISION (CCTV)|CAMERA|CONVERTER FIBER TO BNC (TPSS) RECEIVER|MATRIX hang|WS20
CLOSE CIRCUIT TELEVISION (CCTV)|CAMERA|CONVERTER FIBER TO BNC (TPSS) TRANSMITTER|B&C connector loose|WS20
CLOSE CIRCUIT TELEVISION (CCTV)|CAMERA|CONVERTER FIBER TO BNC (TPSS) TRANSMITTER|Camera problem|WS20
CLOSE CIRCUIT TELEVISION (CCTV)|CAMERA|CONVERTER FIBER TO BNC (TPSS) TRANSMITTER|DVR hang|WS20
CLOSE CIRCUIT TELEVISION (CCTV)|CAMERA|CONVERTER FIBER TO BNC (TPSS) TRANSMITTER|No power|WS20
CLOSE CIRCUIT TELEVISION (CCTV)|CAMERA|CONVERTER FIBER TO BNC (TPSS) TRANSMITTER|Cover box crack /open|WS20
CLOSE CIRCUIT TELEVISION (CCTV)|CAMERA|CONVERTER FIBER TO BNC (TPSS) TRANSMITTER|Cable hangging|WS20
CLOSE CIRCUIT TELEVISION (CCTV)|CAMERA|CONVERTER FIBER TO BNC (TPSS) TRANSMITTER|Monitor blank|WS20
CLOSE CIRCUIT TELEVISION (CCTV)|CAMERA|CONVERTER FIBER TO BNC (TPSS) TRANSMITTER|Power supply problem|WS20
CLOSE CIRCUIT TELEVISION (CCTV)|CAMERA|CONVERTER FIBER TO BNC (TPSS) TRANSMITTER|Converter HDMI loose|WS20
CLOSE CIRCUIT TELEVISION (CCTV)|CAMERA|CONVERTER FIBER TO BNC (TPSS) TRANSMITTER|Conventer VGA loose|WS20
CLOSE CIRCUIT TELEVISION (CCTV)|CAMERA|CONVERTER FIBER TO BNC (TPSS) TRANSMITTER|Power cable pulled off|WS20
CLOSE CIRCUIT TELEVISION (CCTV)|CAMERA|CONVERTER FIBER TO BNC (TPSS) TRANSMITTER|Overheating|WS20
CLOSE CIRCUIT TELEVISION (CCTV)|CAMERA|CONVERTER FIBER TO BNC (TPSS) TRANSMITTER|Outdated firmware on DVR|WS20
CLOSE CIRCUIT TELEVISION (CCTV)|CAMERA|CONVERTER FIBER TO BNC (TPSS) TRANSMITTER|MATRIX hang|WS20
CLOSE CIRCUIT TELEVISION (CCTV)|CAMERA|POWER ADAPTOR CONVERTER 12VDC (TPSS)|B&C connector loose|WS20
CLOSE CIRCUIT TELEVISION (CCTV)|CAMERA|POWER ADAPTOR CONVERTER 12VDC (TPSS)|Camera problem|WS20
CLOSE CIRCUIT TELEVISION (CCTV)|CAMERA|POWER ADAPTOR CONVERTER 12VDC (TPSS)|DVR hang|WS20
CLOSE CIRCUIT TELEVISION (CCTV)|CAMERA|POWER ADAPTOR CONVERTER 12VDC (TPSS)|No power|WS20
CLOSE CIRCUIT TELEVISION (CCTV)|CAMERA|POWER ADAPTOR CONVERTER 12VDC (TPSS)|Cover box crack /open|WS20
CLOSE CIRCUIT TELEVISION (CCTV)|CAMERA|POWER ADAPTOR CONVERTER 12VDC (TPSS)|Cable hangging|WS20
CLOSE CIRCUIT TELEVISION (CCTV)|CAMERA|POWER ADAPTOR CONVERTER 12VDC (TPSS)|Monitor blank|WS20
CLOSE CIRCUIT TELEVISION (CCTV)|CAMERA|POWER ADAPTOR CONVERTER 12VDC (TPSS)|Power supply problem|WS20
CLOSE CIRCUIT TELEVISION (CCTV)|CAMERA|POWER ADAPTOR CONVERTER 12VDC (TPSS)|Converter HDMI loose|WS20
CLOSE CIRCUIT TELEVISION (CCTV)|CAMERA|POWER ADAPTOR CONVERTER 12VDC (TPSS)|Conventer VGA loose|WS20
CLOSE CIRCUIT TELEVISION (CCTV)|CAMERA|POWER ADAPTOR CONVERTER 12VDC (TPSS)|Power cable pulled off|WS20
CLOSE CIRCUIT TELEVISION (CCTV)|CAMERA|POWER ADAPTOR CONVERTER 12VDC (TPSS)|Overheating|WS20
CLOSE CIRCUIT TELEVISION (CCTV)|CAMERA|POWER ADAPTOR CONVERTER 12VDC (TPSS)|Outdated firmware on DVR|WS20
CLOSE CIRCUIT TELEVISION (CCTV)|CAMERA|POWER ADAPTOR CONVERTER 12VDC (TPSS)|MATRIX hang|WS20
CLOSE CIRCUIT TELEVISION (CCTV)|CAMERA|FIBER CABLE (TPSS)|B&C connector loose|WS20
CLOSE CIRCUIT TELEVISION (CCTV)|CAMERA|FIBER CABLE (TPSS)|Camera problem|WS20
CLOSE CIRCUIT TELEVISION (CCTV)|CAMERA|FIBER CABLE (TPSS)|DVR hang|WS20
CLOSE CIRCUIT TELEVISION (CCTV)|CAMERA|FIBER CABLE (TPSS)|No power|WS20
CLOSE CIRCUIT TELEVISION (CCTV)|CAMERA|FIBER CABLE (TPSS)|Cover box crack /open|WS20
CLOSE CIRCUIT TELEVISION (CCTV)|CAMERA|FIBER CABLE (TPSS)|Cable hangging|WS20
CLOSE CIRCUIT TELEVISION (CCTV)|CAMERA|FIBER CABLE (TPSS)|Monitor blank|WS20
CLOSE CIRCUIT TELEVISION (CCTV)|CAMERA|FIBER CABLE (TPSS)|Power supply problem|WS20
CLOSE CIRCUIT TELEVISION (CCTV)|CAMERA|FIBER CABLE (TPSS)|Converter HDMI loose|WS20
CLOSE CIRCUIT TELEVISION (CCTV)|CAMERA|FIBER CABLE (TPSS)|Conventer VGA loose|WS20
CLOSE CIRCUIT TELEVISION (CCTV)|CAMERA|FIBER CABLE (TPSS)|Power cable pulled off|WS20
CLOSE CIRCUIT TELEVISION (CCTV)|CAMERA|FIBER CABLE (TPSS)|Overheating|WS20
CLOSE CIRCUIT TELEVISION (CCTV)|CAMERA|FIBER CABLE (TPSS)|Outdated firmware on DVR|WS20
CLOSE CIRCUIT TELEVISION (CCTV)|CAMERA|FIBER CABLE (TPSS)|MATRIX hang|WS20
CLOSE CIRCUIT TELEVISION (CCTV)|CAMERA|POWER SUPPLY INCOMING 12VDC|B&C connector loose|WS20
CLOSE CIRCUIT TELEVISION (CCTV)|CAMERA|POWER SUPPLY INCOMING 12VDC|Camera problem|WS20
CLOSE CIRCUIT TELEVISION (CCTV)|CAMERA|POWER SUPPLY INCOMING 12VDC|DVR hang|WS20
CLOSE CIRCUIT TELEVISION (CCTV)|CAMERA|POWER SUPPLY INCOMING 12VDC|No power|WS20
CLOSE CIRCUIT TELEVISION (CCTV)|CAMERA|POWER SUPPLY INCOMING 12VDC|Cover box crack /open|WS20
CLOSE CIRCUIT TELEVISION (CCTV)|CAMERA|POWER SUPPLY INCOMING 12VDC|Cable hangging|WS20
CLOSE CIRCUIT TELEVISION (CCTV)|CAMERA|POWER SUPPLY INCOMING 12VDC|Monitor blank|WS20
CLOSE CIRCUIT TELEVISION (CCTV)|CAMERA|POWER SUPPLY INCOMING 12VDC|Power supply problem|WS20
CLOSE CIRCUIT TELEVISION (CCTV)|CAMERA|POWER SUPPLY INCOMING 12VDC|Converter HDMI loose|WS20
CLOSE CIRCUIT TELEVISION (CCTV)|CAMERA|POWER SUPPLY INCOMING 12VDC|Conventer VGA loose|WS20
CLOSE CIRCUIT TELEVISION (CCTV)|CAMERA|POWER SUPPLY INCOMING 12VDC|Power cable pulled off|WS20
CLOSE CIRCUIT TELEVISION (CCTV)|CAMERA|POWER SUPPLY INCOMING 12VDC|Overheating|WS20
CLOSE CIRCUIT TELEVISION (CCTV)|CAMERA|POWER SUPPLY INCOMING 12VDC|Outdated firmware on DVR|WS20
CLOSE CIRCUIT TELEVISION (CCTV)|CAMERA|POWER SUPPLY INCOMING 12VDC|MATRIX hang|WS20
CLOSE CIRCUIT TELEVISION (CCTV)|CAMERA|POWER SUPPLY INCOMING 12VDC|B&C connector loose|WS20
CLOSE CIRCUIT TELEVISION (CCTV)|CAMERA|POWER SUPPLY INCOMING 12VDC|Camera problem|WS20
CLOSE CIRCUIT TELEVISION (CCTV)|CAMERA|POWER SUPPLY INCOMING 12VDC|DVR hang|WS20
CLOSE CIRCUIT TELEVISION (CCTV)|CAMERA|POWER SUPPLY INCOMING 12VDC|No power|WS20
CLOSE CIRCUIT TELEVISION (CCTV)|CAMERA|POWER SUPPLY INCOMING 12VDC|Cover box crack /open|WS20
CLOSE CIRCUIT TELEVISION (CCTV)|CAMERA|POWER SUPPLY INCOMING 12VDC|Cable hangging|WS20
CLOSE CIRCUIT TELEVISION (CCTV)|CAMERA|POWER SUPPLY INCOMING 12VDC|Monitor blank|WS20
CLOSE CIRCUIT TELEVISION (CCTV)|CAMERA|POWER SUPPLY INCOMING 12VDC|Power supply problem|WS20
CLOSE CIRCUIT TELEVISION (CCTV)|CAMERA|POWER SUPPLY INCOMING 12VDC|Converter HDMI loose|WS20
CLOSE CIRCUIT TELEVISION (CCTV)|CAMERA|POWER SUPPLY INCOMING 12VDC|Conventer VGA loose|WS20
CLOSE CIRCUIT TELEVISION (CCTV)|CAMERA|POWER SUPPLY INCOMING 12VDC|Power cable pulled off|WS20
CLOSE CIRCUIT TELEVISION (CCTV)|CAMERA|POWER SUPPLY INCOMING 12VDC|Overheating|WS20
CLOSE CIRCUIT TELEVISION (CCTV)|CAMERA|POWER SUPPLY INCOMING 12VDC|Outdated firmware on DVR|WS20
CLOSE CIRCUIT TELEVISION (CCTV)|CAMERA|POWER SUPPLY INCOMING 12VDC|MATRIX hang|WS20
CLOSE CIRCUIT TELEVISION (CCTV)|CAMERA|DOME CAMERA|B&C connector loose|WS20
CLOSE CIRCUIT TELEVISION (CCTV)|CAMERA|DOME CAMERA|Camera problem|WS20
CLOSE CIRCUIT TELEVISION (CCTV)|CAMERA|DOME CAMERA|DVR hang|WS20
CLOSE CIRCUIT TELEVISION (CCTV)|CAMERA|DOME CAMERA|No power|WS20
CLOSE CIRCUIT TELEVISION (CCTV)|CAMERA|DOME CAMERA|Cover box crack /open|WS20
CLOSE CIRCUIT TELEVISION (CCTV)|CAMERA|DOME CAMERA|Cable hangging|WS20
CLOSE CIRCUIT TELEVISION (CCTV)|CAMERA|DOME CAMERA|Monitor blank|WS20
CLOSE CIRCUIT TELEVISION (CCTV)|CAMERA|DOME CAMERA|Power supply problem|WS20
CLOSE CIRCUIT TELEVISION (CCTV)|CAMERA|DOME CAMERA|Converter HDMI loose|WS20
CLOSE CIRCUIT TELEVISION (CCTV)|CAMERA|DOME CAMERA|Conventer VGA loose|WS20
CLOSE CIRCUIT TELEVISION (CCTV)|CAMERA|DOME CAMERA|Power cable pulled off|WS20
CLOSE CIRCUIT TELEVISION (CCTV)|CAMERA|DOME CAMERA|Overheating|WS20
CLOSE CIRCUIT TELEVISION (CCTV)|CAMERA|DOME CAMERA|Outdated firmware on DVR|WS20
CLOSE CIRCUIT TELEVISION (CCTV)|CAMERA|DOME CAMERA|MATRIX hang|WS20
CLOSE CIRCUIT TELEVISION (CCTV)|CAMERA|DOME CAMERA|B&C connector loose|WS20
CLOSE CIRCUIT TELEVISION (CCTV)|CAMERA|DOME CAMERA|Camera problem|WS20
CLOSE CIRCUIT TELEVISION (CCTV)|CAMERA|DOME CAMERA|DVR hang|WS20
CLOSE CIRCUIT TELEVISION (CCTV)|CAMERA|DOME CAMERA|No power|WS20
CLOSE CIRCUIT TELEVISION (CCTV)|CAMERA|DOME CAMERA|Cover box crack /open|WS20
CLOSE CIRCUIT TELEVISION (CCTV)|CAMERA|DOME CAMERA|Cable hangging|WS20
CLOSE CIRCUIT TELEVISION (CCTV)|CAMERA|DOME CAMERA|Monitor blank|WS20
CLOSE CIRCUIT TELEVISION (CCTV)|CAMERA|DOME CAMERA|Power supply problem|WS20
CLOSE CIRCUIT TELEVISION (CCTV)|CAMERA|DOME CAMERA|Converter HDMI loose|WS20
CLOSE CIRCUIT TELEVISION (CCTV)|CAMERA|DOME CAMERA|Conventer VGA loose|WS20
CLOSE CIRCUIT TELEVISION (CCTV)|CAMERA|DOME CAMERA|Power cable pulled off|WS20
CLOSE CIRCUIT TELEVISION (CCTV)|CAMERA|DOME CAMERA|Overheating|WS20
CLOSE CIRCUIT TELEVISION (CCTV)|CAMERA|DOME CAMERA|Outdated firmware on DVR|WS20
CLOSE CIRCUIT TELEVISION (CCTV)|CAMERA|DOME CAMERA|MATRIX hang|WS20
CLOSE CIRCUIT TELEVISION (CCTV)|CAMERA|POWER ADAPTER DOME CAMERA 12V|B&C connector loose|WS20
CLOSE CIRCUIT TELEVISION (CCTV)|CAMERA|POWER ADAPTER DOME CAMERA 12V|Camera problem|WS20
CLOSE CIRCUIT TELEVISION (CCTV)|CAMERA|POWER ADAPTER DOME CAMERA 12V|DVR hang|WS20
CLOSE CIRCUIT TELEVISION (CCTV)|CAMERA|POWER ADAPTER DOME CAMERA 12V|No power|WS20
CLOSE CIRCUIT TELEVISION (CCTV)|CAMERA|POWER ADAPTER DOME CAMERA 12V|Cover box crack /open|WS20
CLOSE CIRCUIT TELEVISION (CCTV)|CAMERA|POWER ADAPTER DOME CAMERA 12V|Cable hangging|WS20
CLOSE CIRCUIT TELEVISION (CCTV)|CAMERA|POWER ADAPTER DOME CAMERA 12V|Monitor blank|WS20
CLOSE CIRCUIT TELEVISION (CCTV)|CAMERA|POWER ADAPTER DOME CAMERA 12V|Power supply problem|WS20
CLOSE CIRCUIT TELEVISION (CCTV)|CAMERA|POWER ADAPTER DOME CAMERA 12V|Converter HDMI loose|WS20
CLOSE CIRCUIT TELEVISION (CCTV)|CAMERA|POWER ADAPTER DOME CAMERA 12V|Conventer VGA loose|WS20
CLOSE CIRCUIT TELEVISION (CCTV)|CAMERA|POWER ADAPTER DOME CAMERA 12V|Power cable pulled off|WS20
CLOSE CIRCUIT TELEVISION (CCTV)|CAMERA|POWER ADAPTER DOME CAMERA 12V|Overheating|WS20
CLOSE CIRCUIT TELEVISION (CCTV)|CAMERA|POWER ADAPTER DOME CAMERA 12V|Outdated firmware on DVR|WS20
CLOSE CIRCUIT TELEVISION (CCTV)|CAMERA|POWER ADAPTER DOME CAMERA 12V|MATRIX hang|WS20
CLOSE CIRCUIT TELEVISION (CCTV)|CAMERA|VIDEO MODEM TRANSMITTER|B&C connector loose|WS20
CLOSE CIRCUIT TELEVISION (CCTV)|CAMERA|VIDEO MODEM TRANSMITTER|Camera problem|WS20
CLOSE CIRCUIT TELEVISION (CCTV)|CAMERA|VIDEO MODEM TRANSMITTER|DVR hang|WS20
CLOSE CIRCUIT TELEVISION (CCTV)|CAMERA|VIDEO MODEM TRANSMITTER|No power|WS20
CLOSE CIRCUIT TELEVISION (CCTV)|CAMERA|VIDEO MODEM TRANSMITTER|Cover box crack /open|WS20
CLOSE CIRCUIT TELEVISION (CCTV)|CAMERA|VIDEO MODEM TRANSMITTER|Cable hangging|WS20
CLOSE CIRCUIT TELEVISION (CCTV)|CAMERA|VIDEO MODEM TRANSMITTER|Monitor blank|WS20
CLOSE CIRCUIT TELEVISION (CCTV)|CAMERA|VIDEO MODEM TRANSMITTER|Power supply problem|WS20
CLOSE CIRCUIT TELEVISION (CCTV)|CAMERA|VIDEO MODEM TRANSMITTER|Converter HDMI loose|WS20
CLOSE CIRCUIT TELEVISION (CCTV)|CAMERA|VIDEO MODEM TRANSMITTER|Conventer VGA loose|WS20
CLOSE CIRCUIT TELEVISION (CCTV)|CAMERA|VIDEO MODEM TRANSMITTER|Power cable pulled off|WS20
CLOSE CIRCUIT TELEVISION (CCTV)|CAMERA|VIDEO MODEM TRANSMITTER|Overheating|WS20
CLOSE CIRCUIT TELEVISION (CCTV)|CAMERA|VIDEO MODEM TRANSMITTER|Outdated firmware on DVR|WS20
CLOSE CIRCUIT TELEVISION (CCTV)|CAMERA|VIDEO MODEM TRANSMITTER|MATRIX hang|WS20
CLOSE CIRCUIT TELEVISION (CCTV)|CAMERA|VIDEO POWER RECEIVER|B&C connector loose|WS20
CLOSE CIRCUIT TELEVISION (CCTV)|CAMERA|VIDEO POWER RECEIVER|Camera problem|WS20
CLOSE CIRCUIT TELEVISION (CCTV)|CAMERA|VIDEO POWER RECEIVER|DVR hang|WS20
CLOSE CIRCUIT TELEVISION (CCTV)|CAMERA|VIDEO POWER RECEIVER|No power|WS20
CLOSE CIRCUIT TELEVISION (CCTV)|CAMERA|VIDEO POWER RECEIVER|Cover box crack /open|WS20
CLOSE CIRCUIT TELEVISION (CCTV)|CAMERA|VIDEO POWER RECEIVER|Cable hangging|WS20
CLOSE CIRCUIT TELEVISION (CCTV)|CAMERA|VIDEO POWER RECEIVER|Monitor blank|WS20
CLOSE CIRCUIT TELEVISION (CCTV)|CAMERA|VIDEO POWER RECEIVER|Power supply problem|WS20
CLOSE CIRCUIT TELEVISION (CCTV)|CAMERA|VIDEO POWER RECEIVER|Converter HDMI loose|WS20
CLOSE CIRCUIT TELEVISION (CCTV)|CAMERA|VIDEO POWER RECEIVER|Conventer VGA loose|WS20
CLOSE CIRCUIT TELEVISION (CCTV)|CAMERA|VIDEO POWER RECEIVER|Power cable pulled off|WS20
CLOSE CIRCUIT TELEVISION (CCTV)|CAMERA|VIDEO POWER RECEIVER|Overheating|WS20
CLOSE CIRCUIT TELEVISION (CCTV)|CAMERA|VIDEO POWER RECEIVER|Outdated firmware on DVR|WS20
CLOSE CIRCUIT TELEVISION (CCTV)|CAMERA|VIDEO POWER RECEIVER|MATRIX hang|WS20
CLOSE CIRCUIT TELEVISION (CCTV)|CAMERA|VIDEO POWER RECEIVER|B&C connector loose|WS20
CLOSE CIRCUIT TELEVISION (CCTV)|CAMERA|VIDEO POWER RECEIVER|Camera problem|WS20
CLOSE CIRCUIT TELEVISION (CCTV)|CAMERA|VIDEO POWER RECEIVER|DVR hang|WS20
CLOSE CIRCUIT TELEVISION (CCTV)|CAMERA|VIDEO POWER RECEIVER|No power|WS20
CLOSE CIRCUIT TELEVISION (CCTV)|CAMERA|VIDEO POWER RECEIVER|Cover box crack /open|WS20
CLOSE CIRCUIT TELEVISION (CCTV)|CAMERA|VIDEO POWER RECEIVER|Cable hangging|WS20
CLOSE CIRCUIT TELEVISION (CCTV)|CAMERA|VIDEO POWER RECEIVER|Monitor blank|WS20
CLOSE CIRCUIT TELEVISION (CCTV)|CAMERA|VIDEO POWER RECEIVER|Power supply problem|WS20
CLOSE CIRCUIT TELEVISION (CCTV)|CAMERA|VIDEO POWER RECEIVER|Converter HDMI loose|WS20
CLOSE CIRCUIT TELEVISION (CCTV)|CAMERA|VIDEO POWER RECEIVER|Conventer VGA loose|WS20
CLOSE CIRCUIT TELEVISION (CCTV)|CAMERA|VIDEO POWER RECEIVER|Power cable pulled off|WS20
CLOSE CIRCUIT TELEVISION (CCTV)|CAMERA|VIDEO POWER RECEIVER|Overheating|WS20
CLOSE CIRCUIT TELEVISION (CCTV)|CAMERA|VIDEO POWER RECEIVER|Outdated firmware on DVR|WS20
CLOSE CIRCUIT TELEVISION (CCTV)|CAMERA|VIDEO POWER RECEIVER|MATRIX hang|WS20
CLOSE CIRCUIT TELEVISION (CCTV)|CAMERA|VIDEO POWER RECEIVER|B&C connector loose|WS20
CLOSE CIRCUIT TELEVISION (CCTV)|CAMERA|VIDEO POWER RECEIVER|Camera problem|WS20
CLOSE CIRCUIT TELEVISION (CCTV)|CAMERA|VIDEO POWER RECEIVER|DVR hang|WS20
CLOSE CIRCUIT TELEVISION (CCTV)|CAMERA|VIDEO POWER RECEIVER|No power|WS20
CLOSE CIRCUIT TELEVISION (CCTV)|CAMERA|VIDEO POWER RECEIVER|Cover box crack /open|WS20
CLOSE CIRCUIT TELEVISION (CCTV)|CAMERA|VIDEO POWER RECEIVER|Cable hangging|WS20
CLOSE CIRCUIT TELEVISION (CCTV)|CAMERA|VIDEO POWER RECEIVER|Monitor blank|WS20
CLOSE CIRCUIT TELEVISION (CCTV)|CAMERA|VIDEO POWER RECEIVER|Power supply problem|WS20
CLOSE CIRCUIT TELEVISION (CCTV)|CAMERA|VIDEO POWER RECEIVER|Converter HDMI loose|WS20
CLOSE CIRCUIT TELEVISION (CCTV)|CAMERA|VIDEO POWER RECEIVER|Conventer VGA loose|WS20
CLOSE CIRCUIT TELEVISION (CCTV)|CAMERA|VIDEO POWER RECEIVER|Power cable pulled off|WS20
CLOSE CIRCUIT TELEVISION (CCTV)|CAMERA|VIDEO POWER RECEIVER|Overheating|WS20
CLOSE CIRCUIT TELEVISION (CCTV)|CAMERA|VIDEO POWER RECEIVER|Outdated firmware on DVR|WS20
CLOSE CIRCUIT TELEVISION (CCTV)|CAMERA|VIDEO POWER RECEIVER|MATRIX hang|WS20
CLOSE CIRCUIT TELEVISION (CCTV)|CAMERA|CABLE COXIAL TYPE|B&C connector loose|WS20
CLOSE CIRCUIT TELEVISION (CCTV)|CAMERA|CABLE COXIAL TYPE|Camera problem|WS20
CLOSE CIRCUIT TELEVISION (CCTV)|CAMERA|CABLE COXIAL TYPE|DVR hang|WS20
CLOSE CIRCUIT TELEVISION (CCTV)|CAMERA|CABLE COXIAL TYPE|No power|WS20
CLOSE CIRCUIT TELEVISION (CCTV)|CAMERA|CABLE COXIAL TYPE|Cover box crack /open|WS20
CLOSE CIRCUIT TELEVISION (CCTV)|CAMERA|CABLE COXIAL TYPE|Cable hangging|WS20
CLOSE CIRCUIT TELEVISION (CCTV)|CAMERA|CABLE COXIAL TYPE|Monitor blank|WS20
CLOSE CIRCUIT TELEVISION (CCTV)|CAMERA|CABLE COXIAL TYPE|Power supply problem|WS20
CLOSE CIRCUIT TELEVISION (CCTV)|CAMERA|CABLE COXIAL TYPE|Converter HDMI loose|WS20
CLOSE CIRCUIT TELEVISION (CCTV)|CAMERA|CABLE COXIAL TYPE|Conventer VGA loose|WS20
CLOSE CIRCUIT TELEVISION (CCTV)|CAMERA|CABLE COXIAL TYPE|Power cable pulled off|WS20
CLOSE CIRCUIT TELEVISION (CCTV)|CAMERA|CABLE COXIAL TYPE|Overheating|WS20
CLOSE CIRCUIT TELEVISION (CCTV)|CAMERA|CABLE COXIAL TYPE|Outdated firmware on DVR|WS20
CLOSE CIRCUIT TELEVISION (CCTV)|CAMERA|CABLE COXIAL TYPE|MATRIX hang|WS20
CLOSE CIRCUIT TELEVISION (CCTV)|CAMERA|BNC CONNECTOR|B&C connector loose|WS20
CLOSE CIRCUIT TELEVISION (CCTV)|CAMERA|BNC CONNECTOR|Camera problem|WS20
CLOSE CIRCUIT TELEVISION (CCTV)|CAMERA|BNC CONNECTOR|DVR hang|WS20
CLOSE CIRCUIT TELEVISION (CCTV)|CAMERA|BNC CONNECTOR|No power|WS20
CLOSE CIRCUIT TELEVISION (CCTV)|CAMERA|BNC CONNECTOR|Cover box crack /open|WS20
CLOSE CIRCUIT TELEVISION (CCTV)|CAMERA|BNC CONNECTOR|Cable hangging|WS20
CLOSE CIRCUIT TELEVISION (CCTV)|CAMERA|BNC CONNECTOR|Monitor blank|WS20
CLOSE CIRCUIT TELEVISION (CCTV)|CAMERA|BNC CONNECTOR|Power supply problem|WS20
CLOSE CIRCUIT TELEVISION (CCTV)|CAMERA|BNC CONNECTOR|Converter HDMI loose|WS20
CLOSE CIRCUIT TELEVISION (CCTV)|CAMERA|BNC CONNECTOR|Conventer VGA loose|WS20
CLOSE CIRCUIT TELEVISION (CCTV)|CAMERA|BNC CONNECTOR|Power cable pulled off|WS20
CLOSE CIRCUIT TELEVISION (CCTV)|CAMERA|BNC CONNECTOR|Overheating|WS20
CLOSE CIRCUIT TELEVISION (CCTV)|CAMERA|BNC CONNECTOR|Outdated firmware on DVR|WS20
CLOSE CIRCUIT TELEVISION (CCTV)|CAMERA|BNC CONNECTOR|MATRIX hang|WS20
CLOSE CIRCUIT TELEVISION (CCTV)|CAMERA|BRACKETS BULLET NARROW CAMERA|B&C connector loose|WS20
CLOSE CIRCUIT TELEVISION (CCTV)|CAMERA|BRACKETS BULLET NARROW CAMERA|Camera problem|WS20
CLOSE CIRCUIT TELEVISION (CCTV)|CAMERA|BRACKETS BULLET NARROW CAMERA|DVR hang|WS20
CLOSE CIRCUIT TELEVISION (CCTV)|CAMERA|BRACKETS BULLET NARROW CAMERA|No power|WS20
CLOSE CIRCUIT TELEVISION (CCTV)|CAMERA|BRACKETS BULLET NARROW CAMERA|Cover box crack /open|WS20
CLOSE CIRCUIT TELEVISION (CCTV)|CAMERA|BRACKETS BULLET NARROW CAMERA|Cable hangging|WS20
CLOSE CIRCUIT TELEVISION (CCTV)|CAMERA|BRACKETS BULLET NARROW CAMERA|Monitor blank|WS20
CLOSE CIRCUIT TELEVISION (CCTV)|CAMERA|BRACKETS BULLET NARROW CAMERA|Power supply problem|WS20
CLOSE CIRCUIT TELEVISION (CCTV)|CAMERA|BRACKETS BULLET NARROW CAMERA|Converter HDMI loose|WS20
CLOSE CIRCUIT TELEVISION (CCTV)|CAMERA|BRACKETS BULLET NARROW CAMERA|Conventer VGA loose|WS20
CLOSE CIRCUIT TELEVISION (CCTV)|CAMERA|BRACKETS BULLET NARROW CAMERA|Power cable pulled off|WS20
CLOSE CIRCUIT TELEVISION (CCTV)|CAMERA|BRACKETS BULLET NARROW CAMERA|Overheating|WS20
CLOSE CIRCUIT TELEVISION (CCTV)|CAMERA|BRACKETS BULLET NARROW CAMERA|Outdated firmware on DVR|WS20
CLOSE CIRCUIT TELEVISION (CCTV)|CAMERA|BRACKETS BULLET NARROW CAMERA|MATRIX hang|WS20
Supervisory Control and Data Acquisition (SCADA)|PROGRAMMABLE LOGIC CONTROL (PLC)|BACK PLANE/BASE UNIT|SFP issue|WS20
Supervisory Control and Data Acquisition (SCADA)|PROGRAMMABLE LOGIC CONTROL (PLC)|BACK PLANE/BASE UNIT|System intermittent|WS20
Supervisory Control and Data Acquisition (SCADA)|PROGRAMMABLE LOGIC CONTROL (PLC)|BACK PLANE/BASE UNIT|Cable interface card PLC faulty|WS20
Supervisory Control and Data Acquisition (SCADA)|PROGRAMMABLE LOGIC CONTROL (PLC)|BACK PLANE/BASE UNIT|Self-refresh due to system bugs|WS20
Supervisory Control and Data Acquisition (SCADA)|PROGRAMMABLE LOGIC CONTROL (PLC)|BACK PLANE/BASE UNIT|PLC hang|WS20
Supervisory Control and Data Acquisition (SCADA)|PROGRAMMABLE LOGIC CONTROL (PLC)|BACK PLANE/BASE UNIT|SFP issue|WS20
Supervisory Control and Data Acquisition (SCADA)|PROGRAMMABLE LOGIC CONTROL (PLC)|BACK PLANE/BASE UNIT|System intermittent|WS20
Supervisory Control and Data Acquisition (SCADA)|PROGRAMMABLE LOGIC CONTROL (PLC)|BACK PLANE/BASE UNIT|Cable interface card PLC faulty|WS20
Supervisory Control and Data Acquisition (SCADA)|PROGRAMMABLE LOGIC CONTROL (PLC)|BACK PLANE/BASE UNIT|Self-refresh due to system bugs|WS20
Supervisory Control and Data Acquisition (SCADA)|PROGRAMMABLE LOGIC CONTROL (PLC)|BACK PLANE/BASE UNIT|PLC hang|WS20
Supervisory Control and Data Acquisition (SCADA)|PROGRAMMABLE LOGIC CONTROL (PLC)|POWER SUPPLY|SFP issue|WS20
Supervisory Control and Data Acquisition (SCADA)|PROGRAMMABLE LOGIC CONTROL (PLC)|POWER SUPPLY|System intermittent|WS20
Supervisory Control and Data Acquisition (SCADA)|PROGRAMMABLE LOGIC CONTROL (PLC)|POWER SUPPLY|Cable interface card PLC faulty|WS20
Supervisory Control and Data Acquisition (SCADA)|PROGRAMMABLE LOGIC CONTROL (PLC)|POWER SUPPLY|Self-refresh due to system bugs|WS20
Supervisory Control and Data Acquisition (SCADA)|PROGRAMMABLE LOGIC CONTROL (PLC)|POWER SUPPLY|PLC hang|WS20
Supervisory Control and Data Acquisition (SCADA)|PROGRAMMABLE LOGIC CONTROL (PLC)|CPU CARD MODULE|SFP issue|WS20
Supervisory Control and Data Acquisition (SCADA)|PROGRAMMABLE LOGIC CONTROL (PLC)|CPU CARD MODULE|System intermittent|WS20
Supervisory Control and Data Acquisition (SCADA)|PROGRAMMABLE LOGIC CONTROL (PLC)|CPU CARD MODULE|Cable interface card PLC faulty|WS20
Supervisory Control and Data Acquisition (SCADA)|PROGRAMMABLE LOGIC CONTROL (PLC)|CPU CARD MODULE|Self-refresh due to system bugs|WS20
Supervisory Control and Data Acquisition (SCADA)|PROGRAMMABLE LOGIC CONTROL (PLC)|CPU CARD MODULE|PLC hang|WS20
Supervisory Control and Data Acquisition (SCADA)|PROGRAMMABLE LOGIC CONTROL (PLC)|BATTERY CPU CARD|SFP issue|WS20
Supervisory Control and Data Acquisition (SCADA)|PROGRAMMABLE LOGIC CONTROL (PLC)|BATTERY CPU CARD|System intermittent|WS20
Supervisory Control and Data Acquisition (SCADA)|PROGRAMMABLE LOGIC CONTROL (PLC)|BATTERY CPU CARD|Cable interface card PLC faulty|WS20
Supervisory Control and Data Acquisition (SCADA)|PROGRAMMABLE LOGIC CONTROL (PLC)|BATTERY CPU CARD|Self-refresh due to system bugs|WS20
Supervisory Control and Data Acquisition (SCADA)|PROGRAMMABLE LOGIC CONTROL (PLC)|BATTERY CPU CARD|PLC hang|WS20
Supervisory Control and Data Acquisition (SCADA)|PROGRAMMABLE LOGIC CONTROL (PLC)|ETH CARD MODULE|SFP issue|WS20
Supervisory Control and Data Acquisition (SCADA)|PROGRAMMABLE LOGIC CONTROL (PLC)|ETH CARD MODULE|System intermittent|WS20
Supervisory Control and Data Acquisition (SCADA)|PROGRAMMABLE LOGIC CONTROL (PLC)|ETH CARD MODULE|Cable interface card PLC faulty|WS20
Supervisory Control and Data Acquisition (SCADA)|PROGRAMMABLE LOGIC CONTROL (PLC)|ETH CARD MODULE|Self-refresh due to system bugs|WS20
Supervisory Control and Data Acquisition (SCADA)|PROGRAMMABLE LOGIC CONTROL (PLC)|ETH CARD MODULE|PLC hang|WS20
Supervisory Control and Data Acquisition (SCADA)|PROGRAMMABLE LOGIC CONTROL (PLC)|INPUT CARD MODULE|SFP issue|WS20
Supervisory Control and Data Acquisition (SCADA)|PROGRAMMABLE LOGIC CONTROL (PLC)|INPUT CARD MODULE|System intermittent|WS20
Supervisory Control and Data Acquisition (SCADA)|PROGRAMMABLE LOGIC CONTROL (PLC)|INPUT CARD MODULE|Cable interface card PLC faulty|WS20
Supervisory Control and Data Acquisition (SCADA)|PROGRAMMABLE LOGIC CONTROL (PLC)|INPUT CARD MODULE|Self-refresh due to system bugs|WS20
Supervisory Control and Data Acquisition (SCADA)|PROGRAMMABLE LOGIC CONTROL (PLC)|INPUT CARD MODULE|PLC hang|WS20
Supervisory Control and Data Acquisition (SCADA)|PROGRAMMABLE LOGIC CONTROL (PLC)|OUTPUT CARD MODULE|SFP issue|WS20
Supervisory Control and Data Acquisition (SCADA)|PROGRAMMABLE LOGIC CONTROL (PLC)|OUTPUT CARD MODULE|System intermittent|WS20
Supervisory Control and Data Acquisition (SCADA)|PROGRAMMABLE LOGIC CONTROL (PLC)|OUTPUT CARD MODULE|Cable interface card PLC faulty|WS20
Supervisory Control and Data Acquisition (SCADA)|PROGRAMMABLE LOGIC CONTROL (PLC)|OUTPUT CARD MODULE|Self-refresh due to system bugs|WS20
Supervisory Control and Data Acquisition (SCADA)|PROGRAMMABLE LOGIC CONTROL (PLC)|OUTPUT CARD MODULE|PLC hang|WS20
Supervisory Control and Data Acquisition (SCADA)|PROGRAMMABLE LOGIC CONTROL (PLC)|ANALOG CARD / A/D CONVERTER MODULE|SFP issue|WS20
Supervisory Control and Data Acquisition (SCADA)|PROGRAMMABLE LOGIC CONTROL (PLC)|ANALOG CARD / A/D CONVERTER MODULE|System intermittent|WS20
Supervisory Control and Data Acquisition (SCADA)|PROGRAMMABLE LOGIC CONTROL (PLC)|ANALOG CARD / A/D CONVERTER MODULE|Cable interface card PLC faulty|WS20
Supervisory Control and Data Acquisition (SCADA)|PROGRAMMABLE LOGIC CONTROL (PLC)|ANALOG CARD / A/D CONVERTER MODULE|Self-refresh due to system bugs|WS20
Supervisory Control and Data Acquisition (SCADA)|PROGRAMMABLE LOGIC CONTROL (PLC)|ANALOG CARD / A/D CONVERTER MODULE|PLC hang|WS20
Supervisory Control and Data Acquisition (SCADA)|PROGRAMMABLE LOGIC CONTROL (PLC)|CONNECTOR CABLE INPUT CARD|SFP issue|WS20
Supervisory Control and Data Acquisition (SCADA)|PROGRAMMABLE LOGIC CONTROL (PLC)|CONNECTOR CABLE INPUT CARD|System intermittent|WS20
Supervisory Control and Data Acquisition (SCADA)|PROGRAMMABLE LOGIC CONTROL (PLC)|CONNECTOR CABLE INPUT CARD|Cable interface card PLC faulty|WS20
Supervisory Control and Data Acquisition (SCADA)|PROGRAMMABLE LOGIC CONTROL (PLC)|CONNECTOR CABLE INPUT CARD|Self-refresh due to system bugs|WS20
Supervisory Control and Data Acquisition (SCADA)|PROGRAMMABLE LOGIC CONTROL (PLC)|CONNECTOR CABLE INPUT CARD|PLC hang|WS20
Supervisory Control and Data Acquisition (SCADA)|PROGRAMMABLE LOGIC CONTROL (PLC)|PROGRAMMING USB MINI CABLE|SFP issue|WS20
Supervisory Control and Data Acquisition (SCADA)|PROGRAMMABLE LOGIC CONTROL (PLC)|PROGRAMMING USB MINI CABLE|System intermittent|WS20
Supervisory Control and Data Acquisition (SCADA)|PROGRAMMABLE LOGIC CONTROL (PLC)|PROGRAMMING USB MINI CABLE|Cable interface card PLC faulty|WS20
Supervisory Control and Data Acquisition (SCADA)|PROGRAMMABLE LOGIC CONTROL (PLC)|PROGRAMMING USB MINI CABLE|Self-refresh due to system bugs|WS20
Supervisory Control and Data Acquisition (SCADA)|PROGRAMMABLE LOGIC CONTROL (PLC)|PROGRAMMING USB MINI CABLE|PLC hang|WS20
Supervisory Control and Data Acquisition (SCADA)|PROGRAMMABLE LOGIC CONTROL (PLC)|NETWORK UTP/RJ45 CABLE|SFP issue|WS20
Supervisory Control and Data Acquisition (SCADA)|PROGRAMMABLE LOGIC CONTROL (PLC)|NETWORK UTP/RJ45 CABLE|System intermittent|WS20
Supervisory Control and Data Acquisition (SCADA)|PROGRAMMABLE LOGIC CONTROL (PLC)|NETWORK UTP/RJ45 CABLE|Cable interface card PLC faulty|WS20
Supervisory Control and Data Acquisition (SCADA)|PROGRAMMABLE LOGIC CONTROL (PLC)|NETWORK UTP/RJ45 CABLE|Self-refresh due to system bugs|WS20
Supervisory Control and Data Acquisition (SCADA)|PROGRAMMABLE LOGIC CONTROL (PLC)|NETWORK UTP/RJ45 CABLE|PLC hang|WS20
Supervisory Control and Data Acquisition (SCADA)|PROGRAMMABLE LOGIC CONTROL (PLC)|UTP Modular Connector/RJ45|SFP issue|WS20
Supervisory Control and Data Acquisition (SCADA)|PROGRAMMABLE LOGIC CONTROL (PLC)|UTP Modular Connector/RJ45|System intermittent|WS20
Supervisory Control and Data Acquisition (SCADA)|PROGRAMMABLE LOGIC CONTROL (PLC)|UTP Modular Connector/RJ45|Cable interface card PLC faulty|WS20
Supervisory Control and Data Acquisition (SCADA)|PROGRAMMABLE LOGIC CONTROL (PLC)|UTP Modular Connector/RJ45|Self-refresh due to system bugs|WS20
Supervisory Control and Data Acquisition (SCADA)|PROGRAMMABLE LOGIC CONTROL (PLC)|UTP Modular Connector/RJ45|PLC hang|WS20
Supervisory Control and Data Acquisition (SCADA)|PROGRAMMABLE LOGIC CONTROL (PLC)|POWER SUPPLY INCOMING 24VDC|SFP issue|WS20
Supervisory Control and Data Acquisition (SCADA)|PROGRAMMABLE LOGIC CONTROL (PLC)|POWER SUPPLY INCOMING 24VDC|System intermittent|WS20
Supervisory Control and Data Acquisition (SCADA)|PROGRAMMABLE LOGIC CONTROL (PLC)|POWER SUPPLY INCOMING 24VDC|Cable interface card PLC faulty|WS20
Supervisory Control and Data Acquisition (SCADA)|PROGRAMMABLE LOGIC CONTROL (PLC)|POWER SUPPLY INCOMING 24VDC|Self-refresh due to system bugs|WS20
Supervisory Control and Data Acquisition (SCADA)|PROGRAMMABLE LOGIC CONTROL (PLC)|POWER SUPPLY INCOMING 24VDC|PLC hang|WS20
Supervisory Control and Data Acquisition (SCADA)|PROGRAMMABLE LOGIC CONTROL (PLC)|TBQC|SFP issue|WS20
Supervisory Control and Data Acquisition (SCADA)|PROGRAMMABLE LOGIC CONTROL (PLC)|TBQC|System intermittent|WS20
Supervisory Control and Data Acquisition (SCADA)|PROGRAMMABLE LOGIC CONTROL (PLC)|TBQC|Cable interface card PLC faulty|WS20
Supervisory Control and Data Acquisition (SCADA)|PROGRAMMABLE LOGIC CONTROL (PLC)|TBQC|Self-refresh due to system bugs|WS20
Supervisory Control and Data Acquisition (SCADA)|PROGRAMMABLE LOGIC CONTROL (PLC)|TBQC|PLC hang|WS20
Supervisory Control and Data Acquisition (SCADA)|PROGRAMMABLE LOGIC CONTROL (PLC)|TBQC|SFP issue|WS20
Supervisory Control and Data Acquisition (SCADA)|PROGRAMMABLE LOGIC CONTROL (PLC)|TBQC|System intermittent|WS20
Supervisory Control and Data Acquisition (SCADA)|PROGRAMMABLE LOGIC CONTROL (PLC)|TBQC|Cable interface card PLC faulty|WS20
Supervisory Control and Data Acquisition (SCADA)|PROGRAMMABLE LOGIC CONTROL (PLC)|TBQC|Self-refresh due to system bugs|WS20
Supervisory Control and Data Acquisition (SCADA)|PROGRAMMABLE LOGIC CONTROL (PLC)|TBQC|PLC hang|WS20
Supervisory Control and Data Acquisition (SCADA)|PROGRAMMABLE LOGIC CONTROL (PLC)|CONNECTOR CABLE TBQC|SFP issue|WS20
Supervisory Control and Data Acquisition (SCADA)|PROGRAMMABLE LOGIC CONTROL (PLC)|CONNECTOR CABLE TBQC|System intermittent|WS20
Supervisory Control and Data Acquisition (SCADA)|PROGRAMMABLE LOGIC CONTROL (PLC)|CONNECTOR CABLE TBQC|Cable interface card PLC faulty|WS20
Supervisory Control and Data Acquisition (SCADA)|PROGRAMMABLE LOGIC CONTROL (PLC)|CONNECTOR CABLE TBQC|Self-refresh due to system bugs|WS20
Supervisory Control and Data Acquisition (SCADA)|PROGRAMMABLE LOGIC CONTROL (PLC)|CONNECTOR CABLE TBQC|PLC hang|WS20
Supervisory Control and Data Acquisition (SCADA)|PROGRAMMABLE LOGIC CONTROL (PLC)|MODULER TERMINAL BLADE|SFP issue|WS20
Supervisory Control and Data Acquisition (SCADA)|PROGRAMMABLE LOGIC CONTROL (PLC)|MODULER TERMINAL BLADE|System intermittent|WS20
Supervisory Control and Data Acquisition (SCADA)|PROGRAMMABLE LOGIC CONTROL (PLC)|MODULER TERMINAL BLADE|Cable interface card PLC faulty|WS20
Supervisory Control and Data Acquisition (SCADA)|PROGRAMMABLE LOGIC CONTROL (PLC)|MODULER TERMINAL BLADE|Self-refresh due to system bugs|WS20
Supervisory Control and Data Acquisition (SCADA)|PROGRAMMABLE LOGIC CONTROL (PLC)|MODULER TERMINAL BLADE|PLC hang|WS20
Supervisory Control and Data Acquisition (SCADA)|PROGRAMMABLE LOGIC CONTROL (PLC)|CABLE I/O|SFP issue|WS20
Supervisory Control and Data Acquisition (SCADA)|PROGRAMMABLE LOGIC CONTROL (PLC)|CABLE I/O|System intermittent|WS20
Supervisory Control and Data Acquisition (SCADA)|PROGRAMMABLE LOGIC CONTROL (PLC)|CABLE I/O|Cable interface card PLC faulty|WS20
Supervisory Control and Data Acquisition (SCADA)|PROGRAMMABLE LOGIC CONTROL (PLC)|CABLE I/O|Self-refresh due to system bugs|WS20
Supervisory Control and Data Acquisition (SCADA)|PROGRAMMABLE LOGIC CONTROL (PLC)|CABLE I/O|PLC hang|WS20
Supervisory Control and Data Acquisition (SCADA)|PROGRAMMABLE LOGIC CONTROL (PLC)|CABLE I/O|SFP issue|WS20
Supervisory Control and Data Acquisition (SCADA)|PROGRAMMABLE LOGIC CONTROL (PLC)|CABLE I/O|System intermittent|WS20
Supervisory Control and Data Acquisition (SCADA)|PROGRAMMABLE LOGIC CONTROL (PLC)|CABLE I/O|Cable interface card PLC faulty|WS20
Supervisory Control and Data Acquisition (SCADA)|PROGRAMMABLE LOGIC CONTROL (PLC)|CABLE I/O|Self-refresh due to system bugs|WS20
Supervisory Control and Data Acquisition (SCADA)|PROGRAMMABLE LOGIC CONTROL (PLC)|CABLE I/O|PLC hang|WS20
Supervisory Control and Data Acquisition (SCADA)|PROGRAMMABLE LOGIC CONTROL (PLC)|POWER SUPPLY INCOMING 24VDC|SFP issue|WS20
Supervisory Control and Data Acquisition (SCADA)|PROGRAMMABLE LOGIC CONTROL (PLC)|POWER SUPPLY INCOMING 24VDC|System intermittent|WS20
Supervisory Control and Data Acquisition (SCADA)|PROGRAMMABLE LOGIC CONTROL (PLC)|POWER SUPPLY INCOMING 24VDC|Cable interface card PLC faulty|WS20
Supervisory Control and Data Acquisition (SCADA)|PROGRAMMABLE LOGIC CONTROL (PLC)|POWER SUPPLY INCOMING 24VDC|Self-refresh due to system bugs|WS20
Supervisory Control and Data Acquisition (SCADA)|PROGRAMMABLE LOGIC CONTROL (PLC)|POWER SUPPLY INCOMING 24VDC|PLC hang|WS20
Supervisory Control and Data Acquisition (SCADA)|PROGRAMMABLE LOGIC CONTROL (PLC)|POWER SUPPLY INCOMING 24VDC|SFP issue|WS20
Supervisory Control and Data Acquisition (SCADA)|PROGRAMMABLE LOGIC CONTROL (PLC)|POWER SUPPLY INCOMING 24VDC|System intermittent|WS20
Supervisory Control and Data Acquisition (SCADA)|PROGRAMMABLE LOGIC CONTROL (PLC)|POWER SUPPLY INCOMING 24VDC|Cable interface card PLC faulty|WS20
Supervisory Control and Data Acquisition (SCADA)|PROGRAMMABLE LOGIC CONTROL (PLC)|POWER SUPPLY INCOMING 24VDC|Self-refresh due to system bugs|WS20
Supervisory Control and Data Acquisition (SCADA)|PROGRAMMABLE LOGIC CONTROL (PLC)|POWER SUPPLY INCOMING 24VDC|PLC hang|WS20
Supervisory Control and Data Acquisition (SCADA)|PROGRAMMABLE LOGIC CONTROL (PLC)|POWER SUPPLY INCOMING 24VDC|SFP issue|WS20
Supervisory Control and Data Acquisition (SCADA)|PROGRAMMABLE LOGIC CONTROL (PLC)|POWER SUPPLY INCOMING 24VDC|System intermittent|WS20
Supervisory Control and Data Acquisition (SCADA)|PROGRAMMABLE LOGIC CONTROL (PLC)|POWER SUPPLY INCOMING 24VDC|Cable interface card PLC faulty|WS20
Supervisory Control and Data Acquisition (SCADA)|PROGRAMMABLE LOGIC CONTROL (PLC)|POWER SUPPLY INCOMING 24VDC|Self-refresh due to system bugs|WS20
Supervisory Control and Data Acquisition (SCADA)|PROGRAMMABLE LOGIC CONTROL (PLC)|POWER SUPPLY INCOMING 24VDC|PLC hang|WS20
Supervisory Control and Data Acquisition (SCADA)|PROGRAMMABLE LOGIC CONTROL (PLC)|NETWORK FIBER CONVERTER TO RJ45 (HTZ,MKZ,TSZ,BFN)|SFP issue|WS20
Supervisory Control and Data Acquisition (SCADA)|PROGRAMMABLE LOGIC CONTROL (PLC)|NETWORK FIBER CONVERTER TO RJ45 (HTZ,MKZ,TSZ,BFN)|System intermittent|WS20
Supervisory Control and Data Acquisition (SCADA)|PROGRAMMABLE LOGIC CONTROL (PLC)|NETWORK FIBER CONVERTER TO RJ45 (HTZ,MKZ,TSZ,BFN)|Cable interface card PLC faulty|WS20
Supervisory Control and Data Acquisition (SCADA)|PROGRAMMABLE LOGIC CONTROL (PLC)|NETWORK FIBER CONVERTER TO RJ45 (HTZ,MKZ,TSZ,BFN)|Self-refresh due to system bugs|WS20
Supervisory Control and Data Acquisition (SCADA)|PROGRAMMABLE LOGIC CONTROL (PLC)|NETWORK FIBER CONVERTER TO RJ45 (HTZ,MKZ,TSZ,BFN)|PLC hang|WS20
Supervisory Control and Data Acquisition (SCADA)|PROGRAMMABLE LOGIC CONTROL (PLC)|POWER SUPPLY INCOMING CONVERTER RX/TX 12VDC|SFP issue|WS20
Supervisory Control and Data Acquisition (SCADA)|PROGRAMMABLE LOGIC CONTROL (PLC)|POWER SUPPLY INCOMING CONVERTER RX/TX 12VDC|System intermittent|WS20
Supervisory Control and Data Acquisition (SCADA)|PROGRAMMABLE LOGIC CONTROL (PLC)|POWER SUPPLY INCOMING CONVERTER RX/TX 12VDC|Cable interface card PLC faulty|WS20
Supervisory Control and Data Acquisition (SCADA)|PROGRAMMABLE LOGIC CONTROL (PLC)|POWER SUPPLY INCOMING CONVERTER RX/TX 12VDC|Self-refresh due to system bugs|WS20
Supervisory Control and Data Acquisition (SCADA)|PROGRAMMABLE LOGIC CONTROL (PLC)|POWER SUPPLY INCOMING CONVERTER RX/TX 12VDC|PLC hang|WS20
Supervisory Control and Data Acquisition (SCADA)|PROGRAMMABLE LOGIC CONTROL (PLC)|NETWORK FIBER CONVERTER TO RJ45 (SSZ)|SFP issue|WS20
Supervisory Control and Data Acquisition (SCADA)|PROGRAMMABLE LOGIC CONTROL (PLC)|NETWORK FIBER CONVERTER TO RJ45 (SSZ)|System intermittent|WS20
Supervisory Control and Data Acquisition (SCADA)|PROGRAMMABLE LOGIC CONTROL (PLC)|NETWORK FIBER CONVERTER TO RJ45 (SSZ)|Cable interface card PLC faulty|WS20
Supervisory Control and Data Acquisition (SCADA)|PROGRAMMABLE LOGIC CONTROL (PLC)|NETWORK FIBER CONVERTER TO RJ45 (SSZ)|Self-refresh due to system bugs|WS20
Supervisory Control and Data Acquisition (SCADA)|PROGRAMMABLE LOGIC CONTROL (PLC)|NETWORK FIBER CONVERTER TO RJ45 (SSZ)|PLC hang|WS20
Supervisory Control and Data Acquisition (SCADA)|PROGRAMMABLE LOGIC CONTROL (PLC)|POWER ADAPTER CONVERTER FIBER (SSZ)|SFP issue|WS20
Supervisory Control and Data Acquisition (SCADA)|PROGRAMMABLE LOGIC CONTROL (PLC)|POWER ADAPTER CONVERTER FIBER (SSZ)|System intermittent|WS20
Supervisory Control and Data Acquisition (SCADA)|PROGRAMMABLE LOGIC CONTROL (PLC)|POWER ADAPTER CONVERTER FIBER (SSZ)|Cable interface card PLC faulty|WS20
Supervisory Control and Data Acquisition (SCADA)|PROGRAMMABLE LOGIC CONTROL (PLC)|POWER ADAPTER CONVERTER FIBER (SSZ)|Self-refresh due to system bugs|WS20
Supervisory Control and Data Acquisition (SCADA)|PROGRAMMABLE LOGIC CONTROL (PLC)|POWER ADAPTER CONVERTER FIBER (SSZ)|PLC hang|WS20
Supervisory Control and Data Acquisition (SCADA)|PROGRAMMABLE LOGIC CONTROL (PLC)|FIBER CABLE|SFP issue|WS20
Supervisory Control and Data Acquisition (SCADA)|PROGRAMMABLE LOGIC CONTROL (PLC)|FIBER CABLE|System intermittent|WS20
Supervisory Control and Data Acquisition (SCADA)|PROGRAMMABLE LOGIC CONTROL (PLC)|FIBER CABLE|Cable interface card PLC faulty|WS20
Supervisory Control and Data Acquisition (SCADA)|PROGRAMMABLE LOGIC CONTROL (PLC)|FIBER CABLE|Self-refresh due to system bugs|WS20
Supervisory Control and Data Acquisition (SCADA)|PROGRAMMABLE LOGIC CONTROL (PLC)|FIBER CABLE|PLC hang|WS20
PABX|NEAX® 2000 IPS|DIGITAL CARD|Cordless phone broken|WS20
PABX|NEAX® 2000 IPS|DIGITAL CARD|Intermittent|WS20
PABX|NEAX® 2000 IPS|DIGITAL CARD|Connector port loose|WS20
PABX|NEAX® 2000 IPS|DIGITAL CARD|Battery issue|WS20
PABX|NEAX® 2000 IPS|DIGITAL CARD|Cable RJ11 loose|WS20
PABX|NEAX® 2000 IPS|DIGITAL CARD|Cable power loose|WS20
PABX|NEAX® 2000 IPS|DIGITAL CARD|Fuse blow|WS20
PABX|NEAX® 2000 IPS|DIGITAL CARD|UTP cable loose / broken|WS20
PABX|NEAX® 2000 IPS|DIGITAL CARD|No power|WS20
PABX|NEAX® 2000 IPS|DIGITAL CARD|Power supply burst / broken|WS20
PABX|NEAX® 2000 IPS|DIGITAL CARD|Cable phone loose|WS20
PABX|NEAX® 2000 IPS|ANALOG CARD|Cordless phone broken|WS20
PABX|NEAX® 2000 IPS|ANALOG CARD|Intermittent|WS20
PABX|NEAX® 2000 IPS|ANALOG CARD|Connector port loose|WS20
PABX|NEAX® 2000 IPS|ANALOG CARD|Battery issue|WS20
PABX|NEAX® 2000 IPS|ANALOG CARD|Cable RJ11 loose|WS20
PABX|NEAX® 2000 IPS|ANALOG CARD|Cable power loose|WS20
PABX|NEAX® 2000 IPS|ANALOG CARD|Fuse blow|WS20
PABX|NEAX® 2000 IPS|ANALOG CARD|UTP cable loose / broken|WS20
PABX|NEAX® 2000 IPS|ANALOG CARD|No power|WS20
PABX|NEAX® 2000 IPS|ANALOG CARD|Power supply burst / broken|WS20
PABX|NEAX® 2000 IPS|ANALOG CARD|Cable phone loose|WS20
PABX|NEAX® 2000 IPS|E1 CARD|Cordless phone broken|WS20
PABX|NEAX® 2000 IPS|E1 CARD|Intermittent|WS20
PABX|NEAX® 2000 IPS|E1 CARD|Connector port loose|WS20
PABX|NEAX® 2000 IPS|E1 CARD|Battery issue|WS20
PABX|NEAX® 2000 IPS|E1 CARD|Cable RJ11 loose|WS20
PABX|NEAX® 2000 IPS|E1 CARD|Cable power loose|WS20
PABX|NEAX® 2000 IPS|E1 CARD|Fuse blow|WS20
PABX|NEAX® 2000 IPS|E1 CARD|UTP cable loose / broken|WS20
PABX|NEAX® 2000 IPS|E1 CARD|No power|WS20
PABX|NEAX® 2000 IPS|E1 CARD|Power supply burst / broken|WS20
PABX|NEAX® 2000 IPS|E1 CARD|Cable phone loose|WS20
PABX|NEAX® 2000 IPS|E1 CARD|Cordless phone broken|WS20
PABX|NEAX® 2000 IPS|E1 CARD|Intermittent|WS20
PABX|NEAX® 2000 IPS|E1 CARD|Connector port loose|WS20
PABX|NEAX® 2000 IPS|E1 CARD|Battery issue|WS20
PABX|NEAX® 2000 IPS|E1 CARD|Cable RJ11 loose|WS20
PABX|NEAX® 2000 IPS|E1 CARD|Cable power loose|WS20
PABX|NEAX® 2000 IPS|E1 CARD|Fuse blow|WS20
PABX|NEAX® 2000 IPS|E1 CARD|UTP cable loose / broken|WS20
PABX|NEAX® 2000 IPS|E1 CARD|No power|WS20
PABX|NEAX® 2000 IPS|E1 CARD|Power supply burst / broken|WS20
PABX|NEAX® 2000 IPS|E1 CARD|Cable phone loose|WS20
PABX|NEAX® 2000 IPS|E1 CARD|Cordless phone broken|WS20
PABX|NEAX® 2000 IPS|E1 CARD|Intermittent|WS20
PABX|NEAX® 2000 IPS|E1 CARD|Connector port loose|WS20
PABX|NEAX® 2000 IPS|E1 CARD|Battery issue|WS20
PABX|NEAX® 2000 IPS|E1 CARD|Cable RJ11 loose|WS20
PABX|NEAX® 2000 IPS|E1 CARD|Cable power loose|WS20
PABX|NEAX® 2000 IPS|E1 CARD|Fuse blow|WS20
PABX|NEAX® 2000 IPS|E1 CARD|UTP cable loose / broken|WS20
PABX|NEAX® 2000 IPS|E1 CARD|No power|WS20
PABX|NEAX® 2000 IPS|E1 CARD|Power supply burst / broken|WS20
PABX|NEAX® 2000 IPS|E1 CARD|Cable phone loose|WS20
PABX|NEAX® 2000 IPS|ISDN CARD|Cordless phone broken|WS20
PABX|NEAX® 2000 IPS|ISDN CARD|Intermittent|WS20
PABX|NEAX® 2000 IPS|ISDN CARD|Connector port loose|WS20
PABX|NEAX® 2000 IPS|ISDN CARD|Battery issue|WS20
PABX|NEAX® 2000 IPS|ISDN CARD|Cable RJ11 loose|WS20
PABX|NEAX® 2000 IPS|ISDN CARD|Cable power loose|WS20
PABX|NEAX® 2000 IPS|ISDN CARD|Fuse blow|WS20
PABX|NEAX® 2000 IPS|ISDN CARD|UTP cable loose / broken|WS20
PABX|NEAX® 2000 IPS|ISDN CARD|No power|WS20
PABX|NEAX® 2000 IPS|ISDN CARD|Power supply burst / broken|WS20
PABX|NEAX® 2000 IPS|ISDN CARD|Cable phone loose|WS20
PABX|NEAX® 2000 IPS|MAIN PROCESSOR CARD|Cordless phone broken|WS20
PABX|NEAX® 2000 IPS|MAIN PROCESSOR CARD|Intermittent|WS20
PABX|NEAX® 2000 IPS|MAIN PROCESSOR CARD|Connector port loose|WS20
PABX|NEAX® 2000 IPS|MAIN PROCESSOR CARD|Battery issue|WS20
PABX|NEAX® 2000 IPS|MAIN PROCESSOR CARD|Cable RJ11 loose|WS20
PABX|NEAX® 2000 IPS|MAIN PROCESSOR CARD|Cable power loose|WS20
PABX|NEAX® 2000 IPS|MAIN PROCESSOR CARD|Fuse blow|WS20
PABX|NEAX® 2000 IPS|MAIN PROCESSOR CARD|UTP cable loose / broken|WS20
PABX|NEAX® 2000 IPS|MAIN PROCESSOR CARD|No power|WS20
PABX|NEAX® 2000 IPS|MAIN PROCESSOR CARD|Power supply burst / broken|WS20
PABX|NEAX® 2000 IPS|MAIN PROCESSOR CARD|Cable phone loose|WS20
PABX|NEAX® 2000 IPS|POWER SUPPLY|Cordless phone broken|WS20
PABX|NEAX® 2000 IPS|POWER SUPPLY|Intermittent|WS20
PABX|NEAX® 2000 IPS|POWER SUPPLY|Connector port loose|WS20
PABX|NEAX® 2000 IPS|POWER SUPPLY|Battery issue|WS20
PABX|NEAX® 2000 IPS|POWER SUPPLY|Cable RJ11 loose|WS20
PABX|NEAX® 2000 IPS|POWER SUPPLY|Cable power loose|WS20
PABX|NEAX® 2000 IPS|POWER SUPPLY|Fuse blow|WS20
PABX|NEAX® 2000 IPS|POWER SUPPLY|UTP cable loose / broken|WS20
PABX|NEAX® 2000 IPS|POWER SUPPLY|No power|WS20
PABX|NEAX® 2000 IPS|POWER SUPPLY|Power supply burst / broken|WS20
PABX|NEAX® 2000 IPS|POWER SUPPLY|Cable phone loose|WS20
PABX|NEAX® 2000 IPS|MAIN BATTERY|Cordless phone broken|WS20
PABX|NEAX® 2000 IPS|MAIN BATTERY|Intermittent|WS20
PABX|NEAX® 2000 IPS|MAIN BATTERY|Connector port loose|WS20
PABX|NEAX® 2000 IPS|MAIN BATTERY|Battery issue|WS20
PABX|NEAX® 2000 IPS|MAIN BATTERY|Cable RJ11 loose|WS20
PABX|NEAX® 2000 IPS|MAIN BATTERY|Cable power loose|WS20
PABX|NEAX® 2000 IPS|MAIN BATTERY|Fuse blow|WS20
PABX|NEAX® 2000 IPS|MAIN BATTERY|UTP cable loose / broken|WS20
PABX|NEAX® 2000 IPS|MAIN BATTERY|No power|WS20
PABX|NEAX® 2000 IPS|MAIN BATTERY|Power supply burst / broken|WS20
PABX|NEAX® 2000 IPS|MAIN BATTERY|Cable phone loose|WS20
PABX|NEAX® 2000 IPS|BATTERY BACKUP|Cordless phone broken|WS20
PABX|NEAX® 2000 IPS|BATTERY BACKUP|Intermittent|WS20
PABX|NEAX® 2000 IPS|BATTERY BACKUP|Connector port loose|WS20
PABX|NEAX® 2000 IPS|BATTERY BACKUP|Battery issue|WS20
PABX|NEAX® 2000 IPS|BATTERY BACKUP|Cable RJ11 loose|WS20
PABX|NEAX® 2000 IPS|BATTERY BACKUP|Cable power loose|WS20
PABX|NEAX® 2000 IPS|BATTERY BACKUP|Fuse blow|WS20
PABX|NEAX® 2000 IPS|BATTERY BACKUP|UTP cable loose / broken|WS20
PABX|NEAX® 2000 IPS|BATTERY BACKUP|No power|WS20
PABX|NEAX® 2000 IPS|BATTERY BACKUP|Power supply burst / broken|WS20
PABX|NEAX® 2000 IPS|BATTERY BACKUP|Cable phone loose|WS20
PABX|NEAX® 2000 IPS|CABLE POWER|Cordless phone broken|WS20
PABX|NEAX® 2000 IPS|CABLE POWER|Intermittent|WS20
PABX|NEAX® 2000 IPS|CABLE POWER|Connector port loose|WS20
PABX|NEAX® 2000 IPS|CABLE POWER|Battery issue|WS20
PABX|NEAX® 2000 IPS|CABLE POWER|Cable RJ11 loose|WS20
PABX|NEAX® 2000 IPS|CABLE POWER|Cable power loose|WS20
PABX|NEAX® 2000 IPS|CABLE POWER|Fuse blow|WS20
PABX|NEAX® 2000 IPS|CABLE POWER|UTP cable loose / broken|WS20
PABX|NEAX® 2000 IPS|CABLE POWER|No power|WS20
PABX|NEAX® 2000 IPS|CABLE POWER|Power supply burst / broken|WS20
PABX|NEAX® 2000 IPS|CABLE POWER|Cable phone loose|WS20
PABX|NEAX® 2000 IPS|RAINBOW CABLE|Cordless phone broken|WS20
PABX|NEAX® 2000 IPS|RAINBOW CABLE|Intermittent|WS20
PABX|NEAX® 2000 IPS|RAINBOW CABLE|Connector port loose|WS20
PABX|NEAX® 2000 IPS|RAINBOW CABLE|Battery issue|WS20
PABX|NEAX® 2000 IPS|RAINBOW CABLE|Cable RJ11 loose|WS20
PABX|NEAX® 2000 IPS|RAINBOW CABLE|Cable power loose|WS20
PABX|NEAX® 2000 IPS|RAINBOW CABLE|Fuse blow|WS20
PABX|NEAX® 2000 IPS|RAINBOW CABLE|UTP cable loose / broken|WS20
PABX|NEAX® 2000 IPS|RAINBOW CABLE|No power|WS20
PABX|NEAX® 2000 IPS|RAINBOW CABLE|Power supply burst / broken|WS20
PABX|NEAX® 2000 IPS|RAINBOW CABLE|Cable phone loose|WS20
PABX|NEAX® 2000 IPS|FUSE|Cordless phone broken|WS20
PABX|NEAX® 2000 IPS|FUSE|Intermittent|WS20
PABX|NEAX® 2000 IPS|FUSE|Connector port loose|WS20
PABX|NEAX® 2000 IPS|FUSE|Battery issue|WS20
PABX|NEAX® 2000 IPS|FUSE|Cable RJ11 loose|WS20
PABX|NEAX® 2000 IPS|FUSE|Cable power loose|WS20
PABX|NEAX® 2000 IPS|FUSE|Fuse blow|WS20
PABX|NEAX® 2000 IPS|FUSE|UTP cable loose / broken|WS20
PABX|NEAX® 2000 IPS|FUSE|No power|WS20
PABX|NEAX® 2000 IPS|FUSE|Power supply burst / broken|WS20
PABX|NEAX® 2000 IPS|FUSE|Cable phone loose|WS20
PABX|NEAX® 2000 IPS|BALUN(CONVERTER RJ45 TO BNC)|Cordless phone broken|WS20
PABX|NEAX® 2000 IPS|BALUN(CONVERTER RJ45 TO BNC)|Intermittent|WS20
PABX|NEAX® 2000 IPS|BALUN(CONVERTER RJ45 TO BNC)|Connector port loose|WS20
PABX|NEAX® 2000 IPS|BALUN(CONVERTER RJ45 TO BNC)|Battery issue|WS20
PABX|NEAX® 2000 IPS|BALUN(CONVERTER RJ45 TO BNC)|Cable RJ11 loose|WS20
PABX|NEAX® 2000 IPS|BALUN(CONVERTER RJ45 TO BNC)|Cable power loose|WS20
PABX|NEAX® 2000 IPS|BALUN(CONVERTER RJ45 TO BNC)|Fuse blow|WS20
PABX|NEAX® 2000 IPS|BALUN(CONVERTER RJ45 TO BNC)|UTP cable loose / broken|WS20
PABX|NEAX® 2000 IPS|BALUN(CONVERTER RJ45 TO BNC)|No power|WS20
PABX|NEAX® 2000 IPS|BALUN(CONVERTER RJ45 TO BNC)|Power supply burst / broken|WS20
PABX|NEAX® 2000 IPS|BALUN(CONVERTER RJ45 TO BNC)|Cable phone loose|WS20
PABX|NEAX® 2000 IPS|UTP CABLE|Cordless phone broken|WS20
PABX|NEAX® 2000 IPS|UTP CABLE|Intermittent|WS20
PABX|NEAX® 2000 IPS|UTP CABLE|Connector port loose|WS20
PABX|NEAX® 2000 IPS|UTP CABLE|Battery issue|WS20
PABX|NEAX® 2000 IPS|UTP CABLE|Cable RJ11 loose|WS20
PABX|NEAX® 2000 IPS|UTP CABLE|Cable power loose|WS20
PABX|NEAX® 2000 IPS|UTP CABLE|Fuse blow|WS20
PABX|NEAX® 2000 IPS|UTP CABLE|UTP cable loose / broken|WS20
PABX|NEAX® 2000 IPS|UTP CABLE|No power|WS20
PABX|NEAX® 2000 IPS|UTP CABLE|Power supply burst / broken|WS20
PABX|NEAX® 2000 IPS|UTP CABLE|Cable phone loose|WS20
PA - PIS|IPPA|UTP Cable|System hang|WS20
PA - PIS|IPPA|UTP Cable|NAC hang|WS20
PA - PIS|IPPA|UTP Cable|Board problem|WS20
PA - PIS|IPPA|UTP Cable|Cable loose|WS20
PA - PIS|IPPA|UTP Cable|Fan problem|WS20
PA - PIS|IPPA|UTP Cable|UTP cable loose|WS20
PA - PIS|IPPA|UTP Cable|Power supply burst|WS20
PA - PIS|IPPA|UTP Cable|Cable clip broken|WS20
PA - PIS|IPPA|UTP Cable|Outdated program|WS20
PA - PIS|IPPA|UTP Cable|PID hang|WS20
PA - PIS|IPPA|UTP Cable|System glitch|WS20
PA - PIS|IPPA|UTP Cable|Phone broken|WS20
PA - PIS|IPPA|UTP Cable|Overheating|WS20
PA - PIS|IPPA|UTP Cable|Cable connection loose|WS20
PA - PIS|IPPA|UTP Cable|PCB display faulty|WS20
PA - PIS|IPPA|UTP Cable|System error|WS20
PA - PIS|IPPA|UTP Cable|Cbale loose|WS20
PA - PIS|IPPA|UTP Cable|LED panel board issue|WS20
PA - PIS|IPPA|UTP Cable|Power supply burst/broken|WS20
PA - PIS|IPPA|UTP Cable|Fan issue|WS20
PA - PIS|IPPA|UTP Cable|Information board blank|WS20
PA - PIS|IPPA|UTP Cable|Audio speaker faulty|WS20
PA - PIS|IPPA|UTP Cable|Help point damage|WS20
PA - PIS|IPPA|UTP Cable|Network connection hang|WS20
PA - PIS|IPPA|Display panel|System hang|WS20
PA - PIS|IPPA|Display panel|NAC hang|WS20
PA - PIS|IPPA|Display panel|Board problem|WS20
PA - PIS|IPPA|Display panel|Cable loose|WS20
PA - PIS|IPPA|Display panel|Fan problem|WS20
PA - PIS|IPPA|Display panel|UTP cable loose|WS20
PA - PIS|IPPA|Display panel|Power supply burst|WS20
PA - PIS|IPPA|Display panel|Cable clip broken|WS20
PA - PIS|IPPA|Display panel|Outdated program|WS20
PA - PIS|IPPA|Display panel|PID hang|WS20
PA - PIS|IPPA|Display panel|System glitch|WS20
PA - PIS|IPPA|Display panel|Phone broken|WS20
PA - PIS|IPPA|Display panel|Overheating|WS20
PA - PIS|IPPA|Display panel|Cable connection loose|WS20
PA - PIS|IPPA|Display panel|PCB display faulty|WS20
PA - PIS|IPPA|Display panel|System error|WS20
PA - PIS|IPPA|Display panel|Cbale loose|WS20
PA - PIS|IPPA|Display panel|LED panel board issue|WS20
PA - PIS|IPPA|Display panel|Power supply burst/broken|WS20
PA - PIS|IPPA|Display panel|Fan issue|WS20
PA - PIS|IPPA|Display panel|Information board blank|WS20
PA - PIS|IPPA|Display panel|Audio speaker faulty|WS20
PA - PIS|IPPA|Display panel|Help point damage|WS20
PA - PIS|IPPA|Display panel|Network connection hang|WS20
PA - PIS|IPPA|Gooseneck|System hang|WS20
PA - PIS|IPPA|Gooseneck|NAC hang|WS20
PA - PIS|IPPA|Gooseneck|Board problem|WS20
PA - PIS|IPPA|Gooseneck|Cable loose|WS20
PA - PIS|IPPA|Gooseneck|Fan problem|WS20
PA - PIS|IPPA|Gooseneck|UTP cable loose|WS20
PA - PIS|IPPA|Gooseneck|Power supply burst|WS20
PA - PIS|IPPA|Gooseneck|Cable clip broken|WS20
PA - PIS|IPPA|Gooseneck|Outdated program|WS20
PA - PIS|IPPA|Gooseneck|PID hang|WS20
PA - PIS|IPPA|Gooseneck|System glitch|WS20
PA - PIS|IPPA|Gooseneck|Phone broken|WS20
PA - PIS|IPPA|Gooseneck|Overheating|WS20
PA - PIS|IPPA|Gooseneck|Cable connection loose|WS20
PA - PIS|IPPA|Gooseneck|PCB display faulty|WS20
PA - PIS|IPPA|Gooseneck|System error|WS20
PA - PIS|IPPA|Gooseneck|Cbale loose|WS20
PA - PIS|IPPA|Gooseneck|LED panel board issue|WS20
PA - PIS|IPPA|Gooseneck|Power supply burst/broken|WS20
PA - PIS|IPPA|Gooseneck|Fan issue|WS20
PA - PIS|IPPA|Gooseneck|Information board blank|WS20
PA - PIS|IPPA|Gooseneck|Audio speaker faulty|WS20
PA - PIS|IPPA|Gooseneck|Help point damage|WS20
PA - PIS|IPPA|Gooseneck|Network connection hang|WS20
PA - PIS|NAC|Connector Amplifier|System hang|WS20
PA - PIS|NAC|Connector Amplifier|NAC hang|WS20
PA - PIS|NAC|Connector Amplifier|Board problem|WS20
PA - PIS|NAC|Connector Amplifier|Cable loose|WS20
PA - PIS|NAC|Connector Amplifier|Fan problem|WS20
PA - PIS|NAC|Connector Amplifier|UTP cable loose|WS20
PA - PIS|NAC|Connector Amplifier|Power supply burst|WS20
PA - PIS|NAC|Connector Amplifier|Cable clip broken|WS20
PA - PIS|NAC|Connector Amplifier|Outdated program|WS20
PA - PIS|NAC|Connector Amplifier|PID hang|WS20
PA - PIS|NAC|Connector Amplifier|System glitch|WS20
PA - PIS|NAC|Connector Amplifier|Phone broken|WS20
PA - PIS|NAC|Connector Amplifier|Overheating|WS20
PA - PIS|NAC|Connector Amplifier|Cable connection loose|WS20
PA - PIS|NAC|Connector Amplifier|PCB display faulty|WS20
PA - PIS|NAC|Connector Amplifier|System error|WS20
PA - PIS|NAC|Connector Amplifier|Cbale loose|WS20
PA - PIS|NAC|Connector Amplifier|LED panel board issue|WS20
PA - PIS|NAC|Connector Amplifier|Power supply burst/broken|WS20
PA - PIS|NAC|Connector Amplifier|Fan issue|WS20
PA - PIS|NAC|Connector Amplifier|Information board blank|WS20
PA - PIS|NAC|Connector Amplifier|Audio speaker faulty|WS20
PA - PIS|NAC|Connector Amplifier|Help point damage|WS20
PA - PIS|NAC|Connector Amplifier|Network connection hang|WS20
PA - PIS|NAC|Cable power|System hang|WS20
PA - PIS|NAC|Cable power|NAC hang|WS20
PA - PIS|NAC|Cable power|Board problem|WS20
PA - PIS|NAC|Cable power|Cable loose|WS20
PA - PIS|NAC|Cable power|Fan problem|WS20
PA - PIS|NAC|Cable power|UTP cable loose|WS20
PA - PIS|NAC|Cable power|Power supply burst|WS20
PA - PIS|NAC|Cable power|Cable clip broken|WS20
PA - PIS|NAC|Cable power|Outdated program|WS20
PA - PIS|NAC|Cable power|PID hang|WS20
PA - PIS|NAC|Cable power|System glitch|WS20
PA - PIS|NAC|Cable power|Phone broken|WS20
PA - PIS|NAC|Cable power|Overheating|WS20
PA - PIS|NAC|Cable power|Cable connection loose|WS20
PA - PIS|NAC|Cable power|PCB display faulty|WS20
PA - PIS|NAC|Cable power|System error|WS20
PA - PIS|NAC|Cable power|Cbale loose|WS20
PA - PIS|NAC|Cable power|LED panel board issue|WS20
PA - PIS|NAC|Cable power|Power supply burst/broken|WS20
PA - PIS|NAC|Cable power|Fan issue|WS20
PA - PIS|NAC|Cable power|Information board blank|WS20
PA - PIS|NAC|Cable power|Audio speaker faulty|WS20
PA - PIS|NAC|Cable power|Help point damage|WS20
PA - PIS|NAC|Cable power|Network connection hang|WS20
PA - PIS|Speaker|Cable Audio|System hang|WS20
PA - PIS|Speaker|Cable Audio|NAC hang|WS20
PA - PIS|Speaker|Cable Audio|Board problem|WS20
PA - PIS|Speaker|Cable Audio|Cable loose|WS20
PA - PIS|Speaker|Cable Audio|Fan problem|WS20
PA - PIS|Speaker|Cable Audio|UTP cable loose|WS20
PA - PIS|Speaker|Cable Audio|Power supply burst|WS20
PA - PIS|Speaker|Cable Audio|Cable clip broken|WS20
PA - PIS|Speaker|Cable Audio|Outdated program|WS20
PA - PIS|Speaker|Cable Audio|PID hang|WS20
PA - PIS|Speaker|Cable Audio|System glitch|WS20
PA - PIS|Speaker|Cable Audio|Phone broken|WS20
PA - PIS|Speaker|Cable Audio|Overheating|WS20
PA - PIS|Speaker|Cable Audio|Cable connection loose|WS20
PA - PIS|Speaker|Cable Audio|PCB display faulty|WS20
PA - PIS|Speaker|Cable Audio|System error|WS20
PA - PIS|Speaker|Cable Audio|Cbale loose|WS20
PA - PIS|Speaker|Cable Audio|LED panel board issue|WS20
PA - PIS|Speaker|Cable Audio|Power supply burst/broken|WS20
PA - PIS|Speaker|Cable Audio|Fan issue|WS20
PA - PIS|Speaker|Cable Audio|Information board blank|WS20
PA - PIS|Speaker|Cable Audio|Audio speaker faulty|WS20
PA - PIS|Speaker|Cable Audio|Help point damage|WS20
PA - PIS|Speaker|Cable Audio|Network connection hang|WS20
PA - PIS|Speaker|Cable Audio|System hang|WS20
PA - PIS|Speaker|Cable Audio|NAC hang|WS20
PA - PIS|Speaker|Cable Audio|Board problem|WS20
PA - PIS|Speaker|Cable Audio|Cable loose|WS20
PA - PIS|Speaker|Cable Audio|Fan problem|WS20
PA - PIS|Speaker|Cable Audio|UTP cable loose|WS20
PA - PIS|Speaker|Cable Audio|Power supply burst|WS20
PA - PIS|Speaker|Cable Audio|Cable clip broken|WS20
PA - PIS|Speaker|Cable Audio|Outdated program|WS20
PA - PIS|Speaker|Cable Audio|PID hang|WS20
PA - PIS|Speaker|Cable Audio|System glitch|WS20
PA - PIS|Speaker|Cable Audio|Phone broken|WS20
PA - PIS|Speaker|Cable Audio|Overheating|WS20
PA - PIS|Speaker|Cable Audio|Cable connection loose|WS20
PA - PIS|Speaker|Cable Audio|PCB display faulty|WS20
PA - PIS|Speaker|Cable Audio|System error|WS20
PA - PIS|Speaker|Cable Audio|Cbale loose|WS20
PA - PIS|Speaker|Cable Audio|LED panel board issue|WS20
PA - PIS|Speaker|Cable Audio|Power supply burst/broken|WS20
PA - PIS|Speaker|Cable Audio|Fan issue|WS20
PA - PIS|Speaker|Cable Audio|Information board blank|WS20
PA - PIS|Speaker|Cable Audio|Audio speaker faulty|WS20
PA - PIS|Speaker|Cable Audio|Help point damage|WS20
PA - PIS|Speaker|Cable Audio|Network connection hang|WS20
PA - PIS|Speaker|Cable Audio|System hang|WS20
PA - PIS|Speaker|Cable Audio|NAC hang|WS20
PA - PIS|Speaker|Cable Audio|Board problem|WS20
PA - PIS|Speaker|Cable Audio|Cable loose|WS20
PA - PIS|Speaker|Cable Audio|Fan problem|WS20
PA - PIS|Speaker|Cable Audio|UTP cable loose|WS20
PA - PIS|Speaker|Cable Audio|Power supply burst|WS20
PA - PIS|Speaker|Cable Audio|Cable clip broken|WS20
PA - PIS|Speaker|Cable Audio|Outdated program|WS20
PA - PIS|Speaker|Cable Audio|PID hang|WS20
PA - PIS|Speaker|Cable Audio|System glitch|WS20
PA - PIS|Speaker|Cable Audio|Phone broken|WS20
PA - PIS|Speaker|Cable Audio|Overheating|WS20
PA - PIS|Speaker|Cable Audio|Cable connection loose|WS20
PA - PIS|Speaker|Cable Audio|PCB display faulty|WS20
PA - PIS|Speaker|Cable Audio|System error|WS20
PA - PIS|Speaker|Cable Audio|Cbale loose|WS20
PA - PIS|Speaker|Cable Audio|LED panel board issue|WS20
PA - PIS|Speaker|Cable Audio|Power supply burst/broken|WS20
PA - PIS|Speaker|Cable Audio|Fan issue|WS20
PA - PIS|Speaker|Cable Audio|Information board blank|WS20
PA - PIS|Speaker|Cable Audio|Audio speaker faulty|WS20
PA - PIS|Speaker|Cable Audio|Help point damage|WS20
PA - PIS|Speaker|Cable Audio|Network connection hang|WS20
PA - PIS|Speaker|Cable Audio|System hang|WS20
PA - PIS|Speaker|Cable Audio|NAC hang|WS20
PA - PIS|Speaker|Cable Audio|Board problem|WS20
PA - PIS|Speaker|Cable Audio|Cable loose|WS20
PA - PIS|Speaker|Cable Audio|Fan problem|WS20
PA - PIS|Speaker|Cable Audio|UTP cable loose|WS20
PA - PIS|Speaker|Cable Audio|Power supply burst|WS20
PA - PIS|Speaker|Cable Audio|Cable clip broken|WS20
PA - PIS|Speaker|Cable Audio|Outdated program|WS20
PA - PIS|Speaker|Cable Audio|PID hang|WS20
PA - PIS|Speaker|Cable Audio|System glitch|WS20
PA - PIS|Speaker|Cable Audio|Phone broken|WS20
PA - PIS|Speaker|Cable Audio|Overheating|WS20
PA - PIS|Speaker|Cable Audio|Cable connection loose|WS20
PA - PIS|Speaker|Cable Audio|PCB display faulty|WS20
PA - PIS|Speaker|Cable Audio|System error|WS20
PA - PIS|Speaker|Cable Audio|Cbale loose|WS20
PA - PIS|Speaker|Cable Audio|LED panel board issue|WS20
PA - PIS|Speaker|Cable Audio|Power supply burst/broken|WS20
PA - PIS|Speaker|Cable Audio|Fan issue|WS20
PA - PIS|Speaker|Cable Audio|Information board blank|WS20
PA - PIS|Speaker|Cable Audio|Audio speaker faulty|WS20
PA - PIS|Speaker|Cable Audio|Help point damage|WS20
PA - PIS|Speaker|Cable Audio|Network connection hang|WS20
PA - PIS|Speaker|Cable Audio|System hang|WS20
PA - PIS|Speaker|Cable Audio|NAC hang|WS20
PA - PIS|Speaker|Cable Audio|Board problem|WS20
PA - PIS|Speaker|Cable Audio|Cable loose|WS20
PA - PIS|Speaker|Cable Audio|Fan problem|WS20
PA - PIS|Speaker|Cable Audio|UTP cable loose|WS20
PA - PIS|Speaker|Cable Audio|Power supply burst|WS20
PA - PIS|Speaker|Cable Audio|Cable clip broken|WS20
PA - PIS|Speaker|Cable Audio|Outdated program|WS20
PA - PIS|Speaker|Cable Audio|PID hang|WS20
PA - PIS|Speaker|Cable Audio|System glitch|WS20
PA - PIS|Speaker|Cable Audio|Phone broken|WS20
PA - PIS|Speaker|Cable Audio|Overheating|WS20
PA - PIS|Speaker|Cable Audio|Cable connection loose|WS20
PA - PIS|Speaker|Cable Audio|PCB display faulty|WS20
PA - PIS|Speaker|Cable Audio|System error|WS20
PA - PIS|Speaker|Cable Audio|Cbale loose|WS20
PA - PIS|Speaker|Cable Audio|LED panel board issue|WS20
PA - PIS|Speaker|Cable Audio|Power supply burst/broken|WS20
PA - PIS|Speaker|Cable Audio|Fan issue|WS20
PA - PIS|Speaker|Cable Audio|Information board blank|WS20
PA - PIS|Speaker|Cable Audio|Audio speaker faulty|WS20
PA - PIS|Speaker|Cable Audio|Help point damage|WS20
PA - PIS|Speaker|Cable Audio|Network connection hang|WS20
PA - PIS|Speaker|Cable Audio|System hang|WS20
PA - PIS|Speaker|Cable Audio|NAC hang|WS20
PA - PIS|Speaker|Cable Audio|Board problem|WS20
PA - PIS|Speaker|Cable Audio|Cable loose|WS20
PA - PIS|Speaker|Cable Audio|Fan problem|WS20
PA - PIS|Speaker|Cable Audio|UTP cable loose|WS20
PA - PIS|Speaker|Cable Audio|Power supply burst|WS20
PA - PIS|Speaker|Cable Audio|Cable clip broken|WS20
PA - PIS|Speaker|Cable Audio|Outdated program|WS20
PA - PIS|Speaker|Cable Audio|PID hang|WS20
PA - PIS|Speaker|Cable Audio|System glitch|WS20
PA - PIS|Speaker|Cable Audio|Phone broken|WS20
PA - PIS|Speaker|Cable Audio|Overheating|WS20
PA - PIS|Speaker|Cable Audio|Cable connection loose|WS20
PA - PIS|Speaker|Cable Audio|PCB display faulty|WS20
PA - PIS|Speaker|Cable Audio|System error|WS20
PA - PIS|Speaker|Cable Audio|Cbale loose|WS20
PA - PIS|Speaker|Cable Audio|LED panel board issue|WS20
PA - PIS|Speaker|Cable Audio|Power supply burst/broken|WS20
PA - PIS|Speaker|Cable Audio|Fan issue|WS20
PA - PIS|Speaker|Cable Audio|Information board blank|WS20
PA - PIS|Speaker|Cable Audio|Audio speaker faulty|WS20
PA - PIS|Speaker|Cable Audio|Help point damage|WS20
PA - PIS|Speaker|Cable Audio|Network connection hang|WS20
PA - PIS|Speaker|Cable Audio|System hang|WS20
PA - PIS|Speaker|Cable Audio|NAC hang|WS20
PA - PIS|Speaker|Cable Audio|Board problem|WS20
PA - PIS|Speaker|Cable Audio|Cable loose|WS20
PA - PIS|Speaker|Cable Audio|Fan problem|WS20
PA - PIS|Speaker|Cable Audio|UTP cable loose|WS20
PA - PIS|Speaker|Cable Audio|Power supply burst|WS20
PA - PIS|Speaker|Cable Audio|Cable clip broken|WS20
PA - PIS|Speaker|Cable Audio|Outdated program|WS20
PA - PIS|Speaker|Cable Audio|PID hang|WS20
PA - PIS|Speaker|Cable Audio|System glitch|WS20
PA - PIS|Speaker|Cable Audio|Phone broken|WS20
PA - PIS|Speaker|Cable Audio|Overheating|WS20
PA - PIS|Speaker|Cable Audio|Cable connection loose|WS20
PA - PIS|Speaker|Cable Audio|PCB display faulty|WS20
PA - PIS|Speaker|Cable Audio|System error|WS20
PA - PIS|Speaker|Cable Audio|Cbale loose|WS20
PA - PIS|Speaker|Cable Audio|LED panel board issue|WS20
PA - PIS|Speaker|Cable Audio|Power supply burst/broken|WS20
PA - PIS|Speaker|Cable Audio|Fan issue|WS20
PA - PIS|Speaker|Cable Audio|Information board blank|WS20
PA - PIS|Speaker|Cable Audio|Audio speaker faulty|WS20
PA - PIS|Speaker|Cable Audio|Help point damage|WS20
PA - PIS|Speaker|Cable Audio|Network connection hang|WS20
PA - PIS|Speaker|Cable Audio|System hang|WS20
PA - PIS|Speaker|Cable Audio|NAC hang|WS20
PA - PIS|Speaker|Cable Audio|Board problem|WS20
PA - PIS|Speaker|Cable Audio|Cable loose|WS20
PA - PIS|Speaker|Cable Audio|Fan problem|WS20
PA - PIS|Speaker|Cable Audio|UTP cable loose|WS20
PA - PIS|Speaker|Cable Audio|Power supply burst|WS20
PA - PIS|Speaker|Cable Audio|Cable clip broken|WS20
PA - PIS|Speaker|Cable Audio|Outdated program|WS20
PA - PIS|Speaker|Cable Audio|PID hang|WS20
PA - PIS|Speaker|Cable Audio|System glitch|WS20
PA - PIS|Speaker|Cable Audio|Phone broken|WS20
PA - PIS|Speaker|Cable Audio|Overheating|WS20
PA - PIS|Speaker|Cable Audio|Cable connection loose|WS20
PA - PIS|Speaker|Cable Audio|PCB display faulty|WS20
PA - PIS|Speaker|Cable Audio|System error|WS20
PA - PIS|Speaker|Cable Audio|Cbale loose|WS20
PA - PIS|Speaker|Cable Audio|LED panel board issue|WS20
PA - PIS|Speaker|Cable Audio|Power supply burst/broken|WS20
PA - PIS|Speaker|Cable Audio|Fan issue|WS20
PA - PIS|Speaker|Cable Audio|Information board blank|WS20
PA - PIS|Speaker|Cable Audio|Audio speaker faulty|WS20
PA - PIS|Speaker|Cable Audio|Help point damage|WS20
PA - PIS|Speaker|Cable Audio|Network connection hang|WS20
PA - PIS|NAC|Cable audio|System hang|WS20
PA - PIS|NAC|Cable audio|NAC hang|WS20
PA - PIS|NAC|Cable audio|Board problem|WS20
PA - PIS|NAC|Cable audio|Cable loose|WS20
PA - PIS|NAC|Cable audio|Fan problem|WS20
PA - PIS|NAC|Cable audio|UTP cable loose|WS20
PA - PIS|NAC|Cable audio|Power supply burst|WS20
PA - PIS|NAC|Cable audio|Cable clip broken|WS20
PA - PIS|NAC|Cable audio|Outdated program|WS20
PA - PIS|NAC|Cable audio|PID hang|WS20
PA - PIS|NAC|Cable audio|System glitch|WS20
PA - PIS|NAC|Cable audio|Phone broken|WS20
PA - PIS|NAC|Cable audio|Overheating|WS20
PA - PIS|NAC|Cable audio|Cable connection loose|WS20
PA - PIS|NAC|Cable audio|PCB display faulty|WS20
PA - PIS|NAC|Cable audio|System error|WS20
PA - PIS|NAC|Cable audio|Cbale loose|WS20
PA - PIS|NAC|Cable audio|LED panel board issue|WS20
PA - PIS|NAC|Cable audio|Power supply burst/broken|WS20
PA - PIS|NAC|Cable audio|Fan issue|WS20
PA - PIS|NAC|Cable audio|Information board blank|WS20
PA - PIS|NAC|Cable audio|Audio speaker faulty|WS20
PA - PIS|NAC|Cable audio|Help point damage|WS20
PA - PIS|NAC|Cable audio|Network connection hang|WS20
PA - PIS|HELP POINT|Spiral Cable|System hang|WS20
PA - PIS|HELP POINT|Spiral Cable|NAC hang|WS20
PA - PIS|HELP POINT|Spiral Cable|Board problem|WS20
PA - PIS|HELP POINT|Spiral Cable|Cable loose|WS20
PA - PIS|HELP POINT|Spiral Cable|Fan problem|WS20
PA - PIS|HELP POINT|Spiral Cable|UTP cable loose|WS20
PA - PIS|HELP POINT|Spiral Cable|Power supply burst|WS20
PA - PIS|HELP POINT|Spiral Cable|Cable clip broken|WS20
PA - PIS|HELP POINT|Spiral Cable|Outdated program|WS20
PA - PIS|HELP POINT|Spiral Cable|PID hang|WS20
PA - PIS|HELP POINT|Spiral Cable|System glitch|WS20
PA - PIS|HELP POINT|Spiral Cable|Phone broken|WS20
PA - PIS|HELP POINT|Spiral Cable|Overheating|WS20
PA - PIS|HELP POINT|Spiral Cable|Cable connection loose|WS20
PA - PIS|HELP POINT|Spiral Cable|PCB display faulty|WS20
PA - PIS|HELP POINT|Spiral Cable|System error|WS20
PA - PIS|HELP POINT|Spiral Cable|Cbale loose|WS20
PA - PIS|HELP POINT|Spiral Cable|LED panel board issue|WS20
PA - PIS|HELP POINT|Spiral Cable|Power supply burst/broken|WS20
PA - PIS|HELP POINT|Spiral Cable|Fan issue|WS20
PA - PIS|HELP POINT|Spiral Cable|Information board blank|WS20
PA - PIS|HELP POINT|Spiral Cable|Audio speaker faulty|WS20
PA - PIS|HELP POINT|Spiral Cable|Help point damage|WS20
PA - PIS|HELP POINT|Spiral Cable|Network connection hang|WS20
PA - PIS|HELP POINT|Main Board|System hang|WS20
PA - PIS|HELP POINT|Main Board|NAC hang|WS20
PA - PIS|HELP POINT|Main Board|Board problem|WS20
PA - PIS|HELP POINT|Main Board|Cable loose|WS20
PA - PIS|HELP POINT|Main Board|Fan problem|WS20
PA - PIS|HELP POINT|Main Board|UTP cable loose|WS20
PA - PIS|HELP POINT|Main Board|Power supply burst|WS20
PA - PIS|HELP POINT|Main Board|Cable clip broken|WS20
PA - PIS|HELP POINT|Main Board|Outdated program|WS20
PA - PIS|HELP POINT|Main Board|PID hang|WS20
PA - PIS|HELP POINT|Main Board|System glitch|WS20
PA - PIS|HELP POINT|Main Board|Phone broken|WS20
PA - PIS|HELP POINT|Main Board|Overheating|WS20
PA - PIS|HELP POINT|Main Board|Cable connection loose|WS20
PA - PIS|HELP POINT|Main Board|PCB display faulty|WS20
PA - PIS|HELP POINT|Main Board|System error|WS20
PA - PIS|HELP POINT|Main Board|Cbale loose|WS20
PA - PIS|HELP POINT|Main Board|LED panel board issue|WS20
PA - PIS|HELP POINT|Main Board|Power supply burst/broken|WS20
PA - PIS|HELP POINT|Main Board|Fan issue|WS20
PA - PIS|HELP POINT|Main Board|Information board blank|WS20
PA - PIS|HELP POINT|Main Board|Audio speaker faulty|WS20
PA - PIS|HELP POINT|Main Board|Help point damage|WS20
PA - PIS|HELP POINT|Main Board|Network connection hang|WS20
PA - PIS|HELP POINT|Sealing Gaskets|System hang|WS20
PA - PIS|HELP POINT|Sealing Gaskets|NAC hang|WS20
PA - PIS|HELP POINT|Sealing Gaskets|Board problem|WS20
PA - PIS|HELP POINT|Sealing Gaskets|Cable loose|WS20
PA - PIS|HELP POINT|Sealing Gaskets|Fan problem|WS20
PA - PIS|HELP POINT|Sealing Gaskets|UTP cable loose|WS20
PA - PIS|HELP POINT|Sealing Gaskets|Power supply burst|WS20
PA - PIS|HELP POINT|Sealing Gaskets|Cable clip broken|WS20
PA - PIS|HELP POINT|Sealing Gaskets|Outdated program|WS20
PA - PIS|HELP POINT|Sealing Gaskets|PID hang|WS20
PA - PIS|HELP POINT|Sealing Gaskets|System glitch|WS20
PA - PIS|HELP POINT|Sealing Gaskets|Phone broken|WS20
PA - PIS|HELP POINT|Sealing Gaskets|Overheating|WS20
PA - PIS|HELP POINT|Sealing Gaskets|Cable connection loose|WS20
PA - PIS|HELP POINT|Sealing Gaskets|PCB display faulty|WS20
PA - PIS|HELP POINT|Sealing Gaskets|System error|WS20
PA - PIS|HELP POINT|Sealing Gaskets|Cbale loose|WS20
PA - PIS|HELP POINT|Sealing Gaskets|LED panel board issue|WS20
PA - PIS|HELP POINT|Sealing Gaskets|Power supply burst/broken|WS20
PA - PIS|HELP POINT|Sealing Gaskets|Fan issue|WS20
PA - PIS|HELP POINT|Sealing Gaskets|Information board blank|WS20
PA - PIS|HELP POINT|Sealing Gaskets|Audio speaker faulty|WS20
PA - PIS|HELP POINT|Sealing Gaskets|Help point damage|WS20
PA - PIS|HELP POINT|Sealing Gaskets|Network connection hang|WS20
PA - PIS|HELP POINT|Phone Handle|System hang|WS20
PA - PIS|HELP POINT|Phone Handle|NAC hang|WS20
PA - PIS|HELP POINT|Phone Handle|Board problem|WS20
PA - PIS|HELP POINT|Phone Handle|Cable loose|WS20
PA - PIS|HELP POINT|Phone Handle|Fan problem|WS20
PA - PIS|HELP POINT|Phone Handle|UTP cable loose|WS20
PA - PIS|HELP POINT|Phone Handle|Power supply burst|WS20
PA - PIS|HELP POINT|Phone Handle|Cable clip broken|WS20
PA - PIS|HELP POINT|Phone Handle|Outdated program|WS20
PA - PIS|HELP POINT|Phone Handle|PID hang|WS20
PA - PIS|HELP POINT|Phone Handle|System glitch|WS20
PA - PIS|HELP POINT|Phone Handle|Phone broken|WS20
PA - PIS|HELP POINT|Phone Handle|Overheating|WS20
PA - PIS|HELP POINT|Phone Handle|Cable connection loose|WS20
PA - PIS|HELP POINT|Phone Handle|PCB display faulty|WS20
PA - PIS|HELP POINT|Phone Handle|System error|WS20
PA - PIS|HELP POINT|Phone Handle|Cbale loose|WS20
PA - PIS|HELP POINT|Phone Handle|LED panel board issue|WS20
PA - PIS|HELP POINT|Phone Handle|Power supply burst/broken|WS20
PA - PIS|HELP POINT|Phone Handle|Fan issue|WS20
PA - PIS|HELP POINT|Phone Handle|Information board blank|WS20
PA - PIS|HELP POINT|Phone Handle|Audio speaker faulty|WS20
PA - PIS|HELP POINT|Phone Handle|Help point damage|WS20
PA - PIS|HELP POINT|Phone Handle|Network connection hang|WS20
PA - PIS|HELP POINT|UTP Cable|System hang|WS20
PA - PIS|HELP POINT|UTP Cable|NAC hang|WS20
PA - PIS|HELP POINT|UTP Cable|Board problem|WS20
PA - PIS|HELP POINT|UTP Cable|Cable loose|WS20
PA - PIS|HELP POINT|UTP Cable|Fan problem|WS20
PA - PIS|HELP POINT|UTP Cable|UTP cable loose|WS20
PA - PIS|HELP POINT|UTP Cable|Power supply burst|WS20
PA - PIS|HELP POINT|UTP Cable|Cable clip broken|WS20
PA - PIS|HELP POINT|UTP Cable|Outdated program|WS20
PA - PIS|HELP POINT|UTP Cable|PID hang|WS20
PA - PIS|HELP POINT|UTP Cable|System glitch|WS20
PA - PIS|HELP POINT|UTP Cable|Phone broken|WS20
PA - PIS|HELP POINT|UTP Cable|Overheating|WS20
PA - PIS|HELP POINT|UTP Cable|Cable connection loose|WS20
PA - PIS|HELP POINT|UTP Cable|PCB display faulty|WS20
PA - PIS|HELP POINT|UTP Cable|System error|WS20
PA - PIS|HELP POINT|UTP Cable|Cbale loose|WS20
PA - PIS|HELP POINT|UTP Cable|LED panel board issue|WS20
PA - PIS|HELP POINT|UTP Cable|Power supply burst/broken|WS20
PA - PIS|HELP POINT|UTP Cable|Fan issue|WS20
PA - PIS|HELP POINT|UTP Cable|Information board blank|WS20
PA - PIS|HELP POINT|UTP Cable|Audio speaker faulty|WS20
PA - PIS|HELP POINT|UTP Cable|Help point damage|WS20
PA - PIS|HELP POINT|UTP Cable|Network connection hang|WS20
PA - PIS|PIDS|LED Panel board|System hang|WS20
PA - PIS|PIDS|LED Panel board|NAC hang|WS20
PA - PIS|PIDS|LED Panel board|Board problem|WS20
PA - PIS|PIDS|LED Panel board|Cable loose|WS20
PA - PIS|PIDS|LED Panel board|Fan problem|WS20
PA - PIS|PIDS|LED Panel board|UTP cable loose|WS20
PA - PIS|PIDS|LED Panel board|Power supply burst|WS20
PA - PIS|PIDS|LED Panel board|Cable clip broken|WS20
PA - PIS|PIDS|LED Panel board|Outdated program|WS20
PA - PIS|PIDS|LED Panel board|PID hang|WS20
PA - PIS|PIDS|LED Panel board|System glitch|WS20
PA - PIS|PIDS|LED Panel board|Phone broken|WS20
PA - PIS|PIDS|LED Panel board|Overheating|WS20
PA - PIS|PIDS|LED Panel board|Cable connection loose|WS20
PA - PIS|PIDS|LED Panel board|PCB display faulty|WS20
PA - PIS|PIDS|LED Panel board|System error|WS20
PA - PIS|PIDS|LED Panel board|Cbale loose|WS20
PA - PIS|PIDS|LED Panel board|LED panel board issue|WS20
PA - PIS|PIDS|LED Panel board|Power supply burst/broken|WS20
PA - PIS|PIDS|LED Panel board|Fan issue|WS20
PA - PIS|PIDS|LED Panel board|Information board blank|WS20
PA - PIS|PIDS|LED Panel board|Audio speaker faulty|WS20
PA - PIS|PIDS|LED Panel board|Help point damage|WS20
PA - PIS|PIDS|LED Panel board|Network connection hang|WS20
PA - PIS|PIDS|Power Supply 240-24|System hang|WS20
PA - PIS|PIDS|Power Supply 240-24|NAC hang|WS20
PA - PIS|PIDS|Power Supply 240-24|Board problem|WS20
PA - PIS|PIDS|Power Supply 240-24|Cable loose|WS20
PA - PIS|PIDS|Power Supply 240-24|Fan problem|WS20
PA - PIS|PIDS|Power Supply 240-24|UTP cable loose|WS20
PA - PIS|PIDS|Power Supply 240-24|Power supply burst|WS20
PA - PIS|PIDS|Power Supply 240-24|Cable clip broken|WS20
PA - PIS|PIDS|Power Supply 240-24|Outdated program|WS20
PA - PIS|PIDS|Power Supply 240-24|PID hang|WS20
PA - PIS|PIDS|Power Supply 240-24|System glitch|WS20
PA - PIS|PIDS|Power Supply 240-24|Phone broken|WS20
PA - PIS|PIDS|Power Supply 240-24|Overheating|WS20
PA - PIS|PIDS|Power Supply 240-24|Cable connection loose|WS20
PA - PIS|PIDS|Power Supply 240-24|PCB display faulty|WS20
PA - PIS|PIDS|Power Supply 240-24|System error|WS20
PA - PIS|PIDS|Power Supply 240-24|Cbale loose|WS20
PA - PIS|PIDS|Power Supply 240-24|LED panel board issue|WS20
PA - PIS|PIDS|Power Supply 240-24|Power supply burst/broken|WS20
PA - PIS|PIDS|Power Supply 240-24|Fan issue|WS20
PA - PIS|PIDS|Power Supply 240-24|Information board blank|WS20
PA - PIS|PIDS|Power Supply 240-24|Audio speaker faulty|WS20
PA - PIS|PIDS|Power Supply 240-24|Help point damage|WS20
PA - PIS|PIDS|Power Supply 240-24|Network connection hang|WS20
PA - PIS|PIDS|Clock Board|System hang|WS20
PA - PIS|PIDS|Clock Board|NAC hang|WS20
PA - PIS|PIDS|Clock Board|Board problem|WS20
PA - PIS|PIDS|Clock Board|Cable loose|WS20
PA - PIS|PIDS|Clock Board|Fan problem|WS20
PA - PIS|PIDS|Clock Board|UTP cable loose|WS20
PA - PIS|PIDS|Clock Board|Power supply burst|WS20
PA - PIS|PIDS|Clock Board|Cable clip broken|WS20
PA - PIS|PIDS|Clock Board|Outdated program|WS20
PA - PIS|PIDS|Clock Board|PID hang|WS20
PA - PIS|PIDS|Clock Board|System glitch|WS20
PA - PIS|PIDS|Clock Board|Phone broken|WS20
PA - PIS|PIDS|Clock Board|Overheating|WS20
PA - PIS|PIDS|Clock Board|Cable connection loose|WS20
PA - PIS|PIDS|Clock Board|PCB display faulty|WS20
PA - PIS|PIDS|Clock Board|System error|WS20
PA - PIS|PIDS|Clock Board|Cbale loose|WS20
PA - PIS|PIDS|Clock Board|LED panel board issue|WS20
PA - PIS|PIDS|Clock Board|Power supply burst/broken|WS20
PA - PIS|PIDS|Clock Board|Fan issue|WS20
PA - PIS|PIDS|Clock Board|Information board blank|WS20
PA - PIS|PIDS|Clock Board|Audio speaker faulty|WS20
PA - PIS|PIDS|Clock Board|Help point damage|WS20
PA - PIS|PIDS|Clock Board|Network connection hang|WS20
PA - PIS|PIDS|Network Switch|System hang|WS20
PA - PIS|PIDS|Network Switch|NAC hang|WS20
PA - PIS|PIDS|Network Switch|Board problem|WS20
PA - PIS|PIDS|Network Switch|Cable loose|WS20
PA - PIS|PIDS|Network Switch|Fan problem|WS20
PA - PIS|PIDS|Network Switch|UTP cable loose|WS20
PA - PIS|PIDS|Network Switch|Power supply burst|WS20
PA - PIS|PIDS|Network Switch|Cable clip broken|WS20
PA - PIS|PIDS|Network Switch|Outdated program|WS20
PA - PIS|PIDS|Network Switch|PID hang|WS20
PA - PIS|PIDS|Network Switch|System glitch|WS20
PA - PIS|PIDS|Network Switch|Phone broken|WS20
PA - PIS|PIDS|Network Switch|Overheating|WS20
PA - PIS|PIDS|Network Switch|Cable connection loose|WS20
PA - PIS|PIDS|Network Switch|PCB display faulty|WS20
PA - PIS|PIDS|Network Switch|System error|WS20
PA - PIS|PIDS|Network Switch|Cbale loose|WS20
PA - PIS|PIDS|Network Switch|LED panel board issue|WS20
PA - PIS|PIDS|Network Switch|Power supply burst/broken|WS20
PA - PIS|PIDS|Network Switch|Fan issue|WS20
PA - PIS|PIDS|Network Switch|Information board blank|WS20
PA - PIS|PIDS|Network Switch|Audio speaker faulty|WS20
PA - PIS|PIDS|Network Switch|Help point damage|WS20
PA - PIS|PIDS|Network Switch|Network connection hang|WS20
PA - PIS|PIDS|Fan|System hang|WS20
PA - PIS|PIDS|Fan|NAC hang|WS20
PA - PIS|PIDS|Fan|Board problem|WS20
PA - PIS|PIDS|Fan|Cable loose|WS20
PA - PIS|PIDS|Fan|Fan problem|WS20
PA - PIS|PIDS|Fan|UTP cable loose|WS20
PA - PIS|PIDS|Fan|Power supply burst|WS20
PA - PIS|PIDS|Fan|Cable clip broken|WS20
PA - PIS|PIDS|Fan|Outdated program|WS20
PA - PIS|PIDS|Fan|PID hang|WS20
PA - PIS|PIDS|Fan|System glitch|WS20
PA - PIS|PIDS|Fan|Phone broken|WS20
PA - PIS|PIDS|Fan|Overheating|WS20
PA - PIS|PIDS|Fan|Cable connection loose|WS20
PA - PIS|PIDS|Fan|PCB display faulty|WS20
PA - PIS|PIDS|Fan|System error|WS20
PA - PIS|PIDS|Fan|Cbale loose|WS20
PA - PIS|PIDS|Fan|LED panel board issue|WS20
PA - PIS|PIDS|Fan|Power supply burst/broken|WS20
PA - PIS|PIDS|Fan|Fan issue|WS20
PA - PIS|PIDS|Fan|Information board blank|WS20
PA - PIS|PIDS|Fan|Audio speaker faulty|WS20
PA - PIS|PIDS|Fan|Help point damage|WS20
PA - PIS|PIDS|Fan|Network connection hang|WS20
PA - PIS|PIDS|Information Board|System hang|WS20
PA - PIS|PIDS|Information Board|NAC hang|WS20
PA - PIS|PIDS|Information Board|Board problem|WS20
PA - PIS|PIDS|Information Board|Cable loose|WS20
PA - PIS|PIDS|Information Board|Fan problem|WS20
PA - PIS|PIDS|Information Board|UTP cable loose|WS20
PA - PIS|PIDS|Information Board|Power supply burst|WS20
PA - PIS|PIDS|Information Board|Cable clip broken|WS20
PA - PIS|PIDS|Information Board|Outdated program|WS20
PA - PIS|PIDS|Information Board|PID hang|WS20
PA - PIS|PIDS|Information Board|System glitch|WS20
PA - PIS|PIDS|Information Board|Phone broken|WS20
PA - PIS|PIDS|Information Board|Overheating|WS20
PA - PIS|PIDS|Information Board|Cable connection loose|WS20
PA - PIS|PIDS|Information Board|PCB display faulty|WS20
PA - PIS|PIDS|Information Board|System error|WS20
PA - PIS|PIDS|Information Board|Cbale loose|WS20
PA - PIS|PIDS|Information Board|LED panel board issue|WS20
PA - PIS|PIDS|Information Board|Power supply burst/broken|WS20
PA - PIS|PIDS|Information Board|Fan issue|WS20
PA - PIS|PIDS|Information Board|Information board blank|WS20
PA - PIS|PIDS|Information Board|Audio speaker faulty|WS20
PA - PIS|PIDS|Information Board|Help point damage|WS20
PA - PIS|PIDS|Information Board|Network connection hang|WS20
RADIO QS2|RSU - REMOTE SITE UNIT/SIMULCAST MODULE (T805-24)|SIMULCAST|System intermittent|WS20
RADIO QS2|RSU - REMOTE SITE UNIT/SIMULCAST MODULE (T805-24)|SIMULCAST|Charger broken|WS20
RADIO QS2|RSU - REMOTE SITE UNIT/SIMULCAST MODULE (T805-24)|SIMULCAST|Button radio broken|WS20
RADIO QS2|RSU - REMOTE SITE UNIT/SIMULCAST MODULE (T805-24)|SIMULCAST|Battery issue|WS20
RADIO QS2|RSU - REMOTE SITE UNIT/SIMULCAST MODULE (T805-24)|SIMULCAST|Charger port problem|WS20
RADIO QS2|RSU - REMOTE SITE UNIT/SIMULCAST MODULE (T805-24)|SIMULCAST|Connection Intermittent|WS20
RADIO QS2|RSU - REMOTE SITE UNIT/SIMULCAST MODULE (T805-24)|SIMULCAST|No power|WS20
RADIO QS2|RSU - REMOTE SITE UNIT/SIMULCAST MODULE (T805-24)|SIMULCAST|Cable loose|WS20
RADIO QS2|RSU - REMOTE SITE UNIT/SIMULCAST MODULE (T805-24)|SIMULCAST|No voice|WS20
RADIO QS2|RSU - REMOTE SITE UNIT/SIMULCAST MODULE (T805-24)|SIMULCAST|System mulfunction|WS20
RADIO QS2|RSU - REMOTE SITE UNIT/SIMULCAST MODULE (T805-24)|SIMULCAST|No connection|WS20
RADIO QS2|RSU - REMOTE SITE UNIT/SIMULCAST MODULE (T805-24)|SIMULCAST|Voice intermittent|WS20
RADIO QS3|RSU - REMOTE SITE UNIT/SIMULCAST MODULE (T805-24)|T805-26 RSU J9|System intermittent|WS20
RADIO QS3|RSU - REMOTE SITE UNIT/SIMULCAST MODULE (T805-24)|T805-26 RSU J9|Charger broken|WS20
RADIO QS3|RSU - REMOTE SITE UNIT/SIMULCAST MODULE (T805-24)|T805-26 RSU J9|Button radio broken|WS20
RADIO QS3|RSU - REMOTE SITE UNIT/SIMULCAST MODULE (T805-24)|T805-26 RSU J9|Battery issue|WS20
RADIO QS3|RSU - REMOTE SITE UNIT/SIMULCAST MODULE (T805-24)|T805-26 RSU J9|Charger port problem|WS20
RADIO QS3|RSU - REMOTE SITE UNIT/SIMULCAST MODULE (T805-24)|T805-26 RSU J9|Connection Intermittent|WS20
RADIO QS3|RSU - REMOTE SITE UNIT/SIMULCAST MODULE (T805-24)|T805-26 RSU J9|No power|WS20
RADIO QS3|RSU - REMOTE SITE UNIT/SIMULCAST MODULE (T805-24)|T805-26 RSU J9|Cable loose|WS20
RADIO QS3|RSU - REMOTE SITE UNIT/SIMULCAST MODULE (T805-24)|T805-26 RSU J9|No voice|WS20
RADIO QS3|RSU - REMOTE SITE UNIT/SIMULCAST MODULE (T805-24)|T805-26 RSU J9|System mulfunction|WS20
RADIO QS3|RSU - REMOTE SITE UNIT/SIMULCAST MODULE (T805-24)|T805-26 RSU J9|No connection|WS20
RADIO QS3|RSU - REMOTE SITE UNIT/SIMULCAST MODULE (T805-24)|T805-26 RSU J9|Voice intermittent|WS20
RADIO QS4|RSU - REMOTE SITE UNIT/SIMULCAST MODULE (T805-24)|T805-26 RSU J6|System intermittent|WS20
RADIO QS4|RSU - REMOTE SITE UNIT/SIMULCAST MODULE (T805-24)|T805-26 RSU J6|Charger broken|WS20
RADIO QS4|RSU - REMOTE SITE UNIT/SIMULCAST MODULE (T805-24)|T805-26 RSU J6|Button radio broken|WS20
RADIO QS4|RSU - REMOTE SITE UNIT/SIMULCAST MODULE (T805-24)|T805-26 RSU J6|Battery issue|WS20
RADIO QS4|RSU - REMOTE SITE UNIT/SIMULCAST MODULE (T805-24)|T805-26 RSU J6|Charger port problem|WS20
RADIO QS4|RSU - REMOTE SITE UNIT/SIMULCAST MODULE (T805-24)|T805-26 RSU J6|Connection Intermittent|WS20
RADIO QS4|RSU - REMOTE SITE UNIT/SIMULCAST MODULE (T805-24)|T805-26 RSU J6|No power|WS20
RADIO QS4|RSU - REMOTE SITE UNIT/SIMULCAST MODULE (T805-24)|T805-26 RSU J6|Cable loose|WS20
RADIO QS4|RSU - REMOTE SITE UNIT/SIMULCAST MODULE (T805-24)|T805-26 RSU J6|No voice|WS20
RADIO QS4|RSU - REMOTE SITE UNIT/SIMULCAST MODULE (T805-24)|T805-26 RSU J6|System mulfunction|WS20
RADIO QS4|RSU - REMOTE SITE UNIT/SIMULCAST MODULE (T805-24)|T805-26 RSU J6|No connection|WS20
RADIO QS4|RSU - REMOTE SITE UNIT/SIMULCAST MODULE (T805-24)|T805-26 RSU J6|Voice intermittent|WS20
RADIO QS5|RSU - REMOTE SITE UNIT/SIMULCAST MODULE (T805-24)|T805-26 RSU J414|System intermittent|WS20
RADIO QS5|RSU - REMOTE SITE UNIT/SIMULCAST MODULE (T805-24)|T805-26 RSU J414|Charger broken|WS20
RADIO QS5|RSU - REMOTE SITE UNIT/SIMULCAST MODULE (T805-24)|T805-26 RSU J414|Button radio broken|WS20
RADIO QS5|RSU - REMOTE SITE UNIT/SIMULCAST MODULE (T805-24)|T805-26 RSU J414|Battery issue|WS20
RADIO QS5|RSU - REMOTE SITE UNIT/SIMULCAST MODULE (T805-24)|T805-26 RSU J414|Charger port problem|WS20
RADIO QS5|RSU - REMOTE SITE UNIT/SIMULCAST MODULE (T805-24)|T805-26 RSU J414|Connection Intermittent|WS20
RADIO QS5|RSU - REMOTE SITE UNIT/SIMULCAST MODULE (T805-24)|T805-26 RSU J414|No power|WS20
RADIO QS5|RSU - REMOTE SITE UNIT/SIMULCAST MODULE (T805-24)|T805-26 RSU J414|Cable loose|WS20
RADIO QS5|RSU - REMOTE SITE UNIT/SIMULCAST MODULE (T805-24)|T805-26 RSU J414|No voice|WS20
RADIO QS5|RSU - REMOTE SITE UNIT/SIMULCAST MODULE (T805-24)|T805-26 RSU J414|System mulfunction|WS20
RADIO QS5|RSU - REMOTE SITE UNIT/SIMULCAST MODULE (T805-24)|T805-26 RSU J414|No connection|WS20
RADIO QS5|RSU - REMOTE SITE UNIT/SIMULCAST MODULE (T805-24)|T805-26 RSU J414|Voice intermittent|WS20
RADIO QS6|RSU - REMOTE SITE UNIT/SIMULCAST MODULE (T805-24)|T805-26 RSU J7|System intermittent|WS20
RADIO QS6|RSU - REMOTE SITE UNIT/SIMULCAST MODULE (T805-24)|T805-26 RSU J7|Charger broken|WS20
RADIO QS6|RSU - REMOTE SITE UNIT/SIMULCAST MODULE (T805-24)|T805-26 RSU J7|Button radio broken|WS20
RADIO QS6|RSU - REMOTE SITE UNIT/SIMULCAST MODULE (T805-24)|T805-26 RSU J7|Battery issue|WS20
RADIO QS6|RSU - REMOTE SITE UNIT/SIMULCAST MODULE (T805-24)|T805-26 RSU J7|Charger port problem|WS20
RADIO QS6|RSU - REMOTE SITE UNIT/SIMULCAST MODULE (T805-24)|T805-26 RSU J7|Connection Intermittent|WS20
RADIO QS6|RSU - REMOTE SITE UNIT/SIMULCAST MODULE (T805-24)|T805-26 RSU J7|No power|WS20
RADIO QS6|RSU - REMOTE SITE UNIT/SIMULCAST MODULE (T805-24)|T805-26 RSU J7|Cable loose|WS20
RADIO QS6|RSU - REMOTE SITE UNIT/SIMULCAST MODULE (T805-24)|T805-26 RSU J7|No voice|WS20
RADIO QS6|RSU - REMOTE SITE UNIT/SIMULCAST MODULE (T805-24)|T805-26 RSU J7|System mulfunction|WS20
RADIO QS6|RSU - REMOTE SITE UNIT/SIMULCAST MODULE (T805-24)|T805-26 RSU J7|No connection|WS20
RADIO QS6|RSU - REMOTE SITE UNIT/SIMULCAST MODULE (T805-24)|T805-26 RSU J7|Voice intermittent|WS20
RADIO QS7|RSU - REMOTE SITE UNIT/SIMULCAST MODULE (T805-24)|T805-26 RSU J8|System intermittent|WS20
RADIO QS7|RSU - REMOTE SITE UNIT/SIMULCAST MODULE (T805-24)|T805-26 RSU J8|Charger broken|WS20
RADIO QS7|RSU - REMOTE SITE UNIT/SIMULCAST MODULE (T805-24)|T805-26 RSU J8|Button radio broken|WS20
RADIO QS7|RSU - REMOTE SITE UNIT/SIMULCAST MODULE (T805-24)|T805-26 RSU J8|Battery issue|WS20
RADIO QS7|RSU - REMOTE SITE UNIT/SIMULCAST MODULE (T805-24)|T805-26 RSU J8|Charger port problem|WS20
RADIO QS7|RSU - REMOTE SITE UNIT/SIMULCAST MODULE (T805-24)|T805-26 RSU J8|Connection Intermittent|WS20
RADIO QS7|RSU - REMOTE SITE UNIT/SIMULCAST MODULE (T805-24)|T805-26 RSU J8|No power|WS20
RADIO QS7|RSU - REMOTE SITE UNIT/SIMULCAST MODULE (T805-24)|T805-26 RSU J8|Cable loose|WS20
RADIO QS7|RSU - REMOTE SITE UNIT/SIMULCAST MODULE (T805-24)|T805-26 RSU J8|No voice|WS20
RADIO QS7|RSU - REMOTE SITE UNIT/SIMULCAST MODULE (T805-24)|T805-26 RSU J8|System mulfunction|WS20
RADIO QS7|RSU - REMOTE SITE UNIT/SIMULCAST MODULE (T805-24)|T805-26 RSU J8|No connection|WS20
RADIO QS7|RSU - REMOTE SITE UNIT/SIMULCAST MODULE (T805-24)|T805-26 RSU J8|Voice intermittent|WS20
RADIO QS8|RSU - REMOTE SITE UNIT/SIMULCAST MODULE (T805-24)|T805-26 RSU J9|System intermittent|WS20
RADIO QS8|RSU - REMOTE SITE UNIT/SIMULCAST MODULE (T805-24)|T805-26 RSU J9|Charger broken|WS20
RADIO QS8|RSU - REMOTE SITE UNIT/SIMULCAST MODULE (T805-24)|T805-26 RSU J9|Button radio broken|WS20
RADIO QS8|RSU - REMOTE SITE UNIT/SIMULCAST MODULE (T805-24)|T805-26 RSU J9|Battery issue|WS20
RADIO QS8|RSU - REMOTE SITE UNIT/SIMULCAST MODULE (T805-24)|T805-26 RSU J9|Charger port problem|WS20
RADIO QS8|RSU - REMOTE SITE UNIT/SIMULCAST MODULE (T805-24)|T805-26 RSU J9|Connection Intermittent|WS20
RADIO QS8|RSU - REMOTE SITE UNIT/SIMULCAST MODULE (T805-24)|T805-26 RSU J9|No power|WS20
RADIO QS8|RSU - REMOTE SITE UNIT/SIMULCAST MODULE (T805-24)|T805-26 RSU J9|Cable loose|WS20
RADIO QS8|RSU - REMOTE SITE UNIT/SIMULCAST MODULE (T805-24)|T805-26 RSU J9|No voice|WS20
RADIO QS8|RSU - REMOTE SITE UNIT/SIMULCAST MODULE (T805-24)|T805-26 RSU J9|System mulfunction|WS20
RADIO QS8|RSU - REMOTE SITE UNIT/SIMULCAST MODULE (T805-24)|T805-26 RSU J9|No connection|WS20
RADIO QS8|RSU - REMOTE SITE UNIT/SIMULCAST MODULE (T805-24)|T805-26 RSU J9|Voice intermittent|WS20
RADIO QS9|NOTCH DUPLEXER MODULE|N Duplexfilter|System intermittent|WS20
RADIO QS9|NOTCH DUPLEXER MODULE|N Duplexfilter|Charger broken|WS20
RADIO QS9|NOTCH DUPLEXER MODULE|N Duplexfilter|Button radio broken|WS20
RADIO QS9|NOTCH DUPLEXER MODULE|N Duplexfilter|Battery issue|WS20
RADIO QS9|NOTCH DUPLEXER MODULE|N Duplexfilter|Charger port problem|WS20
RADIO QS9|NOTCH DUPLEXER MODULE|N Duplexfilter|Connection Intermittent|WS20
RADIO QS9|NOTCH DUPLEXER MODULE|N Duplexfilter|No power|WS20
RADIO QS9|NOTCH DUPLEXER MODULE|N Duplexfilter|Cable loose|WS20
RADIO QS9|NOTCH DUPLEXER MODULE|N Duplexfilter|No voice|WS20
RADIO QS9|NOTCH DUPLEXER MODULE|N Duplexfilter|System mulfunction|WS20
RADIO QS9|NOTCH DUPLEXER MODULE|N Duplexfilter|No connection|WS20
RADIO QS9|NOTCH DUPLEXER MODULE|N Duplexfilter|Voice intermittent|WS20
RADIO QS10|NOTCH DUPLEXER MODULE|N Duplexfilter|System intermittent|WS20
RADIO QS10|NOTCH DUPLEXER MODULE|N Duplexfilter|Charger broken|WS20
RADIO QS10|NOTCH DUPLEXER MODULE|N Duplexfilter|Button radio broken|WS20
RADIO QS10|NOTCH DUPLEXER MODULE|N Duplexfilter|Battery issue|WS20
RADIO QS10|NOTCH DUPLEXER MODULE|N Duplexfilter|Charger port problem|WS20
RADIO QS10|NOTCH DUPLEXER MODULE|N Duplexfilter|Connection Intermittent|WS20
RADIO QS10|NOTCH DUPLEXER MODULE|N Duplexfilter|No power|WS20
RADIO QS10|NOTCH DUPLEXER MODULE|N Duplexfilter|Cable loose|WS20
RADIO QS10|NOTCH DUPLEXER MODULE|N Duplexfilter|No voice|WS20
RADIO QS10|NOTCH DUPLEXER MODULE|N Duplexfilter|System mulfunction|WS20
RADIO QS10|NOTCH DUPLEXER MODULE|N Duplexfilter|No connection|WS20
RADIO QS10|NOTCH DUPLEXER MODULE|N Duplexfilter|Voice intermittent|WS20
RADIO QS11|GPS FREQUENCY REFERENCE MODULE (T801-41)|GPS|System intermittent|WS20
RADIO QS11|GPS FREQUENCY REFERENCE MODULE (T801-41)|GPS|Charger broken|WS20
RADIO QS11|GPS FREQUENCY REFERENCE MODULE (T801-41)|GPS|Button radio broken|WS20
RADIO QS11|GPS FREQUENCY REFERENCE MODULE (T801-41)|GPS|Battery issue|WS20
RADIO QS11|GPS FREQUENCY REFERENCE MODULE (T801-41)|GPS|Charger port problem|WS20
RADIO QS11|GPS FREQUENCY REFERENCE MODULE (T801-41)|GPS|Connection Intermittent|WS20
RADIO QS11|GPS FREQUENCY REFERENCE MODULE (T801-41)|GPS|No power|WS20
RADIO QS11|GPS FREQUENCY REFERENCE MODULE (T801-41)|GPS|Cable loose|WS20
RADIO QS11|GPS FREQUENCY REFERENCE MODULE (T801-41)|GPS|No voice|WS20
RADIO QS11|GPS FREQUENCY REFERENCE MODULE (T801-41)|GPS|System mulfunction|WS20
RADIO QS11|GPS FREQUENCY REFERENCE MODULE (T801-41)|GPS|No connection|WS20
RADIO QS11|GPS FREQUENCY REFERENCE MODULE (T801-41)|GPS|Voice intermittent|WS20
RADIO QS12|GPS FREQUENCY REFERENCE MODULE (T801-41)|Indicator|System intermittent|WS20
RADIO QS12|GPS FREQUENCY REFERENCE MODULE (T801-41)|Indicator|Charger broken|WS20
RADIO QS12|GPS FREQUENCY REFERENCE MODULE (T801-41)|Indicator|Button radio broken|WS20
RADIO QS12|GPS FREQUENCY REFERENCE MODULE (T801-41)|Indicator|Battery issue|WS20
RADIO QS12|GPS FREQUENCY REFERENCE MODULE (T801-41)|Indicator|Charger port problem|WS20
RADIO QS12|GPS FREQUENCY REFERENCE MODULE (T801-41)|Indicator|Connection Intermittent|WS20
RADIO QS12|GPS FREQUENCY REFERENCE MODULE (T801-41)|Indicator|No power|WS20
RADIO QS12|GPS FREQUENCY REFERENCE MODULE (T801-41)|Indicator|Cable loose|WS20
RADIO QS12|GPS FREQUENCY REFERENCE MODULE (T801-41)|Indicator|No voice|WS20
RADIO QS12|GPS FREQUENCY REFERENCE MODULE (T801-41)|Indicator|System mulfunction|WS20
RADIO QS12|GPS FREQUENCY REFERENCE MODULE (T801-41)|Indicator|No connection|WS20
RADIO QS12|GPS FREQUENCY REFERENCE MODULE (T801-41)|Indicator|Voice intermittent|WS20
RADIO QS13|GPS FREQUENCY REFERENCE MODULE (T801-41)|INCOMING SUPPLY|System intermittent|WS20
RADIO QS13|GPS FREQUENCY REFERENCE MODULE (T801-41)|INCOMING SUPPLY|Charger broken|WS20
RADIO QS13|GPS FREQUENCY REFERENCE MODULE (T801-41)|INCOMING SUPPLY|Button radio broken|WS20
RADIO QS13|GPS FREQUENCY REFERENCE MODULE (T801-41)|INCOMING SUPPLY|Battery issue|WS20
RADIO QS13|GPS FREQUENCY REFERENCE MODULE (T801-41)|INCOMING SUPPLY|Charger port problem|WS20
RADIO QS13|GPS FREQUENCY REFERENCE MODULE (T801-41)|INCOMING SUPPLY|Connection Intermittent|WS20
RADIO QS13|GPS FREQUENCY REFERENCE MODULE (T801-41)|INCOMING SUPPLY|No power|WS20
RADIO QS13|GPS FREQUENCY REFERENCE MODULE (T801-41)|INCOMING SUPPLY|Cable loose|WS20
RADIO QS13|GPS FREQUENCY REFERENCE MODULE (T801-41)|INCOMING SUPPLY|No voice|WS20
RADIO QS13|GPS FREQUENCY REFERENCE MODULE (T801-41)|INCOMING SUPPLY|System mulfunction|WS20
RADIO QS13|GPS FREQUENCY REFERENCE MODULE (T801-41)|INCOMING SUPPLY|No connection|WS20
RADIO QS13|GPS FREQUENCY REFERENCE MODULE (T801-41)|INCOMING SUPPLY|Voice intermittent|WS20
RADIO QS14|RADIO BASE STATION (RBS) MODULE (TB8100)|Front panel|System intermittent|WS20
RADIO QS14|RADIO BASE STATION (RBS) MODULE (TB8100)|Front panel|Charger broken|WS20
RADIO QS14|RADIO BASE STATION (RBS) MODULE (TB8100)|Front panel|Button radio broken|WS20
RADIO QS14|RADIO BASE STATION (RBS) MODULE (TB8100)|Front panel|Battery issue|WS20
RADIO QS14|RADIO BASE STATION (RBS) MODULE (TB8100)|Front panel|Charger port problem|WS20
RADIO QS14|RADIO BASE STATION (RBS) MODULE (TB8100)|Front panel|Connection Intermittent|WS20
RADIO QS14|RADIO BASE STATION (RBS) MODULE (TB8100)|Front panel|No power|WS20
RADIO QS14|RADIO BASE STATION (RBS) MODULE (TB8100)|Front panel|Cable loose|WS20
RADIO QS14|RADIO BASE STATION (RBS) MODULE (TB8100)|Front panel|No voice|WS20
RADIO QS14|RADIO BASE STATION (RBS) MODULE (TB8100)|Front panel|System mulfunction|WS20
RADIO QS14|RADIO BASE STATION (RBS) MODULE (TB8100)|Front panel|No connection|WS20
RADIO QS14|RADIO BASE STATION (RBS) MODULE (TB8100)|Front panel|Voice intermittent|WS20
RADIO QS15|RADIO BASE STATION (RBS) MODULE (TB8100)|Power supply (PMU)|System intermittent|WS20
RADIO QS15|RADIO BASE STATION (RBS) MODULE (TB8100)|Power supply (PMU)|Charger broken|WS20
RADIO QS15|RADIO BASE STATION (RBS) MODULE (TB8100)|Power supply (PMU)|Button radio broken|WS20
RADIO QS15|RADIO BASE STATION (RBS) MODULE (TB8100)|Power supply (PMU)|Battery issue|WS20
RADIO QS15|RADIO BASE STATION (RBS) MODULE (TB8100)|Power supply (PMU)|Charger port problem|WS20
RADIO QS15|RADIO BASE STATION (RBS) MODULE (TB8100)|Power supply (PMU)|Connection Intermittent|WS20
RADIO QS15|RADIO BASE STATION (RBS) MODULE (TB8100)|Power supply (PMU)|No power|WS20
RADIO QS15|RADIO BASE STATION (RBS) MODULE (TB8100)|Power supply (PMU)|Cable loose|WS20
RADIO QS15|RADIO BASE STATION (RBS) MODULE (TB8100)|Power supply (PMU)|No voice|WS20
RADIO QS15|RADIO BASE STATION (RBS) MODULE (TB8100)|Power supply (PMU)|System mulfunction|WS20
RADIO QS15|RADIO BASE STATION (RBS) MODULE (TB8100)|Power supply (PMU)|No connection|WS20
RADIO QS15|RADIO BASE STATION (RBS) MODULE (TB8100)|Power supply (PMU)|Voice intermittent|WS20
RADIO QS16|RADIO BASE STATION (RBS) MODULE (TB8100)|Power Amplifier|System intermittent|WS20
RADIO QS16|RADIO BASE STATION (RBS) MODULE (TB8100)|Power Amplifier|Charger broken|WS20
RADIO QS16|RADIO BASE STATION (RBS) MODULE (TB8100)|Power Amplifier|Button radio broken|WS20
RADIO QS16|RADIO BASE STATION (RBS) MODULE (TB8100)|Power Amplifier|Battery issue|WS20
RADIO QS16|RADIO BASE STATION (RBS) MODULE (TB8100)|Power Amplifier|Charger port problem|WS20
RADIO QS16|RADIO BASE STATION (RBS) MODULE (TB8100)|Power Amplifier|Connection Intermittent|WS20
RADIO QS16|RADIO BASE STATION (RBS) MODULE (TB8100)|Power Amplifier|No power|WS20
RADIO QS16|RADIO BASE STATION (RBS) MODULE (TB8100)|Power Amplifier|Cable loose|WS20
RADIO QS16|RADIO BASE STATION (RBS) MODULE (TB8100)|Power Amplifier|No voice|WS20
RADIO QS16|RADIO BASE STATION (RBS) MODULE (TB8100)|Power Amplifier|System mulfunction|WS20
RADIO QS16|RADIO BASE STATION (RBS) MODULE (TB8100)|Power Amplifier|No connection|WS20
RADIO QS16|RADIO BASE STATION (RBS) MODULE (TB8100)|Power Amplifier|Voice intermittent|WS20
RADIO QS17|RADIO BASE STATION (RBS) MODULE (TB8100)|Monitor Receiver|System intermittent|WS20
RADIO QS17|RADIO BASE STATION (RBS) MODULE (TB8100)|Monitor Receiver|Charger broken|WS20
RADIO QS17|RADIO BASE STATION (RBS) MODULE (TB8100)|Monitor Receiver|Button radio broken|WS20
RADIO QS17|RADIO BASE STATION (RBS) MODULE (TB8100)|Monitor Receiver|Battery issue|WS20
RADIO QS17|RADIO BASE STATION (RBS) MODULE (TB8100)|Monitor Receiver|Charger port problem|WS20
RADIO QS17|RADIO BASE STATION (RBS) MODULE (TB8100)|Monitor Receiver|Connection Intermittent|WS20
RADIO QS17|RADIO BASE STATION (RBS) MODULE (TB8100)|Monitor Receiver|No power|WS20
RADIO QS17|RADIO BASE STATION (RBS) MODULE (TB8100)|Monitor Receiver|Cable loose|WS20
RADIO QS17|RADIO BASE STATION (RBS) MODULE (TB8100)|Monitor Receiver|No voice|WS20
RADIO QS17|RADIO BASE STATION (RBS) MODULE (TB8100)|Monitor Receiver|System mulfunction|WS20
RADIO QS17|RADIO BASE STATION (RBS) MODULE (TB8100)|Monitor Receiver|No connection|WS20
RADIO QS17|RADIO BASE STATION (RBS) MODULE (TB8100)|Monitor Receiver|Voice intermittent|WS20
RADIO QS18|RADIO BASE STATION (RBS) MODULE (TB8100)|Reciter|System intermittent|WS20
RADIO QS18|RADIO BASE STATION (RBS) MODULE (TB8100)|Reciter|Charger broken|WS20
RADIO QS18|RADIO BASE STATION (RBS) MODULE (TB8100)|Reciter|Button radio broken|WS20
RADIO QS18|RADIO BASE STATION (RBS) MODULE (TB8100)|Reciter|Battery issue|WS20
RADIO QS18|RADIO BASE STATION (RBS) MODULE (TB8100)|Reciter|Charger port problem|WS20
RADIO QS18|RADIO BASE STATION (RBS) MODULE (TB8100)|Reciter|Connection Intermittent|WS20
RADIO QS18|RADIO BASE STATION (RBS) MODULE (TB8100)|Reciter|No power|WS20
RADIO QS18|RADIO BASE STATION (RBS) MODULE (TB8100)|Reciter|Cable loose|WS20
RADIO QS18|RADIO BASE STATION (RBS) MODULE (TB8100)|Reciter|No voice|WS20
RADIO QS18|RADIO BASE STATION (RBS) MODULE (TB8100)|Reciter|System mulfunction|WS20
RADIO QS18|RADIO BASE STATION (RBS) MODULE (TB8100)|Reciter|No connection|WS20
RADIO QS18|RADIO BASE STATION (RBS) MODULE (TB8100)|Reciter|Voice intermittent|WS20
RADIO QS19|RADIO BASE STATION (RBS) MODULE (TB8100)|Coxial Relay|System intermittent|WS20
RADIO QS19|RADIO BASE STATION (RBS) MODULE (TB8100)|Coxial Relay|Charger broken|WS20
RADIO QS19|RADIO BASE STATION (RBS) MODULE (TB8100)|Coxial Relay|Button radio broken|WS20
RADIO QS19|RADIO BASE STATION (RBS) MODULE (TB8100)|Coxial Relay|Battery issue|WS20
RADIO QS19|RADIO BASE STATION (RBS) MODULE (TB8100)|Coxial Relay|Charger port problem|WS20
RADIO QS19|RADIO BASE STATION (RBS) MODULE (TB8100)|Coxial Relay|Connection Intermittent|WS20
RADIO QS19|RADIO BASE STATION (RBS) MODULE (TB8100)|Coxial Relay|No power|WS20
RADIO QS19|RADIO BASE STATION (RBS) MODULE (TB8100)|Coxial Relay|Cable loose|WS20
RADIO QS19|RADIO BASE STATION (RBS) MODULE (TB8100)|Coxial Relay|No voice|WS20
RADIO QS19|RADIO BASE STATION (RBS) MODULE (TB8100)|Coxial Relay|System mulfunction|WS20
RADIO QS19|RADIO BASE STATION (RBS) MODULE (TB8100)|Coxial Relay|No connection|WS20
RADIO QS19|RADIO BASE STATION (RBS) MODULE (TB8100)|Coxial Relay|Voice intermittent|WS20
RADIO QS20|RADIO BASE STATION (RBS) MODULE (TB8100)|NETWORK CABLE|System intermittent|WS20
RADIO QS20|RADIO BASE STATION (RBS) MODULE (TB8100)|NETWORK CABLE|Charger broken|WS20
RADIO QS20|RADIO BASE STATION (RBS) MODULE (TB8100)|NETWORK CABLE|Button radio broken|WS20
RADIO QS20|RADIO BASE STATION (RBS) MODULE (TB8100)|NETWORK CABLE|Battery issue|WS20
RADIO QS20|RADIO BASE STATION (RBS) MODULE (TB8100)|NETWORK CABLE|Charger port problem|WS20
RADIO QS20|RADIO BASE STATION (RBS) MODULE (TB8100)|NETWORK CABLE|Connection Intermittent|WS20
RADIO QS20|RADIO BASE STATION (RBS) MODULE (TB8100)|NETWORK CABLE|No power|WS20
RADIO QS20|RADIO BASE STATION (RBS) MODULE (TB8100)|NETWORK CABLE|Cable loose|WS20
RADIO QS20|RADIO BASE STATION (RBS) MODULE (TB8100)|NETWORK CABLE|No voice|WS20
RADIO QS20|RADIO BASE STATION (RBS) MODULE (TB8100)|NETWORK CABLE|System mulfunction|WS20
RADIO QS20|RADIO BASE STATION (RBS) MODULE (TB8100)|NETWORK CABLE|No connection|WS20
RADIO QS20|RADIO BASE STATION (RBS) MODULE (TB8100)|NETWORK CABLE|Voice intermittent|WS20
RADIO QS21|RADIO BASE STATION (RBS) MODULE (TB8100)|KRONE DISCONNECTION MODULE|System intermittent|WS20
RADIO QS21|RADIO BASE STATION (RBS) MODULE (TB8100)|KRONE DISCONNECTION MODULE|Charger broken|WS20
RADIO QS21|RADIO BASE STATION (RBS) MODULE (TB8100)|KRONE DISCONNECTION MODULE|Button radio broken|WS20
RADIO QS21|RADIO BASE STATION (RBS) MODULE (TB8100)|KRONE DISCONNECTION MODULE|Battery issue|WS20
RADIO QS21|RADIO BASE STATION (RBS) MODULE (TB8100)|KRONE DISCONNECTION MODULE|Charger port problem|WS20
RADIO QS21|RADIO BASE STATION (RBS) MODULE (TB8100)|KRONE DISCONNECTION MODULE|Connection Intermittent|WS20
RADIO QS21|RADIO BASE STATION (RBS) MODULE (TB8100)|KRONE DISCONNECTION MODULE|No power|WS20
RADIO QS21|RADIO BASE STATION (RBS) MODULE (TB8100)|KRONE DISCONNECTION MODULE|Cable loose|WS20
RADIO QS21|RADIO BASE STATION (RBS) MODULE (TB8100)|KRONE DISCONNECTION MODULE|No voice|WS20
RADIO QS21|RADIO BASE STATION (RBS) MODULE (TB8100)|KRONE DISCONNECTION MODULE|System mulfunction|WS20
RADIO QS21|RADIO BASE STATION (RBS) MODULE (TB8100)|KRONE DISCONNECTION MODULE|No connection|WS20
RADIO QS21|RADIO BASE STATION (RBS) MODULE (TB8100)|KRONE DISCONNECTION MODULE|Voice intermittent|WS20
RADIO QS22|VOTER MODULE|power supply redundant|System intermittent|WS20
RADIO QS22|VOTER MODULE|power supply redundant|Charger broken|WS20
RADIO QS22|VOTER MODULE|power supply redundant|Button radio broken|WS20
RADIO QS22|VOTER MODULE|power supply redundant|Battery issue|WS20
RADIO QS22|VOTER MODULE|power supply redundant|Charger port problem|WS20
RADIO QS22|VOTER MODULE|power supply redundant|Connection Intermittent|WS20
RADIO QS22|VOTER MODULE|power supply redundant|No power|WS20
RADIO QS22|VOTER MODULE|power supply redundant|Cable loose|WS20
RADIO QS22|VOTER MODULE|power supply redundant|No voice|WS20
RADIO QS22|VOTER MODULE|power supply redundant|System mulfunction|WS20
RADIO QS22|VOTER MODULE|power supply redundant|No connection|WS20
RADIO QS22|VOTER MODULE|power supply redundant|Voice intermittent|WS20
RADIO QS23|VOTER MODULE|Power Supply Modue 1A|System intermittent|WS20
RADIO QS23|VOTER MODULE|Power Supply Modue 1A|Charger broken|WS20
RADIO QS23|VOTER MODULE|Power Supply Modue 1A|Button radio broken|WS20
RADIO QS23|VOTER MODULE|Power Supply Modue 1A|Battery issue|WS20
RADIO QS23|VOTER MODULE|Power Supply Modue 1A|Charger port problem|WS20
RADIO QS23|VOTER MODULE|Power Supply Modue 1A|Connection Intermittent|WS20
RADIO QS23|VOTER MODULE|Power Supply Modue 1A|No power|WS20
RADIO QS23|VOTER MODULE|Power Supply Modue 1A|Cable loose|WS20
RADIO QS23|VOTER MODULE|Power Supply Modue 1A|No voice|WS20
RADIO QS23|VOTER MODULE|Power Supply Modue 1A|System mulfunction|WS20
RADIO QS23|VOTER MODULE|Power Supply Modue 1A|No connection|WS20
RADIO QS23|VOTER MODULE|Power Supply Modue 1A|Voice intermittent|WS20
RADIO QS24|VOTER MODULE|Power Supply Modue 1A|System intermittent|WS20
RADIO QS24|VOTER MODULE|Power Supply Modue 1A|Charger broken|WS20
RADIO QS24|VOTER MODULE|Power Supply Modue 1A|Button radio broken|WS20
RADIO QS24|VOTER MODULE|Power Supply Modue 1A|Battery issue|WS20
RADIO QS24|VOTER MODULE|Power Supply Modue 1A|Charger port problem|WS20
RADIO QS24|VOTER MODULE|Power Supply Modue 1A|Connection Intermittent|WS20
RADIO QS24|VOTER MODULE|Power Supply Modue 1A|No power|WS20
RADIO QS24|VOTER MODULE|Power Supply Modue 1A|Cable loose|WS20
RADIO QS24|VOTER MODULE|Power Supply Modue 1A|No voice|WS20
RADIO QS24|VOTER MODULE|Power Supply Modue 1A|System mulfunction|WS20
RADIO QS24|VOTER MODULE|Power Supply Modue 1A|No connection|WS20
RADIO QS24|VOTER MODULE|Power Supply Modue 1A|Voice intermittent|WS20
RADIO QS25|VOTER MODULE|Consule Interface Module (CIM-2A)|System intermittent|WS20
RADIO QS25|VOTER MODULE|Consule Interface Module (CIM-2A)|Charger broken|WS20
RADIO QS25|VOTER MODULE|Consule Interface Module (CIM-2A)|Button radio broken|WS20
RADIO QS25|VOTER MODULE|Consule Interface Module (CIM-2A)|Battery issue|WS20
RADIO QS25|VOTER MODULE|Consule Interface Module (CIM-2A)|Charger port problem|WS20
RADIO QS25|VOTER MODULE|Consule Interface Module (CIM-2A)|Connection Intermittent|WS20
RADIO QS25|VOTER MODULE|Consule Interface Module (CIM-2A)|No power|WS20
RADIO QS25|VOTER MODULE|Consule Interface Module (CIM-2A)|Cable loose|WS20
RADIO QS25|VOTER MODULE|Consule Interface Module (CIM-2A)|No voice|WS20
RADIO QS25|VOTER MODULE|Consule Interface Module (CIM-2A)|System mulfunction|WS20
RADIO QS25|VOTER MODULE|Consule Interface Module (CIM-2A)|No connection|WS20
RADIO QS25|VOTER MODULE|Consule Interface Module (CIM-2A)|Voice intermittent|WS20
RADIO QS26|VOTER MODULE|Control Processor Module (CPM-3)|System intermittent|WS20
RADIO QS26|VOTER MODULE|Control Processor Module (CPM-3)|Charger broken|WS20
RADIO QS26|VOTER MODULE|Control Processor Module (CPM-3)|Button radio broken|WS20
RADIO QS26|VOTER MODULE|Control Processor Module (CPM-3)|Battery issue|WS20
RADIO QS26|VOTER MODULE|Control Processor Module (CPM-3)|Charger port problem|WS20
RADIO QS26|VOTER MODULE|Control Processor Module (CPM-3)|Connection Intermittent|WS20
RADIO QS26|VOTER MODULE|Control Processor Module (CPM-3)|No power|WS20
RADIO QS26|VOTER MODULE|Control Processor Module (CPM-3)|Cable loose|WS20
RADIO QS26|VOTER MODULE|Control Processor Module (CPM-3)|No voice|WS20
RADIO QS26|VOTER MODULE|Control Processor Module (CPM-3)|System mulfunction|WS20
RADIO QS26|VOTER MODULE|Control Processor Module (CPM-3)|No connection|WS20
RADIO QS26|VOTER MODULE|Control Processor Module (CPM-3)|Voice intermittent|WS20
RADIO QS27|VOTER MODULE|Signal Voter Module (SVM 2)|System intermittent|WS20
RADIO QS27|VOTER MODULE|Signal Voter Module (SVM 2)|Charger broken|WS20
RADIO QS27|VOTER MODULE|Signal Voter Module (SVM 2)|Button radio broken|WS20
RADIO QS27|VOTER MODULE|Signal Voter Module (SVM 2)|Battery issue|WS20
RADIO QS27|VOTER MODULE|Signal Voter Module (SVM 2)|Charger port problem|WS20
RADIO QS27|VOTER MODULE|Signal Voter Module (SVM 2)|Connection Intermittent|WS20
RADIO QS27|VOTER MODULE|Signal Voter Module (SVM 2)|No power|WS20
RADIO QS27|VOTER MODULE|Signal Voter Module (SVM 2)|Cable loose|WS20
RADIO QS27|VOTER MODULE|Signal Voter Module (SVM 2)|No voice|WS20
RADIO QS27|VOTER MODULE|Signal Voter Module (SVM 2)|System mulfunction|WS20
RADIO QS27|VOTER MODULE|Signal Voter Module (SVM 2)|No connection|WS20
RADIO QS27|VOTER MODULE|Signal Voter Module (SVM 2)|Voice intermittent|WS20
RADIO QS28|VOTER MODULE|Audio Signal Processor (ASP card)|System intermittent|WS20
RADIO QS28|VOTER MODULE|Audio Signal Processor (ASP card)|Charger broken|WS20
RADIO QS28|VOTER MODULE|Audio Signal Processor (ASP card)|Button radio broken|WS20
RADIO QS28|VOTER MODULE|Audio Signal Processor (ASP card)|Battery issue|WS20
RADIO QS28|VOTER MODULE|Audio Signal Processor (ASP card)|Charger port problem|WS20
RADIO QS28|VOTER MODULE|Audio Signal Processor (ASP card)|Connection Intermittent|WS20
RADIO QS28|VOTER MODULE|Audio Signal Processor (ASP card)|No power|WS20
RADIO QS28|VOTER MODULE|Audio Signal Processor (ASP card)|Cable loose|WS20
RADIO QS28|VOTER MODULE|Audio Signal Processor (ASP card)|No voice|WS20
RADIO QS28|VOTER MODULE|Audio Signal Processor (ASP card)|System mulfunction|WS20
RADIO QS28|VOTER MODULE|Audio Signal Processor (ASP card)|No connection|WS20
RADIO QS28|VOTER MODULE|Audio Signal Processor (ASP card)|Voice intermittent|WS20
RADIO QS29|VOTER MODULE|Krone Block|System intermittent|WS20
RADIO QS29|VOTER MODULE|Krone Block|Charger broken|WS20
RADIO QS29|VOTER MODULE|Krone Block|Button radio broken|WS20
RADIO QS29|VOTER MODULE|Krone Block|Battery issue|WS20
RADIO QS29|VOTER MODULE|Krone Block|Charger port problem|WS20
RADIO QS29|VOTER MODULE|Krone Block|Connection Intermittent|WS20
RADIO QS29|VOTER MODULE|Krone Block|No power|WS20
RADIO QS29|VOTER MODULE|Krone Block|Cable loose|WS20
RADIO QS29|VOTER MODULE|Krone Block|No voice|WS20
RADIO QS29|VOTER MODULE|Krone Block|System mulfunction|WS20
RADIO QS29|VOTER MODULE|Krone Block|No connection|WS20
RADIO QS29|VOTER MODULE|Krone Block|Voice intermittent|WS20
RADIO QS30|VOTER MODULE|Backplane board|System intermittent|WS20
RADIO QS30|VOTER MODULE|Backplane board|Charger broken|WS20
RADIO QS30|VOTER MODULE|Backplane board|Button radio broken|WS20
RADIO QS30|VOTER MODULE|Backplane board|Battery issue|WS20
RADIO QS30|VOTER MODULE|Backplane board|Charger port problem|WS20
RADIO QS30|VOTER MODULE|Backplane board|Connection Intermittent|WS20
RADIO QS30|VOTER MODULE|Backplane board|No power|WS20
RADIO QS30|VOTER MODULE|Backplane board|Cable loose|WS20
RADIO QS30|VOTER MODULE|Backplane board|No voice|WS20
RADIO QS30|VOTER MODULE|Backplane board|System mulfunction|WS20
RADIO QS30|VOTER MODULE|Backplane board|No connection|WS20
RADIO QS30|VOTER MODULE|Backplane board|Voice intermittent|WS20
RADIO QS31|VOTER MODULE|Backplane board|System intermittent|WS20
RADIO QS31|VOTER MODULE|Backplane board|Charger broken|WS20
RADIO QS31|VOTER MODULE|Backplane board|Button radio broken|WS20
RADIO QS31|VOTER MODULE|Backplane board|Battery issue|WS20
RADIO QS31|VOTER MODULE|Backplane board|Charger port problem|WS20
RADIO QS31|VOTER MODULE|Backplane board|Connection Intermittent|WS20
RADIO QS31|VOTER MODULE|Backplane board|No power|WS20
RADIO QS31|VOTER MODULE|Backplane board|Cable loose|WS20
RADIO QS31|VOTER MODULE|Backplane board|No voice|WS20
RADIO QS31|VOTER MODULE|Backplane board|System mulfunction|WS20
RADIO QS31|VOTER MODULE|Backplane board|No connection|WS20
RADIO QS31|VOTER MODULE|Backplane board|Voice intermittent|WS20
RADIO QS32|VMU Console MODULE|RADIO BASE CONSOLE|System intermittent|WS20
RADIO QS32|VMU Console MODULE|RADIO BASE CONSOLE|Charger broken|WS20
RADIO QS32|VMU Console MODULE|RADIO BASE CONSOLE|Button radio broken|WS20
RADIO QS32|VMU Console MODULE|RADIO BASE CONSOLE|Battery issue|WS20
RADIO QS32|VMU Console MODULE|RADIO BASE CONSOLE|Charger port problem|WS20
RADIO QS32|VMU Console MODULE|RADIO BASE CONSOLE|Connection Intermittent|WS20
RADIO QS32|VMU Console MODULE|RADIO BASE CONSOLE|No power|WS20
RADIO QS32|VMU Console MODULE|RADIO BASE CONSOLE|Cable loose|WS20
RADIO QS32|VMU Console MODULE|RADIO BASE CONSOLE|No voice|WS20
RADIO QS32|VMU Console MODULE|RADIO BASE CONSOLE|System mulfunction|WS20
RADIO QS32|VMU Console MODULE|RADIO BASE CONSOLE|No connection|WS20
RADIO QS32|VMU Console MODULE|RADIO BASE CONSOLE|Voice intermittent|WS20
RADIO QS33|VMU Console MODULE|RADIO BASE CONSOLE|System intermittent|WS20
RADIO QS33|VMU Console MODULE|RADIO BASE CONSOLE|Charger broken|WS20
RADIO QS33|VMU Console MODULE|RADIO BASE CONSOLE|Button radio broken|WS20
RADIO QS33|VMU Console MODULE|RADIO BASE CONSOLE|Battery issue|WS20
RADIO QS33|VMU Console MODULE|RADIO BASE CONSOLE|Charger port problem|WS20
RADIO QS33|VMU Console MODULE|RADIO BASE CONSOLE|Connection Intermittent|WS20
RADIO QS33|VMU Console MODULE|RADIO BASE CONSOLE|No power|WS20
RADIO QS33|VMU Console MODULE|RADIO BASE CONSOLE|Cable loose|WS20
RADIO QS33|VMU Console MODULE|RADIO BASE CONSOLE|No voice|WS20
RADIO QS33|VMU Console MODULE|RADIO BASE CONSOLE|System mulfunction|WS20
RADIO QS33|VMU Console MODULE|RADIO BASE CONSOLE|No connection|WS20
RADIO QS33|VMU Console MODULE|RADIO BASE CONSOLE|Voice intermittent|WS20
RADIO QS34|ANTENNA|GPS Antenna|System intermittent|WS20
RADIO QS34|ANTENNA|GPS Antenna|Charger broken|WS20
RADIO QS34|ANTENNA|GPS Antenna|Button radio broken|WS20
RADIO QS34|ANTENNA|GPS Antenna|Battery issue|WS20
RADIO QS34|ANTENNA|GPS Antenna|Charger port problem|WS20
RADIO QS34|ANTENNA|GPS Antenna|Connection Intermittent|WS20
RADIO QS34|ANTENNA|GPS Antenna|No power|WS20
RADIO QS34|ANTENNA|GPS Antenna|Cable loose|WS20
RADIO QS34|ANTENNA|GPS Antenna|No voice|WS20
RADIO QS34|ANTENNA|GPS Antenna|System mulfunction|WS20
RADIO QS34|ANTENNA|GPS Antenna|No connection|WS20
RADIO QS34|ANTENNA|GPS Antenna|Voice intermittent|WS20
RADIO QS35|ANTENNA|Collinear Antenna|System intermittent|WS20
RADIO QS35|ANTENNA|Collinear Antenna|Charger broken|WS20
RADIO QS35|ANTENNA|Collinear Antenna|Button radio broken|WS20
RADIO QS35|ANTENNA|Collinear Antenna|Battery issue|WS20
RADIO QS35|ANTENNA|Collinear Antenna|Charger port problem|WS20
RADIO QS35|ANTENNA|Collinear Antenna|Connection Intermittent|WS20
RADIO QS35|ANTENNA|Collinear Antenna|No power|WS20
RADIO QS35|ANTENNA|Collinear Antenna|Cable loose|WS20
RADIO QS35|ANTENNA|Collinear Antenna|No voice|WS20
RADIO QS35|ANTENNA|Collinear Antenna|System mulfunction|WS20
RADIO QS35|ANTENNA|Collinear Antenna|No connection|WS20
RADIO QS35|ANTENNA|Collinear Antenna|Voice intermittent|WS20
RADIO QS36|ANTENNA|Meander Collinear Antenna|System intermittent|WS20
RADIO QS36|ANTENNA|Meander Collinear Antenna|Charger broken|WS20
RADIO QS36|ANTENNA|Meander Collinear Antenna|Button radio broken|WS20
RADIO QS36|ANTENNA|Meander Collinear Antenna|Battery issue|WS20
RADIO QS36|ANTENNA|Meander Collinear Antenna|Charger port problem|WS20
RADIO QS36|ANTENNA|Meander Collinear Antenna|Connection Intermittent|WS20
RADIO QS36|ANTENNA|Meander Collinear Antenna|No power|WS20
RADIO QS36|ANTENNA|Meander Collinear Antenna|Cable loose|WS20
RADIO QS36|ANTENNA|Meander Collinear Antenna|No voice|WS20
RADIO QS36|ANTENNA|Meander Collinear Antenna|System mulfunction|WS20
RADIO QS36|ANTENNA|Meander Collinear Antenna|No connection|WS20
RADIO QS36|ANTENNA|Meander Collinear Antenna|Voice intermittent|WS20
RADIO ELECTCOM|VMU Console MODULE|RADIO BASE CONSOLE|System intermittent|WS20
RADIO ELECTCOM|VMU Console MODULE|RADIO BASE CONSOLE|Charger broken|WS20
RADIO ELECTCOM|VMU Console MODULE|RADIO BASE CONSOLE|Button radio broken|WS20
RADIO ELECTCOM|VMU Console MODULE|RADIO BASE CONSOLE|Battery issue|WS20
RADIO ELECTCOM|VMU Console MODULE|RADIO BASE CONSOLE|Charger port problem|WS20
RADIO ELECTCOM|VMU Console MODULE|RADIO BASE CONSOLE|Connection Intermittent|WS20
RADIO ELECTCOM|VMU Console MODULE|RADIO BASE CONSOLE|No power|WS20
RADIO ELECTCOM|VMU Console MODULE|RADIO BASE CONSOLE|Cable loose|WS20
RADIO ELECTCOM|VMU Console MODULE|RADIO BASE CONSOLE|No voice|WS20
RADIO ELECTCOM|VMU Console MODULE|RADIO BASE CONSOLE|System mulfunction|WS20
RADIO ELECTCOM|VMU Console MODULE|RADIO BASE CONSOLE|No connection|WS20
RADIO ELECTCOM|VMU Console MODULE|RADIO BASE CONSOLE|Voice intermittent|WS20
RADIO ELECTCOM|VMU Console MODULE|RADIO BASE CONSOLE|System intermittent|WS20
RADIO ELECTCOM|VMU Console MODULE|RADIO BASE CONSOLE|Charger broken|WS20
RADIO ELECTCOM|VMU Console MODULE|RADIO BASE CONSOLE|Button radio broken|WS20
RADIO ELECTCOM|VMU Console MODULE|RADIO BASE CONSOLE|Battery issue|WS20
RADIO ELECTCOM|VMU Console MODULE|RADIO BASE CONSOLE|Charger port problem|WS20
RADIO ELECTCOM|VMU Console MODULE|RADIO BASE CONSOLE|Connection Intermittent|WS20
RADIO ELECTCOM|VMU Console MODULE|RADIO BASE CONSOLE|No power|WS20
RADIO ELECTCOM|VMU Console MODULE|RADIO BASE CONSOLE|Cable loose|WS20
RADIO ELECTCOM|VMU Console MODULE|RADIO BASE CONSOLE|No voice|WS20
RADIO ELECTCOM|VMU Console MODULE|RADIO BASE CONSOLE|System mulfunction|WS20
RADIO ELECTCOM|VMU Console MODULE|RADIO BASE CONSOLE|No connection|WS20
RADIO ELECTCOM|VMU Console MODULE|RADIO BASE CONSOLE|Voice intermittent|WS20
RADIO ELECTCOM|VMU Console MODULE|POWER SUPLY MODULE|System intermittent|WS20
RADIO ELECTCOM|VMU Console MODULE|POWER SUPLY MODULE|Charger broken|WS20
RADIO ELECTCOM|VMU Console MODULE|POWER SUPLY MODULE|Button radio broken|WS20
RADIO ELECTCOM|VMU Console MODULE|POWER SUPLY MODULE|Battery issue|WS20
RADIO ELECTCOM|VMU Console MODULE|POWER SUPLY MODULE|Charger port problem|WS20
RADIO ELECTCOM|VMU Console MODULE|POWER SUPLY MODULE|Connection Intermittent|WS20
RADIO ELECTCOM|VMU Console MODULE|POWER SUPLY MODULE|No power|WS20
RADIO ELECTCOM|VMU Console MODULE|POWER SUPLY MODULE|Cable loose|WS20
RADIO ELECTCOM|VMU Console MODULE|POWER SUPLY MODULE|No voice|WS20
RADIO ELECTCOM|VMU Console MODULE|POWER SUPLY MODULE|System mulfunction|WS20
RADIO ELECTCOM|VMU Console MODULE|POWER SUPLY MODULE|No connection|WS20
RADIO ELECTCOM|VMU Console MODULE|POWER SUPLY MODULE|Voice intermittent|WS20
RADIO ELECTCOM|VMU Console MODULE|POWER SUPLY MODULE|System intermittent|WS20
RADIO ELECTCOM|VMU Console MODULE|POWER SUPLY MODULE|Charger broken|WS20
RADIO ELECTCOM|VMU Console MODULE|POWER SUPLY MODULE|Button radio broken|WS20
RADIO ELECTCOM|VMU Console MODULE|POWER SUPLY MODULE|Battery issue|WS20
RADIO ELECTCOM|VMU Console MODULE|POWER SUPLY MODULE|Charger port problem|WS20
RADIO ELECTCOM|VMU Console MODULE|POWER SUPLY MODULE|Connection Intermittent|WS20
RADIO ELECTCOM|VMU Console MODULE|POWER SUPLY MODULE|No power|WS20
RADIO ELECTCOM|VMU Console MODULE|POWER SUPLY MODULE|Cable loose|WS20
RADIO ELECTCOM|VMU Console MODULE|POWER SUPLY MODULE|No voice|WS20
RADIO ELECTCOM|VMU Console MODULE|POWER SUPLY MODULE|System mulfunction|WS20
RADIO ELECTCOM|VMU Console MODULE|POWER SUPLY MODULE|No connection|WS20
RADIO ELECTCOM|VMU Console MODULE|POWER SUPLY MODULE|Voice intermittent|WS20
RADIO QS2|RADIO BASE STATION (RBS) MODULE (TB8100)|RADIO BASE|System intermittent|WS20
RADIO QS2|RADIO BASE STATION (RBS) MODULE (TB8100)|RADIO BASE|Charger broken|WS20
RADIO QS2|RADIO BASE STATION (RBS) MODULE (TB8100)|RADIO BASE|Button radio broken|WS20
RADIO QS2|RADIO BASE STATION (RBS) MODULE (TB8100)|RADIO BASE|Battery issue|WS20
RADIO QS2|RADIO BASE STATION (RBS) MODULE (TB8100)|RADIO BASE|Charger port problem|WS20
RADIO QS2|RADIO BASE STATION (RBS) MODULE (TB8100)|RADIO BASE|Connection Intermittent|WS20
RADIO QS2|RADIO BASE STATION (RBS) MODULE (TB8100)|RADIO BASE|No power|WS20
RADIO QS2|RADIO BASE STATION (RBS) MODULE (TB8100)|RADIO BASE|Cable loose|WS20
RADIO QS2|RADIO BASE STATION (RBS) MODULE (TB8100)|RADIO BASE|No voice|WS20
RADIO QS2|RADIO BASE STATION (RBS) MODULE (TB8100)|RADIO BASE|System mulfunction|WS20
RADIO QS2|RADIO BASE STATION (RBS) MODULE (TB8100)|RADIO BASE|No connection|WS20
RADIO QS2|RADIO BASE STATION (RBS) MODULE (TB8100)|RADIO BASE|Voice intermittent|WS20
RADIO QS2|RADIO BASE STATION (RBS) MODULE (TB8100)|RADIO BASE|System intermittent|WS20
RADIO QS2|RADIO BASE STATION (RBS) MODULE (TB8100)|RADIO BASE|Charger broken|WS20
RADIO QS2|RADIO BASE STATION (RBS) MODULE (TB8100)|RADIO BASE|Button radio broken|WS20
RADIO QS2|RADIO BASE STATION (RBS) MODULE (TB8100)|RADIO BASE|Battery issue|WS20
RADIO QS2|RADIO BASE STATION (RBS) MODULE (TB8100)|RADIO BASE|Charger port problem|WS20
RADIO QS2|RADIO BASE STATION (RBS) MODULE (TB8100)|RADIO BASE|Connection Intermittent|WS20
RADIO QS2|RADIO BASE STATION (RBS) MODULE (TB8100)|RADIO BASE|No power|WS20
RADIO QS2|RADIO BASE STATION (RBS) MODULE (TB8100)|RADIO BASE|Cable loose|WS20
RADIO QS2|RADIO BASE STATION (RBS) MODULE (TB8100)|RADIO BASE|No voice|WS20
RADIO QS2|RADIO BASE STATION (RBS) MODULE (TB8100)|RADIO BASE|System mulfunction|WS20
RADIO QS2|RADIO BASE STATION (RBS) MODULE (TB8100)|RADIO BASE|No connection|WS20
RADIO QS2|RADIO BASE STATION (RBS) MODULE (TB8100)|RADIO BASE|Voice intermittent|WS20
RADIO QS2|RADIO BASE STATION (RBS) MODULE (TB8100)|RADIO BASE|System intermittent|WS20
RADIO QS2|RADIO BASE STATION (RBS) MODULE (TB8100)|RADIO BASE|Charger broken|WS20
RADIO QS2|RADIO BASE STATION (RBS) MODULE (TB8100)|RADIO BASE|Button radio broken|WS20
RADIO QS2|RADIO BASE STATION (RBS) MODULE (TB8100)|RADIO BASE|Battery issue|WS20
RADIO QS2|RADIO BASE STATION (RBS) MODULE (TB8100)|RADIO BASE|Charger port problem|WS20
RADIO QS2|RADIO BASE STATION (RBS) MODULE (TB8100)|RADIO BASE|Connection Intermittent|WS20
RADIO QS2|RADIO BASE STATION (RBS) MODULE (TB8100)|RADIO BASE|No power|WS20
RADIO QS2|RADIO BASE STATION (RBS) MODULE (TB8100)|RADIO BASE|Cable loose|WS20
RADIO QS2|RADIO BASE STATION (RBS) MODULE (TB8100)|RADIO BASE|No voice|WS20
RADIO QS2|RADIO BASE STATION (RBS) MODULE (TB8100)|RADIO BASE|System mulfunction|WS20
RADIO QS2|RADIO BASE STATION (RBS) MODULE (TB8100)|RADIO BASE|No connection|WS20
RADIO QS2|RADIO BASE STATION (RBS) MODULE (TB8100)|RADIO BASE|Voice intermittent|WS20
RADIO QS2|GPS FREQUENCY REFERENCE MODULE (T801-41)|GPS|System intermittent|WS20
RADIO QS2|GPS FREQUENCY REFERENCE MODULE (T801-41)|GPS|Charger broken|WS20
RADIO QS2|GPS FREQUENCY REFERENCE MODULE (T801-41)|GPS|Button radio broken|WS20
RADIO QS2|GPS FREQUENCY REFERENCE MODULE (T801-41)|GPS|Battery issue|WS20
RADIO QS2|GPS FREQUENCY REFERENCE MODULE (T801-41)|GPS|Charger port problem|WS20
RADIO QS2|GPS FREQUENCY REFERENCE MODULE (T801-41)|GPS|Connection Intermittent|WS20
RADIO QS2|GPS FREQUENCY REFERENCE MODULE (T801-41)|GPS|No power|WS20
RADIO QS2|GPS FREQUENCY REFERENCE MODULE (T801-41)|GPS|Cable loose|WS20
RADIO QS2|GPS FREQUENCY REFERENCE MODULE (T801-41)|GPS|No voice|WS20
RADIO QS2|GPS FREQUENCY REFERENCE MODULE (T801-41)|GPS|System mulfunction|WS20
RADIO QS2|GPS FREQUENCY REFERENCE MODULE (T801-41)|GPS|No connection|WS20
RADIO QS2|GPS FREQUENCY REFERENCE MODULE (T801-41)|GPS|Voice intermittent|WS20
VIDEO WALL|DISPLAY VIEW MONITORING|PROJECTOR (OCC)|Videowall hang|WS20
VIDEO WALL|DISPLAY VIEW MONITORING|PROJECTOR (OCC)|Burnt bulb|WS20
VIDEO WALL|DISPLAY VIEW MONITORING|PROJECTOR (OCC)|View blank|WS20
VIDEO WALL|DISPLAY VIEW MONITORING|PROJECTOR (OCC)|Connector cable loose|WS20
VIDEO WALL|DISPLAY VIEW MONITORING|PROJECTOR (OCC)|No power|WS20
VIDEO WALL|DISPLAY VIEW MONITORING|PROJECTOR (OCC)|View blur|WS20
VIDEO WALL|DISPLAY VIEW MONITORING|PROJECTOR (OCC)|Extender mulfunction|WS20
VIDEO WALL|DISPLAY VIEW MONITORING|PROJECTOR (OCC)|MATRIX problem|WS20
VIDEO WALL|DISPLAY VIEW MONITORING|TV MONITOR DCC|Videowall hang|WS20
VIDEO WALL|DISPLAY VIEW MONITORING|TV MONITOR DCC|Burnt bulb|WS20
VIDEO WALL|DISPLAY VIEW MONITORING|TV MONITOR DCC|View blank|WS20
VIDEO WALL|DISPLAY VIEW MONITORING|TV MONITOR DCC|Connector cable loose|WS20
VIDEO WALL|DISPLAY VIEW MONITORING|TV MONITOR DCC|No power|WS20
VIDEO WALL|DISPLAY VIEW MONITORING|TV MONITOR DCC|View blur|WS20
VIDEO WALL|DISPLAY VIEW MONITORING|TV MONITOR DCC|Extender mulfunction|WS20
VIDEO WALL|DISPLAY VIEW MONITORING|TV MONITOR DCC|MATRIX problem|WS20
VIDEO WALL|DISPLAY VIEW MONITORING|Alten|Videowall hang|WS20
VIDEO WALL|DISPLAY VIEW MONITORING|Alten|Burnt bulb|WS20
VIDEO WALL|DISPLAY VIEW MONITORING|Alten|View blank|WS20
VIDEO WALL|DISPLAY VIEW MONITORING|Alten|Connector cable loose|WS20
VIDEO WALL|DISPLAY VIEW MONITORING|Alten|No power|WS20
VIDEO WALL|DISPLAY VIEW MONITORING|Alten|View blur|WS20
VIDEO WALL|DISPLAY VIEW MONITORING|Alten|Extender mulfunction|WS20
VIDEO WALL|DISPLAY VIEW MONITORING|Alten|MATRIX problem|WS20
Radio Base Channel|DISPLAY VIEW MONITORING|Alten|Power supply trip|WS20
Radio Base Channel|DISPLAY VIEW MONITORING|Alten|Faulty PSU|WS20
Radio Base Channel|DISPLAY VIEW MONITORING|Alten|Network switch failure|WS20
Radio Base Channel|DISPLAY VIEW MONITORING|Alten|IP conflict|WS20
Radio Base Channel|DISPLAY VIEW MONITORING|Alten|Fiber/SFP issue|WS20
Radio Base Channel|DISPLAY VIEW MONITORING|Alten|LAN cable degradation|WS20
Radio Base Channel|DISPLAY VIEW MONITORING|Alten|VLAN misconfiguration|WS20
Radio Base Channel|DISPLAY VIEW MONITORING|Alten|Amplifier failure|WS20
Radio Base Channel|DISPLAY VIEW MONITORING|Alten|Loose XLR/Audio cable|WS20
Radio Base Channel|DISPLAY VIEW MONITORING|Alten|Impedance mismatch|WS20
Desktop Mic|DISPLAY VIEW MONITORING|Alten|Power supply trip|WS20
Desktop Mic|DISPLAY VIEW MONITORING|Alten|Faulty PSU|WS20
Desktop Mic|DISPLAY VIEW MONITORING|Alten|Network switch failure|WS20
Desktop Mic|DISPLAY VIEW MONITORING|Alten|IP conflict|WS20
Desktop Mic|DISPLAY VIEW MONITORING|Alten|Fiber/SFP issue|WS20
Desktop Mic|DISPLAY VIEW MONITORING|Alten|LAN cable degradation|WS20
Desktop Mic|DISPLAY VIEW MONITORING|Alten|VLAN misconfiguration|WS20
Desktop Mic|DISPLAY VIEW MONITORING|Alten|Amplifier failure|WS20
Desktop Mic|DISPLAY VIEW MONITORING|Alten|Loose XLR/Audio cable|WS20
Desktop Mic|DISPLAY VIEW MONITORING|Alten|Impedance mismatch|WS20
Speaker|Amplified Speaker|Alten|Power supply trip|WS20
Speaker|Amplified Speaker|Alten|Faulty PSU|WS20
Speaker|Amplified Speaker|Alten|Network switch failure|WS20
Speaker|Amplified Speaker|Alten|IP conflict|WS20
Speaker|Amplified Speaker|Alten|Fiber/SFP issue|WS20
Speaker|Amplified Speaker|Alten|LAN cable degradation|WS20
Speaker|Amplified Speaker|Alten|VLAN misconfiguration|WS20
Speaker|Amplified Speaker|Alten|Amplifier failure|WS20
Speaker|Amplified Speaker|Alten|Loose XLR/Audio cable|WS20
Speaker|Amplified Speaker|Alten|Impedance mismatch|WS20
IPPA Paging Station|Gooseneck|Alten|Power supply trip|WS20
IPPA Paging Station|Gooseneck|Alten|Faulty PSU|WS20
IPPA Paging Station|Gooseneck|Alten|Network switch failure|WS20
IPPA Paging Station|Gooseneck|Alten|IP conflict|WS20
IPPA Paging Station|Gooseneck|Alten|Fiber/SFP issue|WS20
IPPA Paging Station|Gooseneck|Alten|LAN cable degradation|WS20
IPPA Paging Station|Gooseneck|Alten|VLAN misconfiguration|WS20
IPPA Paging Station|Gooseneck|Alten|Amplifier failure|WS20
IPPA Paging Station|Gooseneck|Alten|Loose XLR/Audio cable|WS20
IPPA Paging Station|Gooseneck|Alten|Impedance mismatch|WS20
PTT Amplifier Headset|Gooseneck|Alten|Power supply trip|WS20
PTT Amplifier Headset|Gooseneck|Alten|Faulty PSU|WS20
PTT Amplifier Headset|Gooseneck|Alten|Network switch failure|WS20
PTT Amplifier Headset|Gooseneck|Alten|IP conflict|WS20
PTT Amplifier Headset|Gooseneck|Alten|Fiber/SFP issue|WS20
PTT Amplifier Headset|Gooseneck|Alten|LAN cable degradation|WS20
PTT Amplifier Headset|Gooseneck|Alten|VLAN misconfiguration|WS20
PTT Amplifier Headset|Gooseneck|Alten|Amplifier failure|WS20
PTT Amplifier Headset|Gooseneck|Alten|Loose XLR/Audio cable|WS20
PTT Amplifier Headset|Gooseneck|Alten|Impedance mismatch|WS20
Acom Media Dock XS|Gooseneck|Alten|Power supply trip|WS20
Acom Media Dock XS|Gooseneck|Alten|Faulty PSU|WS20
Acom Media Dock XS|Gooseneck|Alten|Network switch failure|WS20
Acom Media Dock XS|Gooseneck|Alten|IP conflict|WS20
Acom Media Dock XS|Gooseneck|Alten|Fiber/SFP issue|WS20
Acom Media Dock XS|Gooseneck|Alten|LAN cable degradation|WS20
Acom Media Dock XS|Gooseneck|Alten|VLAN misconfiguration|WS20
Acom Media Dock XS|Gooseneck|Alten|Amplifier failure|WS20
Acom Media Dock XS|Gooseneck|Alten|Loose XLR/Audio cable|WS20
Acom Media Dock XS|Gooseneck|Alten|Impedance mismatch|WS20
Headset Jackbox, No Volume Control|Gooseneck|Alten|Power supply trip|WS20
Headset Jackbox, No Volume Control|Gooseneck|Alten|Faulty PSU|WS20
Headset Jackbox, No Volume Control|Gooseneck|Alten|Network switch failure|WS20
Headset Jackbox, No Volume Control|Gooseneck|Alten|IP conflict|WS20
Headset Jackbox, No Volume Control|Gooseneck|Alten|Fiber/SFP issue|WS20
Headset Jackbox, No Volume Control|Gooseneck|Alten|LAN cable degradation|WS20
Headset Jackbox, No Volume Control|Gooseneck|Alten|VLAN misconfiguration|WS20
Headset Jackbox, No Volume Control|Gooseneck|Alten|Amplifier failure|WS20
Headset Jackbox, No Volume Control|Gooseneck|Alten|Loose XLR/Audio cable|WS20
Headset Jackbox, No Volume Control|Gooseneck|Alten|Impedance mismatch|WS20
Netlog|Gooseneck|Alten|Power supply trip|WS20
Netlog|Gooseneck|Alten|Faulty PSU|WS20
Netlog|Gooseneck|Alten|Network switch failure|WS20
Netlog|Gooseneck|Alten|IP conflict|WS20
Netlog|Gooseneck|Alten|Fiber/SFP issue|WS20
Netlog|Gooseneck|Alten|LAN cable degradation|WS20
Netlog|Gooseneck|Alten|VLAN misconfiguration|WS20
Netlog|Gooseneck|Alten|Amplifier failure|WS20
Netlog|Gooseneck|Alten|Loose XLR/Audio cable|WS20
Netlog|Gooseneck|Alten|Impedance mismatch|WS20
Radio Gateway|Portable radio Motorola|Alten|Power supply trip|WS20
Radio Gateway|Portable radio Motorola|Alten|Faulty PSU|WS20
Radio Gateway|Portable radio Motorola|Alten|Network switch failure|WS20
Radio Gateway|Portable radio Motorola|Alten|IP conflict|WS20
Radio Gateway|Portable radio Motorola|Alten|Fiber/SFP issue|WS20
Radio Gateway|Portable radio Motorola|Alten|LAN cable degradation|WS20
Radio Gateway|Portable radio Motorola|Alten|VLAN misconfiguration|WS20
Radio Gateway|Portable radio Motorola|Alten|Amplifier failure|WS20
Radio Gateway|Portable radio Motorola|Alten|Loose XLR/Audio cable|WS20
Radio Gateway|Portable radio Motorola|Alten|Impedance mismatch|WS20
Storage SCADA|Portable radio Motorola|Alten|Power supply trip|WS20
Storage SCADA|Portable radio Motorola|Alten|Faulty PSU|WS20
Storage SCADA|Portable radio Motorola|Alten|Network switch failure|WS20
Storage SCADA|Portable radio Motorola|Alten|IP conflict|WS20
Storage SCADA|Portable radio Motorola|Alten|Fiber/SFP issue|WS20
Storage SCADA|Portable radio Motorola|Alten|LAN cable degradation|WS20
Storage SCADA|Portable radio Motorola|Alten|VLAN misconfiguration|WS20
Storage SCADA|Portable radio Motorola|Alten|Amplifier failure|WS20
Storage SCADA|Portable radio Motorola|Alten|Loose XLR/Audio cable|WS20
Storage SCADA|Portable radio Motorola|Alten|Impedance mismatch|WS20
CPU|Portable radio Motorola|Alten|Power supply trip|WS20
CPU|Portable radio Motorola|Alten|Faulty PSU|WS20
CPU|Portable radio Motorola|Alten|Network switch failure|WS20
CPU|Portable radio Motorola|Alten|IP conflict|WS20
CPU|Portable radio Motorola|Alten|Fiber/SFP issue|WS20
CPU|Portable radio Motorola|Alten|LAN cable degradation|WS20
CPU|Portable radio Motorola|Alten|VLAN misconfiguration|WS20
CPU|Portable radio Motorola|Alten|Amplifier failure|WS20
CPU|Portable radio Motorola|Alten|Loose XLR/Audio cable|WS20
CPU|Portable radio Motorola|Alten|Impedance mismatch|WS20
CPU|Portable radio Motorola|Alten|Power supply trip|WS20
CPU|Portable radio Motorola|Alten|Faulty PSU|WS20
CPU|Portable radio Motorola|Alten|Network switch failure|WS20
CPU|Portable radio Motorola|Alten|IP conflict|WS20
CPU|Portable radio Motorola|Alten|Fiber/SFP issue|WS20
CPU|Portable radio Motorola|Alten|LAN cable degradation|WS20
CPU|Portable radio Motorola|Alten|VLAN misconfiguration|WS20
CPU|Portable radio Motorola|Alten|Amplifier failure|WS20
CPU|Portable radio Motorola|Alten|Loose XLR/Audio cable|WS20
CPU|Portable radio Motorola|Alten|Impedance mismatch|WS20
KVM Network Switch (Transmitter)|Portable radio Motorola|Alten|Power supply trip|WS20
KVM Network Switch (Transmitter)|Portable radio Motorola|Alten|Faulty PSU|WS20
KVM Network Switch (Transmitter)|Portable radio Motorola|Alten|Network switch failure|WS20
KVM Network Switch (Transmitter)|Portable radio Motorola|Alten|IP conflict|WS20
KVM Network Switch (Transmitter)|Portable radio Motorola|Alten|Fiber/SFP issue|WS20
KVM Network Switch (Transmitter)|Portable radio Motorola|Alten|LAN cable degradation|WS20
KVM Network Switch (Transmitter)|Portable radio Motorola|Alten|VLAN misconfiguration|WS20
KVM Network Switch (Transmitter)|Portable radio Motorola|Alten|Amplifier failure|WS20
KVM Network Switch (Transmitter)|Portable radio Motorola|Alten|Loose XLR/Audio cable|WS20
KVM Network Switch (Transmitter)|Portable radio Motorola|Alten|Impedance mismatch|WS20
Monitor KVM Switch|Portable radio Motorola|Alten|Power supply trip|WS20
Monitor KVM Switch|Portable radio Motorola|Alten|Faulty PSU|WS20
Monitor KVM Switch|Portable radio Motorola|Alten|Network switch failure|WS20
Monitor KVM Switch|Portable radio Motorola|Alten|IP conflict|WS20
Monitor KVM Switch|Portable radio Motorola|Alten|Fiber/SFP issue|WS20
Monitor KVM Switch|Portable radio Motorola|Alten|LAN cable degradation|WS20
Monitor KVM Switch|Portable radio Motorola|Alten|VLAN misconfiguration|WS20
Monitor KVM Switch|Portable radio Motorola|Alten|Amplifier failure|WS20
Monitor KVM Switch|Portable radio Motorola|Alten|Loose XLR/Audio cable|WS20
Monitor KVM Switch|Portable radio Motorola|Alten|Impedance mismatch|WS20
KVM Converter Receiver|Portable radio Motorola|Alten|Power supply trip|WS20
KVM Converter Receiver|Portable radio Motorola|Alten|Faulty PSU|WS20
KVM Converter Receiver|Portable radio Motorola|Alten|Network switch failure|WS20
KVM Converter Receiver|Portable radio Motorola|Alten|IP conflict|WS20
KVM Converter Receiver|Portable radio Motorola|Alten|Fiber/SFP issue|WS20
KVM Converter Receiver|Portable radio Motorola|Alten|LAN cable degradation|WS20
KVM Converter Receiver|Portable radio Motorola|Alten|VLAN misconfiguration|WS20
KVM Converter Receiver|Portable radio Motorola|Alten|Amplifier failure|WS20
KVM Converter Receiver|Portable radio Motorola|Alten|Loose XLR/Audio cable|WS20
KVM Converter Receiver|Portable radio Motorola|Alten|Impedance mismatch|WS20
